model,img_idx,orig_idx,true_class,group,hook,delta_l2,dpc_0,dpc_1,dpc_2,secondary
D4LensPINN,0,11,2,e,H00_preprocess,0.0,0.0,0.0,0.0,False
D4LensPINN,0,11,2,e,H01_enc1,0.0,0.0,0.0,0.0,False
D4LensPINN,0,11,2,e,H02_enc2,0.0,0.0,0.0,0.0,False
D4LensPINN,0,11,2,e,H03_enc3,0.0,0.0,0.0,0.0,False
D4LensPINN,0,11,2,e,H04_bot,0.0,0.0,0.0,0.0,False
D4LensPINN,0,11,2,e,H08_kappa_out,0.0,0.0,0.0,0.0,False
D4LensPINN,0,11,2,e,H09_poisson,0.0,0.0,0.0,0.0,False
D4LensPINN,0,11,2,e,H10_deflection,0.0,0.0,0.0,0.0,False
D4LensPINN,0,11,2,e,H11_inv_lens,0.0,0.0,0.0,0.0,False
D4LensPINN,0,11,2,e,H12_HANDOFF,0.0,0.0,0.0,0.0,False
D4LensPINN,0,11,2,e,H12b_input_proj,0.0,0.0,0.0,0.0,False
D4LensPINN,0,11,2,e,H13_eff3,0.0,0.0,0.0,0.0,False
D4LensPINN,0,11,2,e,H13b_eff4,0.0,0.0,0.0,0.0,False
D4LensPINN,0,11,2,e,H14_eff5,0.0,0.0,0.0,0.0,False
D4LensPINN,0,11,2,e,H14b_eff6,0.0,0.0,0.0,0.0,False
D4LensPINN,0,11,2,e,H15_before_gap,0.0,0.0,0.0,0.0,False
D4LensPINN,0,11,2,e,H16_after_gap,0.0,0.0,0.0,0.0,False
D4LensPINN,0,11,2,e,H17_pre_linear,0.0,0.0,0.0,0.0,False
D4LensPINN,0,11,2,r90,H00_preprocess,3.7794299125671387,-0.2880687713623047,2.746650218963623,-2.580120086669922,False
D4LensPINN,0,11,2,r90,H01_enc1,3.7794299125671387,-0.2880687713623047,2.746650218963623,-2.580120086669922,False
D4LensPINN,0,11,2,r90,H02_enc2,4.0757269859313965,-1.0291028022766113,3.047369956970215,-2.503204822540283,False
D4LensPINN,0,11,2,r90,H03_enc3,0.5678642988204956,-0.5104727745056152,0.2290637493133545,0.09704232215881348,False
D4LensPINN,0,11,2,r90,H04_bot,0.5409573912620544,-0.48575830459594727,0.21629726886749268,0.09944486618041992,False
D4LensPINN,0,11,2,r90,H08_kappa_out,3.7794299125671387,-0.2880687713623047,2.746650218963623,-2.580120086669922,False
D4LensPINN,0,11,2,r90,H09_poisson,0.1681245118379593,-0.07369709014892578,0.12157368659973145,-0.08974647521972656,False
D4LensPINN,0,11,2,r90,H10_deflection,0.1681245118379593,-0.07369709014892578,0.12157368659973145,-0.08974647521972656,False
D4LensPINN,0,11,2,r90,H11_inv_lens,40.76362228393555,-26.718467712402344,-15.835619926452637,26.401317596435547,False
D4LensPINN,0,11,2,r90,H12_HANDOFF,2.990363597869873,-0.9312524795532227,2.3002474308013916,-1.6685038805007935,False
D4LensPINN,0,11,2,r90,H12b_input_proj,2.990363597869873,-0.9312524795532227,2.3002474308013916,-1.6685038805007935,False
D4LensPINN,0,11,2,r90,H13_eff3,2.990363597869873,-0.9312524795532227,2.3002474308013916,-1.6685038805007935,False
D4LensPINN,0,11,2,r90,H13b_eff4,2.990363597869873,-0.9312524795532227,2.3002474308013916,-1.6685038805007935,False
D4LensPINN,0,11,2,r90,H14_eff5,2.990363597869873,-0.9312524795532227,2.3002474308013916,-1.6685038805007935,False
D4LensPINN,0,11,2,r90,H14b_eff6,2.990363597869873,-0.9312524795532227,2.3002474308013916,-1.6685038805007935,False
D4LensPINN,0,11,2,r90,H15_before_gap,2.990363597869873,-0.9312524795532227,2.3002474308013916,-1.6685038805007935,False
D4LensPINN,0,11,2,r90,H16_after_gap,2.990363597869873,-0.9312524795532227,2.3002474308013916,-1.6685038805007935,False
D4LensPINN,0,11,2,r90,H17_pre_linear,2.990363597869873,-0.9312524795532227,2.3002474308013916,-1.6685038805007935,False
D4LensPINN,0,11,2,r180,H00_preprocess,0.9051448106765747,-0.18854093551635742,-0.41325950622558594,0.7829151153564453,False
D4LensPINN,0,11,2,r180,H01_enc1,0.9051448106765747,-0.18854093551635742,-0.41325950622558594,0.7829151153564453,False
D4LensPINN,0,11,2,r180,H02_enc2,0.6553296446800232,0.4143843650817871,-0.3239297866821289,0.3909118175506592,False
D4LensPINN,0,11,2,r180,H03_enc3,0.7395104169845581,0.1634531021118164,0.4983093738555908,-0.5213890075683594,False
D4LensPINN,0,11,2,r180,H04_bot,0.46423301100730896,-0.020804882049560547,0.37096941471099854,-0.2783184051513672,False
D4LensPINN,0,11,2,r180,H08_kappa_out,0.9051448106765747,-0.18854093551635742,-0.41325950622558594,0.7829151153564453,False
D4LensPINN,0,11,2,r180,H09_poisson,0.06551859527826309,-0.041817665100097656,0.04797172546386719,-0.015578269958496094,False
D4LensPINN,0,11,2,r180,H10_deflection,0.06551859527826309,-0.041817665100097656,0.04797172546386719,-0.015578269958496094,False
D4LensPINN,0,11,2,r180,H11_inv_lens,12.81518268585205,-7.857476711273193,-5.453668594360352,8.529152870178223,False
D4LensPINN,0,11,2,r180,H12_HANDOFF,2.4277193546295166,-1.0166831016540527,-1.1599671840667725,1.8747406005859375,False
D4LensPINN,0,11,2,r180,H12b_input_proj,2.4277193546295166,-1.0166831016540527,-1.1599671840667725,1.8747406005859375,False
D4LensPINN,0,11,2,r180,H13_eff3,2.4277193546295166,-1.0166831016540527,-1.1599671840667725,1.8747406005859375,False
D4LensPINN,0,11,2,r180,H13b_eff4,2.4277193546295166,-1.0166831016540527,-1.1599671840667725,1.8747406005859375,False
D4LensPINN,0,11,2,r180,H14_eff5,2.4277193546295166,-1.0166831016540527,-1.1599671840667725,1.8747406005859375,False
D4LensPINN,0,11,2,r180,H14b_eff6,2.4277193546295166,-1.0166831016540527,-1.1599671840667725,1.8747406005859375,False
D4LensPINN,0,11,2,r180,H15_before_gap,2.4277193546295166,-1.0166831016540527,-1.1599671840667725,1.8747406005859375,False
D4LensPINN,0,11,2,r180,H16_after_gap,2.4277193546295166,-1.0166831016540527,-1.1599671840667725,1.8747406005859375,False
D4LensPINN,0,11,2,r180,H17_pre_linear,2.4277193546295166,-1.0166831016540527,-1.1599671840667725,1.8747406005859375,False
D4LensPINN,0,11,2,r270,H00_preprocess,3.336867332458496,1.4546473026275635,1.672597050666809,-2.4942140579223633,False
D4LensPINN,0,11,2,r270,H01_enc1,3.336867332458496,1.4546473026275635,1.672597050666809,-2.4942140579223633,False
D4LensPINN,0,11,2,r270,H02_enc2,3.0133211612701416,1.3378117084503174,1.5082228183746338,-2.2395596504211426,False
D4LensPINN,0,11,2,r270,H03_enc3,0.3207971751689911,-0.28032636642456055,0.13450443744659424,0.07897162437438965,False
D4LensPINN,0,11,2,r270,H04_bot,0.33742639422416687,-0.2558612823486328,0.2196410894393921,-0.012221574783325195,False
D4LensPINN,0,11,2,r270,H08_kappa_out,3.336867332458496,1.4546473026275635,1.672597050666809,-2.4942140579223633,False
D4LensPINN,0,11,2,r270,H09_poisson,0.10529901832342148,0.06401443481445312,0.033602237701416016,-0.07655668258666992,False
D4LensPINN,0,11,2,r270,H10_deflection,0.10529901832342148,0.06401443481445312,0.033602237701416016,-0.07655668258666992,False
D4LensPINN,0,11,2,r270,H11_inv_lens,34.956451416015625,-21.796173095703125,-14.213739395141602,23.342021942138672,False
D4LensPINN,0,11,2,r270,H12_HANDOFF,1.9872690439224243,1.0397815704345703,0.873579204082489,-1.4508452415466309,False
D4LensPINN,0,11,2,r270,H12b_input_proj,1.9872690439224243,1.0397815704345703,0.873579204082489,-1.4508452415466309,False
D4LensPINN,0,11,2,r270,H13_eff3,1.9872690439224243,1.0397815704345703,0.873579204082489,-1.4508452415466309,False
D4LensPINN,0,11,2,r270,H13b_eff4,1.9872690439224243,1.0397815704345703,0.873579204082489,-1.4508452415466309,False
D4LensPINN,0,11,2,r270,H14_eff5,1.9872690439224243,1.0397815704345703,0.873579204082489,-1.4508452415466309,False
D4LensPINN,0,11,2,r270,H14b_eff6,1.9872690439224243,1.0397815704345703,0.873579204082489,-1.4508452415466309,False
D4LensPINN,0,11,2,r270,H15_before_gap,1.9872690439224243,1.0397815704345703,0.873579204082489,-1.4508452415466309,False
D4LensPINN,0,11,2,r270,H16_after_gap,1.9872690439224243,1.0397815704345703,0.873579204082489,-1.4508452415466309,False
D4LensPINN,0,11,2,r270,H17_pre_linear,1.9872690439224243,1.0397815704345703,0.873579204082489,-1.4508452415466309,False
D4LensPINN,0,11,2,flip_h,H00_preprocess,1.4474241733551025,-1.2046689987182617,0.03872847557067871,0.8014421463012695,False
D4LensPINN,0,11,2,flip_h,H01_enc1,1.4474241733551025,-1.2046689987182617,0.03872847557067871,0.8014421463012695,False
D4LensPINN,0,11,2,flip_h,H02_enc2,1.3344078063964844,-0.63311767578125,-0.5257816314697266,1.0504093170166016,False
D4LensPINN,0,11,2,flip_h,H03_enc3,0.6561781764030457,-0.5652899742126465,0.0026547908782958984,0.33318161964416504,False
D4LensPINN,0,11,2,flip_h,H04_bot,0.7183085680007935,-0.5844573974609375,-0.05584836006164551,0.4138329029083252,False
D4LensPINN,0,11,2,flip_h,H08_kappa_out,1.4474241733551025,-1.2046689987182617,0.03872847557067871,0.8014421463012695,False
D4LensPINN,0,11,2,flip_h,H09_poisson,0.15295185148715973,-0.037058353424072266,0.12105691432952881,-0.08582639694213867,False
D4LensPINN,0,11,2,flip_h,H10_deflection,0.15295185148715973,-0.037058353424072266,0.12105691432952881,-0.08582639694213867,False
D4LensPINN,0,11,2,flip_h,H11_inv_lens,9.830796241760254,-6.097473621368408,-4.113430976867676,6.522656440734863,False
D4LensPINN,0,11,2,flip_h,H12_HANDOFF,2.5533058643341064,-1.649139404296875,-0.7986953258514404,1.7781438827514648,False
D4LensPINN,0,11,2,flip_h,H12b_input_proj,2.5533058643341064,-1.649139404296875,-0.7986953258514404,1.7781438827514648,False
D4LensPINN,0,11,2,flip_h,H13_eff3,2.5533058643341064,-1.649139404296875,-0.7986953258514404,1.7781438827514648,False
D4LensPINN,0,11,2,flip_h,H13b_eff4,2.5533058643341064,-1.649139404296875,-0.7986953258514404,1.7781438827514648,False
D4LensPINN,0,11,2,flip_h,H14_eff5,2.5533058643341064,-1.649139404296875,-0.7986953258514404,1.7781438827514648,False
D4LensPINN,0,11,2,flip_h,H14b_eff6,2.5533058643341064,-1.649139404296875,-0.7986953258514404,1.7781438827514648,False
D4LensPINN,0,11,2,flip_h,H15_before_gap,2.5533058643341064,-1.649139404296875,-0.7986953258514404,1.7781438827514648,False
D4LensPINN,0,11,2,flip_h,H16_after_gap,2.5533058643341064,-1.649139404296875,-0.7986953258514404,1.7781438827514648,False
D4LensPINN,0,11,2,flip_h,H17_pre_linear,2.5533058643341064,-1.649139404296875,-0.7986953258514404,1.7781438827514648,False
D4LensPINN,0,11,2,flip_h_r90,H00_preprocess,4.834841728210449,0.37189579010009766,3.3077876567840576,-3.5065553188323975,False
D4LensPINN,0,11,2,flip_h_r90,H01_enc1,4.834841728210449,0.37189579010009766,3.3077876567840576,-3.5065553188323975,False
D4LensPINN,0,11,2,flip_h_r90,H02_enc2,4.5336995124816895,0.2794981002807617,3.1336631774902344,-3.2644243240356445,False
D4LensPINN,0,11,2,flip_h_r90,H03_enc3,0.764220654964447,-0.6518778800964355,0.007672548294067383,0.3987851142883301,False
D4LensPINN,0,11,2,flip_h_r90,H04_bot,0.5181083679199219,-0.46491527557373047,0.14007163047790527,0.18074846267700195,False
D4LensPINN,0,11,2,flip_h_r90,H08_kappa_out,4.834841728210449,0.37189579010009766,3.3077876567840576,-3.5065553188323975,False
D4LensPINN,0,11,2,flip_h_r90,H09_poisson,0.2602573335170746,0.12059307098388672,0.1145925521850586,-0.2001492977142334,False
D4LensPINN,0,11,2,flip_h_r90,H10_deflection,0.2602573335170746,0.12059307098388672,0.1145925521850586,-0.2001492977142334,False
D4LensPINN,0,11,2,flip_h_r90,H11_inv_lens,28.074682235717773,-17.64339256286621,-11.332167625427246,18.66762924194336,False
D4LensPINN,0,11,2,flip_h_r90,H12_HANDOFF,3.699105978012085,1.782693862915039,1.7417577505111694,-2.7334351539611816,False
D4LensPINN,0,11,2,flip_h_r90,H12b_input_proj,3.699105978012085,1.782693862915039,1.7417577505111694,-2.7334351539611816,False
D4LensPINN,0,11,2,flip_h_r90,H13_eff3,3.699105978012085,1.782693862915039,1.7417577505111694,-2.7334351539611816,False
D4LensPINN,0,11,2,flip_h_r90,H13b_eff4,3.699105978012085,1.782693862915039,1.7417577505111694,-2.7334351539611816,False
D4LensPINN,0,11,2,flip_h_r90,H14_eff5,3.699105978012085,1.782693862915039,1.7417577505111694,-2.7334351539611816,False
D4LensPINN,0,11,2,flip_h_r90,H14b_eff6,3.699105978012085,1.782693862915039,1.7417577505111694,-2.7334351539611816,False
D4LensPINN,0,11,2,flip_h_r90,H15_before_gap,3.699105978012085,1.782693862915039,1.7417577505111694,-2.7334351539611816,False
D4LensPINN,0,11,2,flip_h_r90,H16_after_gap,3.699105978012085,1.782693862915039,1.7417577505111694,-2.7334351539611816,False
D4LensPINN,0,11,2,flip_h_r90,H17_pre_linear,3.699105978012085,1.782693862915039,1.7417577505111694,-2.7334351539611816,False
D4LensPINN,0,11,2,flip_h_r180,H00_preprocess,1.2161365747451782,0.8621599674224854,-0.8390345573425293,0.17801547050476074,False
D4LensPINN,0,11,2,flip_h_r180,H01_enc1,1.2161365747451782,0.8621599674224854,-0.8390345573425293,0.17801547050476074,False
D4LensPINN,0,11,2,flip_h_r180,H02_enc2,1.1241847276687622,0.786496639251709,-0.7827720642089844,0.18022847175598145,False
D4LensPINN,0,11,2,flip_h_r180,H03_enc3,1.622470736503601,0.7786891460418701,0.7650498151779175,-1.2003138065338135,False
D4LensPINN,0,11,2,flip_h_r180,H04_bot,1.6078945398330688,0.7664272785186768,0.7627543210983276,-1.1900084018707275,False
D4LensPINN,0,11,2,flip_h_r180,H08_kappa_out,1.2161365747451782,0.8621599674224854,-0.8390345573425293,0.17801547050476074,False
D4LensPINN,0,11,2,flip_h_r180,H09_poisson,0.09606821835041046,0.03527259826660156,0.04833984375,-0.07515454292297363,False
D4LensPINN,0,11,2,flip_h_r180,H10_deflection,0.09606821835041046,0.03527259826660156,0.04833984375,-0.07515454292297363,False
D4LensPINN,0,11,2,flip_h_r180,H11_inv_lens,6.992574214935303,-4.158946514129639,-2.4972829818725586,5.0361528396606445,False
D4LensPINN,0,11,2,flip_h_r180,H12_HANDOFF,0.8866001963615417,0.018115997314453125,0.7354817390441895,-0.49477100372314453,False
D4LensPINN,0,11,2,flip_h_r180,H12b_input_proj,0.8866001963615417,0.018115997314453125,0.7354817390441895,-0.49477100372314453,False
D4LensPINN,0,11,2,flip_h_r180,H13_eff3,0.8866001963615417,0.018115997314453125,0.7354817390441895,-0.49477100372314453,False
D4LensPINN,0,11,2,flip_h_r180,H13b_eff4,0.8866001963615417,0.018115997314453125,0.7354817390441895,-0.49477100372314453,False
D4LensPINN,0,11,2,flip_h_r180,H14_eff5,0.8866001963615417,0.018115997314453125,0.7354817390441895,-0.49477100372314453,False
D4LensPINN,0,11,2,flip_h_r180,H14b_eff6,0.8866001963615417,0.018115997314453125,0.7354817390441895,-0.49477100372314453,False
D4LensPINN,0,11,2,flip_h_r180,H15_before_gap,0.8866001963615417,0.018115997314453125,0.7354817390441895,-0.49477100372314453,False
D4LensPINN,0,11,2,flip_h_r180,H16_after_gap,0.8866001963615417,0.018115997314453125,0.7354817390441895,-0.49477100372314453,False
D4LensPINN,0,11,2,flip_h_r180,H17_pre_linear,0.8866001963615417,0.018115997314453125,0.7354817390441895,-0.49477100372314453,False
D4LensPINN,0,11,2,flip_h_r270,H00_preprocess,1.6562793254852295,-1.0604782104492188,1.1687312126159668,-0.5027072429656982,False
D4LensPINN,0,11,2,flip_h_r270,H01_enc1,1.6562793254852295,-1.0604782104492188,1.1687312126159668,-0.5027072429656982,False
D4LensPINN,0,11,2,flip_h_r270,H02_enc2,2.2429070472717285,-1.7192764282226562,1.3887020349502563,-0.3823974132537842,False
D4LensPINN,0,11,2,flip_h_r270,H03_enc3,0.17571139335632324,-0.14946556091308594,0.06903469562530518,0.06139016151428223,False
D4LensPINN,0,11,2,flip_h_r270,H04_bot,0.30233266949653625,-0.2428436279296875,0.0014232397079467773,0.1800832748413086,False
D4LensPINN,0,11,2,flip_h_r270,H08_kappa_out,1.6562793254852295,-1.0604782104492188,1.1687312126159668,-0.5027072429656982,False
D4LensPINN,0,11,2,flip_h_r270,H09_poisson,0.1548006683588028,-0.08921957015991211,0.10869300365447998,-0.06472206115722656,False
D4LensPINN,0,11,2,flip_h_r270,H10_deflection,0.1548006683588028,-0.08921957015991211,0.10869300365447998,-0.06472206115722656,False
D4LensPINN,0,11,2,flip_h_r270,H11_inv_lens,32.325931549072266,-20.691604614257812,-12.723601341247559,21.329166412353516,False
D4LensPINN,0,11,2,flip_h_r270,H12_HANDOFF,3.8737354278564453,-2.9926280975341797,2.3729348182678223,-0.647444486618042,False
D4LensPINN,0,11,2,flip_h_r270,H12b_input_proj,3.8737354278564453,-2.9926280975341797,2.3729348182678223,-0.647444486618042,False
D4LensPINN,0,11,2,flip_h_r270,H13_eff3,3.8737354278564453,-2.9926280975341797,2.3729348182678223,-0.647444486618042,False
D4LensPINN,0,11,2,flip_h_r270,H13b_eff4,3.8737354278564453,-2.9926280975341797,2.3729348182678223,-0.647444486618042,False
D4LensPINN,0,11,2,flip_h_r270,H14_eff5,3.8737354278564453,-2.9926280975341797,2.3729348182678223,-0.647444486618042,False
D4LensPINN,0,11,2,flip_h_r270,H14b_eff6,3.8737354278564453,-2.9926280975341797,2.3729348182678223,-0.647444486618042,False
D4LensPINN,0,11,2,flip_h_r270,H15_before_gap,3.8737354278564453,-2.9926280975341797,2.3729348182678223,-0.647444486618042,False
D4LensPINN,0,11,2,flip_h_r270,H16_after_gap,3.8737354278564453,-2.9926280975341797,2.3729348182678223,-0.647444486618042,False
D4LensPINN,0,11,2,flip_h_r270,H17_pre_linear,3.8737354278564453,-2.9926280975341797,2.3729348182678223,-0.647444486618042,False
D4LensPINN,1,17,2,e,H00_preprocess,0.0,0.0,0.0,0.0,False
D4LensPINN,1,17,2,e,H01_enc1,0.0,0.0,0.0,0.0,False
D4LensPINN,1,17,2,e,H02_enc2,0.0,0.0,0.0,0.0,False
D4LensPINN,1,17,2,e,H03_enc3,0.0,0.0,0.0,0.0,False
D4LensPINN,1,17,2,e,H04_bot,0.0,0.0,0.0,0.0,False
D4LensPINN,1,17,2,e,H08_kappa_out,0.0,0.0,0.0,0.0,False
D4LensPINN,1,17,2,e,H09_poisson,0.0,0.0,0.0,0.0,False
D4LensPINN,1,17,2,e,H10_deflection,0.0,0.0,0.0,0.0,False
D4LensPINN,1,17,2,e,H11_inv_lens,0.0,0.0,0.0,0.0,False
D4LensPINN,1,17,2,e,H12_HANDOFF,0.0,0.0,0.0,0.0,False
D4LensPINN,1,17,2,e,H12b_input_proj,0.0,0.0,0.0,0.0,False
D4LensPINN,1,17,2,e,H13_eff3,0.0,0.0,0.0,0.0,False
D4LensPINN,1,17,2,e,H13b_eff4,0.0,0.0,0.0,0.0,False
D4LensPINN,1,17,2,e,H14_eff5,0.0,0.0,0.0,0.0,False
D4LensPINN,1,17,2,e,H14b_eff6,0.0,0.0,0.0,0.0,False
D4LensPINN,1,17,2,e,H15_before_gap,0.0,0.0,0.0,0.0,False
D4LensPINN,1,17,2,e,H16_after_gap,0.0,0.0,0.0,0.0,False
D4LensPINN,1,17,2,e,H17_pre_linear,0.0,0.0,0.0,0.0,False
D4LensPINN,1,17,2,r90,H00_preprocess,1.1887723207473755,-0.3844146728515625,0.8311589956283569,-0.7580103874206543,False
D4LensPINN,1,17,2,r90,H01_enc1,1.1887723207473755,-0.3844146728515625,0.8311589956283569,-0.7580103874206543,False
D4LensPINN,1,17,2,r90,H02_enc2,0.4927961826324463,-0.34922361373901367,0.2647406756877899,-0.22539591789245605,False
D4LensPINN,1,17,2,r90,H03_enc3,1.5593868494033813,0.14916324615478516,1.0720738172531128,-1.1225396394729614,False
D4LensPINN,1,17,2,r90,H04_bot,1.007828712463379,0.12517642974853516,0.6866883039474487,-0.7269861698150635,False
D4LensPINN,1,17,2,r90,H08_kappa_out,1.1887723207473755,-0.3844146728515625,0.8311589956283569,-0.7580103874206543,False
D4LensPINN,1,17,2,r90,H09_poisson,0.265651673078537,-0.12344121932983398,0.1971539855003357,-0.1283097267150879,False
D4LensPINN,1,17,2,r90,H10_deflection,0.265651673078537,-0.12344121932983398,0.1971539855003357,-0.1283097267150879,False
D4LensPINN,1,17,2,r90,H11_inv_lens,3.2350471019744873,2.774423599243164,-1.594612717628479,0.4746713638305664,False
D4LensPINN,1,17,2,r90,H12_HANDOFF,1.5534265041351318,0.16576671600341797,1.0043972730636597,-1.1733888387680054,False
D4LensPINN,1,17,2,r90,H12b_input_proj,1.5534265041351318,0.16576671600341797,1.0043972730636597,-1.1733888387680054,False
D4LensPINN,1,17,2,r90,H13_eff3,1.5534265041351318,0.16576671600341797,1.0043972730636597,-1.1733888387680054,False
D4LensPINN,1,17,2,r90,H13b_eff4,1.5534265041351318,0.16576671600341797,1.0043972730636597,-1.1733888387680054,False
D4LensPINN,1,17,2,r90,H14_eff5,1.5534265041351318,0.16576671600341797,1.0043972730636597,-1.1733888387680054,False
D4LensPINN,1,17,2,r90,H14b_eff6,1.5534265041351318,0.16576671600341797,1.0043972730636597,-1.1733888387680054,False
D4LensPINN,1,17,2,r90,H15_before_gap,1.5534265041351318,0.16576671600341797,1.0043972730636597,-1.1733888387680054,False
D4LensPINN,1,17,2,r90,H16_after_gap,1.5534265041351318,0.16576671600341797,1.0043972730636597,-1.1733888387680054,False
D4LensPINN,1,17,2,r90,H17_pre_linear,1.5534265041351318,0.16576671600341797,1.0043972730636597,-1.1733888387680054,False
D4LensPINN,1,17,2,r180,H00_preprocess,0.834079384803772,-0.6331124305725098,0.5070142149925232,-0.19440603256225586,False
D4LensPINN,1,17,2,r180,H01_enc1,0.834079384803772,-0.6331124305725098,0.5070142149925232,-0.19440603256225586,False
D4LensPINN,1,17,2,r180,H02_enc2,2.0418238639831543,0.6093478202819824,1.2268540859222412,-1.5141230821609497,False
D4LensPINN,1,17,2,r180,H03_enc3,0.4359736442565918,-0.21223688125610352,0.3176236152648926,-0.21010422706604004,False
D4LensPINN,1,17,2,r180,H04_bot,0.2837638258934021,-0.16264867782592773,-0.11301064491271973,0.20321393013000488,False
D4LensPINN,1,17,2,r180,H08_kappa_out,0.834079384803772,-0.6331124305725098,0.5070142149925232,-0.19440603256225586,False
D4LensPINN,1,17,2,r180,H09_poisson,0.16335542500019073,0.14728069305419922,-0.0038929879665374756,-0.070556640625,False
D4LensPINN,1,17,2,r180,H10_deflection,0.16335542500019073,0.14728069305419922,-0.0038929879665374756,-0.070556640625,False
D4LensPINN,1,17,2,r180,H11_inv_lens,13.923341751098633,-6.353113174438477,-7.6075921058654785,9.778647422790527,False
D4LensPINN,1,17,2,r180,H12_HANDOFF,1.6035295724868774,0.4848613739013672,-1.1602799892425537,0.9949707984924316,False
D4LensPINN,1,17,2,r180,H12b_input_proj,1.6035295724868774,0.4848613739013672,-1.1602799892425537,0.9949707984924316,False
D4LensPINN,1,17,2,r180,H13_eff3,1.6035295724868774,0.4848613739013672,-1.1602799892425537,0.9949707984924316,False
D4LensPINN,1,17,2,r180,H13b_eff4,1.6035295724868774,0.4848613739013672,-1.1602799892425537,0.9949707984924316,False
D4LensPINN,1,17,2,r180,H14_eff5,1.6035295724868774,0.4848613739013672,-1.1602799892425537,0.9949707984924316,False
D4LensPINN,1,17,2,r180,H14b_eff6,1.6035295724868774,0.4848613739013672,-1.1602799892425537,0.9949707984924316,False
D4LensPINN,1,17,2,r180,H15_before_gap,1.6035295724868774,0.4848613739013672,-1.1602799892425537,0.9949707984924316,False
D4LensPINN,1,17,2,r180,H16_after_gap,1.6035295724868774,0.4848613739013672,-1.1602799892425537,0.9949707984924316,False
D4LensPINN,1,17,2,r180,H17_pre_linear,1.6035295724868774,0.4848613739013672,-1.1602799892425537,0.9949707984924316,False
D4LensPINN,1,17,2,r270,H00_preprocess,0.6972475647926331,-0.5031843185424805,0.4086412191390991,-0.2568502426147461,False
D4LensPINN,1,17,2,r270,H01_enc1,0.6972475647926331,-0.5031843185424805,0.4086412191390991,-0.2568502426147461,False
D4LensPINN,1,17,2,r270,H02_enc2,1.1812477111816406,0.7832322120666504,0.34440624713897705,-0.8144187927246094,False
D4LensPINN,1,17,2,r270,H03_enc3,0.5635309219360352,-0.1154489517211914,0.4180300235748291,-0.3598465919494629,False
D4LensPINN,1,17,2,r270,H04_bot,0.6068543791770935,-0.21116352081298828,0.4491245746612549,-0.3492410182952881,False
D4LensPINN,1,17,2,r270,H08_kappa_out,0.6972475647926331,-0.5031843185424805,0.4086412191390991,-0.2568502426147461,False
D4LensPINN,1,17,2,r270,H09_poisson,0.10077733546495438,0.0895843505859375,-0.045823484659194946,-0.005560874938964844,False
D4LensPINN,1,17,2,r270,H10_deflection,0.10077733546495438,0.0895843505859375,-0.045823484659194946,-0.005560874938964844,False
D4LensPINN,1,17,2,r270,H11_inv_lens,3.3593287467956543,2.8365426063537598,-1.7767338752746582,0.28693628311157227,False
D4LensPINN,1,17,2,r270,H12_HANDOFF,1.3923496007919312,-1.3125643730163574,0.2288738489151001,0.4042634963989258,False
D4LensPINN,1,17,2,r270,H12b_input_proj,1.3923496007919312,-1.3125643730163574,0.2288738489151001,0.4042634963989258,False
D4LensPINN,1,17,2,r270,H13_eff3,1.3923496007919312,-1.3125643730163574,0.2288738489151001,0.4042634963989258,False
D4LensPINN,1,17,2,r270,H13b_eff4,1.3923496007919312,-1.3125643730163574,0.2288738489151001,0.4042634963989258,False
D4LensPINN,1,17,2,r270,H14_eff5,1.3923496007919312,-1.3125643730163574,0.2288738489151001,0.4042634963989258,False
D4LensPINN,1,17,2,r270,H14b_eff6,1.3923496007919312,-1.3125643730163574,0.2288738489151001,0.4042634963989258,False
D4LensPINN,1,17,2,r270,H15_before_gap,1.3923496007919312,-1.3125643730163574,0.2288738489151001,0.4042634963989258,False
D4LensPINN,1,17,2,r270,H16_after_gap,1.3923496007919312,-1.3125643730163574,0.2288738489151001,0.4042634963989258,False
D4LensPINN,1,17,2,r270,H17_pre_linear,1.3923496007919312,-1.3125643730163574,0.2288738489151001,0.4042634963989258,False
D4LensPINN,1,17,2,flip_h,H00_preprocess,1.6348379850387573,1.0878422260284424,0.5565032362937927,-1.0860933065414429,False
D4LensPINN,1,17,2,flip_h,H01_enc1,1.6348379850387573,1.0878422260284424,0.5565032362937927,-1.0860933065414429,False
D4LensPINN,1,17,2,flip_h,H02_enc2,2.569981098175049,1.606295108795166,0.9799076318740845,-1.7505427598953247,False
D4LensPINN,1,17,2,flip_h,H03_enc3,0.6432490944862366,0.21877384185791016,0.37835031747817993,-0.4719729423522949,False
D4LensPINN,1,17,2,flip_h,H04_bot,0.4780806601047516,0.20080995559692383,0.2618788480758667,-0.3459131717681885,False
D4LensPINN,1,17,2,flip_h,H08_kappa_out,1.6348379850387573,1.0878422260284424,0.5565032362937927,-1.0860933065414429,False
D4LensPINN,1,17,2,flip_h,H09_poisson,0.22383545339107513,0.10904121398925781,-0.16289132833480835,0.10806822776794434,False
D4LensPINN,1,17,2,flip_h,H10_deflection,0.22383545339107513,0.10904121398925781,-0.16289132833480835,0.10806822776794434,False
D4LensPINN,1,17,2,flip_h,H11_inv_lens,7.75655460357666,-2.6164374351501465,-4.739821910858154,5.554501533508301,False
D4LensPINN,1,17,2,flip_h,H12_HANDOFF,1.0694987773895264,0.022419452667236328,0.7309620380401611,-0.7803969383239746,False
D4LensPINN,1,17,2,flip_h,H12b_input_proj,1.0694987773895264,0.022419452667236328,0.7309620380401611,-0.7803969383239746,False
D4LensPINN,1,17,2,flip_h,H13_eff3,1.0694987773895264,0.022419452667236328,0.7309620380401611,-0.7803969383239746,False
D4LensPINN,1,17,2,flip_h,H13b_eff4,1.0694987773895264,0.022419452667236328,0.7309620380401611,-0.7803969383239746,False
D4LensPINN,1,17,2,flip_h,H14_eff5,1.0694987773895264,0.022419452667236328,0.7309620380401611,-0.7803969383239746,False
D4LensPINN,1,17,2,flip_h,H14b_eff6,1.0694987773895264,0.022419452667236328,0.7309620380401611,-0.7803969383239746,False
D4LensPINN,1,17,2,flip_h,H15_before_gap,1.0694987773895264,0.022419452667236328,0.7309620380401611,-0.7803969383239746,False
D4LensPINN,1,17,2,flip_h,H16_after_gap,1.0694987773895264,0.022419452667236328,0.7309620380401611,-0.7803969383239746,False
D4LensPINN,1,17,2,flip_h,H17_pre_linear,1.0694987773895264,0.022419452667236328,0.7309620380401611,-0.7803969383239746,False
D4LensPINN,1,17,2,flip_h_r90,H00_preprocess,1.7621108293533325,-0.2439126968383789,1.2525616884231567,-1.2151668071746826,False
D4LensPINN,1,17,2,flip_h_r90,H01_enc1,1.7621108293533325,-0.2439126968383789,1.2525616884231567,-1.2151668071746826,False
D4LensPINN,1,17,2,flip_h_r90,H02_enc2,2.680875301361084,1.0779671669006348,1.426607370376587,-1.9974662065505981,False
D4LensPINN,1,17,2,flip_h_r90,H03_enc3,1.4154093265533447,0.2182002067565918,0.9486908912658691,-1.0275006294250488,False
D4LensPINN,1,17,2,flip_h_r90,H04_bot,0.9994947910308838,0.23218727111816406,0.6438090801239014,-0.7284152507781982,False
D4LensPINN,1,17,2,flip_h_r90,H08_kappa_out,1.7621108293533325,-0.2439126968383789,1.2525616884231567,-1.2151668071746826,False
D4LensPINN,1,17,2,flip_h_r90,H09_poisson,0.2806556224822998,0.017226219177246094,0.19259798526763916,-0.2034130096435547,False
D4LensPINN,1,17,2,flip_h_r90,H10_deflection,0.2806556224822998,0.017226219177246094,0.19259798526763916,-0.2034130096435547,False
D4LensPINN,1,17,2,flip_h_r90,H11_inv_lens,3.482909679412842,0.7205691337585449,-2.565535545349121,2.242647171020508,False
D4LensPINN,1,17,2,flip_h_r90,H12_HANDOFF,0.4685080647468567,0.44240617752075195,-0.14698943495750427,-0.046590566635131836,False
D4LensPINN,1,17,2,flip_h_r90,H12b_input_proj,0.4685080647468567,0.44240617752075195,-0.14698943495750427,-0.046590566635131836,False
D4LensPINN,1,17,2,flip_h_r90,H13_eff3,0.4685080647468567,0.44240617752075195,-0.14698943495750427,-0.046590566635131836,False
D4LensPINN,1,17,2,flip_h_r90,H13b_eff4,0.4685080647468567,0.44240617752075195,-0.14698943495750427,-0.046590566635131836,False
D4LensPINN,1,17,2,flip_h_r90,H14_eff5,0.4685080647468567,0.44240617752075195,-0.14698943495750427,-0.046590566635131836,False
D4LensPINN,1,17,2,flip_h_r90,H14b_eff6,0.4685080647468567,0.44240617752075195,-0.14698943495750427,-0.046590566635131836,False
D4LensPINN,1,17,2,flip_h_r90,H15_before_gap,0.4685080647468567,0.44240617752075195,-0.14698943495750427,-0.046590566635131836,False
D4LensPINN,1,17,2,flip_h_r90,H16_after_gap,0.4685080647468567,0.44240617752075195,-0.14698943495750427,-0.046590566635131836,False
D4LensPINN,1,17,2,flip_h_r90,H17_pre_linear,0.4685080647468567,0.44240617752075195,-0.14698943495750427,-0.046590566635131836,False
D4LensPINN,1,17,2,flip_h_r180,H00_preprocess,3.9964938163757324,-1.7105436325073242,2.9367239475250244,-2.1027731895446777,False
D4LensPINN,1,17,2,flip_h_r180,H01_enc1,3.9964938163757324,-1.7105436325073242,2.9367239475250244,-2.1027731895446777,False
D4LensPINN,1,17,2,flip_h_r180,H02_enc2,3.7453012466430664,-0.8285155296325684,2.8034260272979736,-2.3412914276123047,False
D4LensPINN,1,17,2,flip_h_r180,H03_enc3,0.9582993388175964,-0.8229608535766602,0.4833108186721802,-0.08650803565979004,False
D4LensPINN,1,17,2,flip_h_r180,H04_bot,0.6780878901481628,-0.5553855895996094,-0.11362063884735107,0.37207579612731934,False
D4LensPINN,1,17,2,flip_h_r180,H08_kappa_out,3.9964938163757324,-1.7105436325073242,2.9367239475250244,-2.1027731895446777,False
D4LensPINN,1,17,2,flip_h_r180,H09_poisson,0.4739393889904022,-0.04589080810546875,0.34136587381362915,-0.3255486488342285,False
D4LensPINN,1,17,2,flip_h_r180,H10_deflection,0.4739393889904022,-0.04589080810546875,0.34136587381362915,-0.3255486488342285,False
D4LensPINN,1,17,2,flip_h_r180,H11_inv_lens,18.240978240966797,-9.464433670043945,-9.30869197845459,12.510238647460938,False
D4LensPINN,1,17,2,flip_h_r180,H12_HANDOFF,1.0221641063690186,0.34369611740112305,0.5962462425231934,-0.7557663917541504,False
D4LensPINN,1,17,2,flip_h_r180,H12b_input_proj,1.0221641063690186,0.34369611740112305,0.5962462425231934,-0.7557663917541504,False
D4LensPINN,1,17,2,flip_h_r180,H13_eff3,1.0221641063690186,0.34369611740112305,0.5962462425231934,-0.7557663917541504,False
D4LensPINN,1,17,2,flip_h_r180,H13b_eff4,1.0221641063690186,0.34369611740112305,0.5962462425231934,-0.7557663917541504,False
D4LensPINN,1,17,2,flip_h_r180,H14_eff5,1.0221641063690186,0.34369611740112305,0.5962462425231934,-0.7557663917541504,False
D4LensPINN,1,17,2,flip_h_r180,H14b_eff6,1.0221641063690186,0.34369611740112305,0.5962462425231934,-0.7557663917541504,False
D4LensPINN,1,17,2,flip_h_r180,H15_before_gap,1.0221641063690186,0.34369611740112305,0.5962462425231934,-0.7557663917541504,False
D4LensPINN,1,17,2,flip_h_r180,H16_after_gap,1.0221641063690186,0.34369611740112305,0.5962462425231934,-0.7557663917541504,False
D4LensPINN,1,17,2,flip_h_r180,H17_pre_linear,1.0221641063690186,0.34369611740112305,0.5962462425231934,-0.7557663917541504,False
D4LensPINN,1,17,2,flip_h_r270,H00_preprocess,1.8527989387512207,1.7220325469970703,-0.35084018111228943,-0.5868380069732666,False
D4LensPINN,1,17,2,flip_h_r270,H01_enc1,1.8527989387512207,1.7220325469970703,-0.35084018111228943,-0.5868380069732666,False
D4LensPINN,1,17,2,flip_h_r270,H02_enc2,1.6859080791473389,1.395934820175171,-0.9353432655334473,0.13705825805664062,False
D4LensPINN,1,17,2,flip_h_r270,H03_enc3,0.7907668352127075,0.4511733055114746,0.34089237451553345,-0.5527632236480713,False
D4LensPINN,1,17,2,flip_h_r270,H04_bot,0.8016194701194763,0.36910295486450195,0.40888264775276184,-0.5823845863342285,False
D4LensPINN,1,17,2,flip_h_r270,H08_kappa_out,1.8527989387512207,1.7220325469970703,-0.35084018111228943,-0.5868380069732666,False
D4LensPINN,1,17,2,flip_h_r270,H09_poisson,0.09825053811073303,0.038355350494384766,-0.06836956739425659,0.05922532081604004,False
D4LensPINN,1,17,2,flip_h_r270,H10_deflection,0.09825053811073303,0.038355350494384766,-0.06836956739425659,0.05922532081604004,False
D4LensPINN,1,17,2,flip_h_r270,H11_inv_lens,3.945807695388794,1.673173189163208,-2.9142253398895264,2.068134307861328,False
D4LensPINN,1,17,2,flip_h_r270,H12_HANDOFF,1.279908299446106,-0.7182331085205078,-0.6095188856124878,0.866483211517334,False
D4LensPINN,1,17,2,flip_h_r270,H12b_input_proj,1.279908299446106,-0.7182331085205078,-0.6095188856124878,0.866483211517334,False
D4LensPINN,1,17,2,flip_h_r270,H13_eff3,1.279908299446106,-0.7182331085205078,-0.6095188856124878,0.866483211517334,False
D4LensPINN,1,17,2,flip_h_r270,H13b_eff4,1.279908299446106,-0.7182331085205078,-0.6095188856124878,0.866483211517334,False
D4LensPINN,1,17,2,flip_h_r270,H14_eff5,1.279908299446106,-0.7182331085205078,-0.6095188856124878,0.866483211517334,False
D4LensPINN,1,17,2,flip_h_r270,H14b_eff6,1.279908299446106,-0.7182331085205078,-0.6095188856124878,0.866483211517334,False
D4LensPINN,1,17,2,flip_h_r270,H15_before_gap,1.279908299446106,-0.7182331085205078,-0.6095188856124878,0.866483211517334,False
D4LensPINN,1,17,2,flip_h_r270,H16_after_gap,1.279908299446106,-0.7182331085205078,-0.6095188856124878,0.866483211517334,False
D4LensPINN,1,17,2,flip_h_r270,H17_pre_linear,1.279908299446106,-0.7182331085205078,-0.6095188856124878,0.866483211517334,False
D4LensPINN,2,27,0,e,H00_preprocess,0.0,0.0,0.0,0.0,False
D4LensPINN,2,27,0,e,H01_enc1,0.0,0.0,0.0,0.0,False
D4LensPINN,2,27,0,e,H02_enc2,0.0,0.0,0.0,0.0,False
D4LensPINN,2,27,0,e,H03_enc3,0.0,0.0,0.0,0.0,False
D4LensPINN,2,27,0,e,H04_bot,0.0,0.0,0.0,0.0,False
D4LensPINN,2,27,0,e,H08_kappa_out,0.0,0.0,0.0,0.0,False
D4LensPINN,2,27,0,e,H09_poisson,0.0,0.0,0.0,0.0,False
D4LensPINN,2,27,0,e,H10_deflection,0.0,0.0,0.0,0.0,False
D4LensPINN,2,27,0,e,H11_inv_lens,0.0,0.0,0.0,0.0,False
D4LensPINN,2,27,0,e,H12_HANDOFF,0.0,0.0,0.0,0.0,False
D4LensPINN,2,27,0,e,H12b_input_proj,0.0,0.0,0.0,0.0,False
D4LensPINN,2,27,0,e,H13_eff3,0.0,0.0,0.0,0.0,False
D4LensPINN,2,27,0,e,H13b_eff4,0.0,0.0,0.0,0.0,False
D4LensPINN,2,27,0,e,H14_eff5,0.0,0.0,0.0,0.0,False
D4LensPINN,2,27,0,e,H14b_eff6,0.0,0.0,0.0,0.0,False
D4LensPINN,2,27,0,e,H15_before_gap,0.0,0.0,0.0,0.0,False
D4LensPINN,2,27,0,e,H16_after_gap,0.0,0.0,0.0,0.0,False
D4LensPINN,2,27,0,e,H17_pre_linear,0.0,0.0,0.0,0.0,False
D4LensPINN,2,27,0,r90,H00_preprocess,1.1936347484588623,0.6361682415008545,0.1374622881412506,-1.000578761100769,False
D4LensPINN,2,27,0,r90,H01_enc1,1.1936347484588623,0.6361682415008545,0.1374622881412506,-1.000578761100769,False
D4LensPINN,2,27,0,r90,H02_enc2,1.2071640491485596,0.7257993221282959,-0.006740748882293701,-0.9645801782608032,False
D4LensPINN,2,27,0,r90,H03_enc3,1.2636523246765137,-0.8531813621520996,-0.1002606749534607,0.9267396926879883,False
D4LensPINN,2,27,0,r90,H04_bot,1.2540606260299683,-0.8322329521179199,-0.12664246559143066,0.9295256733894348,False
D4LensPINN,2,27,0,r90,H08_kappa_out,1.1936347484588623,0.6361682415008545,0.1374622881412506,-1.000578761100769,False
D4LensPINN,2,27,0,r90,H09_poisson,0.19730162620544434,-0.12393546104431152,-0.008624136447906494,0.15327608585357666,False
D4LensPINN,2,27,0,r90,H10_deflection,0.19730162620544434,-0.12393546104431152,-0.008624136447906494,0.15327608585357666,False
D4LensPINN,2,27,0,r90,H11_inv_lens,29.886157989501953,-20.285341262817383,-10.237723350524902,19.413305282592773,False
D4LensPINN,2,27,0,r90,H12_HANDOFF,2.115990400314331,-1.887935757637024,0.6845555901527405,0.6667060852050781,False
D4LensPINN,2,27,0,r90,H12b_input_proj,2.115990400314331,-1.887935757637024,0.6845555901527405,0.6667060852050781,False
D4LensPINN,2,27,0,r90,H13_eff3,2.115990400314331,-1.887935757637024,0.6845555901527405,0.6667060852050781,False
D4LensPINN,2,27,0,r90,H13b_eff4,2.115990400314331,-1.887935757637024,0.6845555901527405,0.6667060852050781,False
D4LensPINN,2,27,0,r90,H14_eff5,2.115990400314331,-1.887935757637024,0.6845555901527405,0.6667060852050781,False
D4LensPINN,2,27,0,r90,H14b_eff6,2.115990400314331,-1.887935757637024,0.6845555901527405,0.6667060852050781,False
D4LensPINN,2,27,0,r90,H15_before_gap,2.115990400314331,-1.887935757637024,0.6845555901527405,0.6667060852050781,False
D4LensPINN,2,27,0,r90,H16_after_gap,2.115990400314331,-1.887935757637024,0.6845555901527405,0.6667060852050781,False
D4LensPINN,2,27,0,r90,H17_pre_linear,2.115990400314331,-1.887935757637024,0.6845555901527405,0.6667060852050781,False
D4LensPINN,2,27,0,r180,H00_preprocess,1.9416329860687256,1.39506196975708,-0.5821561217308044,-1.2185381650924683,False
D4LensPINN,2,27,0,r180,H01_enc1,1.9416329860687256,1.39506196975708,-0.5821561217308044,-1.2185381650924683,False
D4LensPINN,2,27,0,r180,H02_enc2,2.0779623985290527,1.4976367950439453,-0.6536914706230164,-1.2836273908615112,False
D4LensPINN,2,27,0,r180,H03_enc3,0.4885329008102417,-0.26554179191589355,-0.11128032207489014,0.3946753740310669,False
D4LensPINN,2,27,0,r180,H04_bot,0.40207451581954956,-0.21178698539733887,-0.10667169094085693,0.3247019052505493,False
D4LensPINN,2,27,0,r180,H08_kappa_out,1.9416329860687256,1.39506196975708,-0.5821561217308044,-1.2185381650924683,False
D4LensPINN,2,27,0,r180,H09_poisson,0.16381029784679413,0.07465815544128418,0.04549652338027954,-0.13852810859680176,False
D4LensPINN,2,27,0,r180,H10_deflection,0.16381029784679413,0.07465815544128418,0.04549652338027954,-0.13852810859680176,False
D4LensPINN,2,27,0,r180,H11_inv_lens,6.764499664306641,-5.033809185028076,-1.5481696128845215,4.245278358459473,False
D4LensPINN,2,27,0,r180,H12_HANDOFF,0.5829594731330872,0.4184703826904297,-0.13204413652420044,-0.3837820291519165,False
D4LensPINN,2,27,0,r180,H12b_input_proj,0.5829594731330872,0.4184703826904297,-0.13204413652420044,-0.3837820291519165,False
D4LensPINN,2,27,0,r180,H13_eff3,0.5829594731330872,0.4184703826904297,-0.13204413652420044,-0.3837820291519165,False
D4LensPINN,2,27,0,r180,H13b_eff4,0.5829594731330872,0.4184703826904297,-0.13204413652420044,-0.3837820291519165,False
D4LensPINN,2,27,0,r180,H14_eff5,0.5829594731330872,0.4184703826904297,-0.13204413652420044,-0.3837820291519165,False
D4LensPINN,2,27,0,r180,H14b_eff6,0.5829594731330872,0.4184703826904297,-0.13204413652420044,-0.3837820291519165,False
D4LensPINN,2,27,0,r180,H15_before_gap,0.5829594731330872,0.4184703826904297,-0.13204413652420044,-0.3837820291519165,False
D4LensPINN,2,27,0,r180,H16_after_gap,0.5829594731330872,0.4184703826904297,-0.13204413652420044,-0.3837820291519165,False
D4LensPINN,2,27,0,r180,H17_pre_linear,0.5829594731330872,0.4184703826904297,-0.13204413652420044,-0.3837820291519165,False
D4LensPINN,2,27,0,r270,H00_preprocess,0.4380272626876831,-0.23226475715637207,-0.1877727508544922,0.3204096555709839,False
D4LensPINN,2,27,0,r270,H01_enc1,0.4380272626876831,-0.23226475715637207,-0.1877727508544922,0.3204096555709839,False
D4LensPINN,2,27,0,r270,H02_enc2,0.5027572512626648,0.35424232482910156,-0.15314286947250366,-0.32221806049346924,False
D4LensPINN,2,27,0,r270,H03_enc3,4.615591049194336,-3.6723926067352295,-0.25385355949401855,2.7843799591064453,False
D4LensPINN,2,27,0,r270,H04_bot,3.6506969928741455,-2.9528181552886963,0.007952749729156494,2.146716356277466,False
D4LensPINN,2,27,0,r270,H08_kappa_out,0.4380272626876831,-0.23226475715637207,-0.1877727508544922,0.3204096555709839,False
D4LensPINN,2,27,0,r270,H09_poisson,0.10537051409482956,-0.04745626449584961,-0.03583848476409912,0.08698534965515137,False
D4LensPINN,2,27,0,r270,H10_deflection,0.10537051409482956,-0.04745626449584961,-0.03583848476409912,0.08698534965515137,False
D4LensPINN,2,27,0,r270,H11_inv_lens,28.49347496032715,-19.169267654418945,-10.021254539489746,18.547014236450195,False
D4LensPINN,2,27,0,r270,H12_HANDOFF,4.542700290679932,-4.092828750610352,0.5565557479858398,1.8908005952835083,False
D4LensPINN,2,27,0,r270,H12b_input_proj,4.542700290679932,-4.092828750610352,0.5565557479858398,1.8908005952835083,False
D4LensPINN,2,27,0,r270,H13_eff3,4.542700290679932,-4.092828750610352,0.5565557479858398,1.8908005952835083,False
D4LensPINN,2,27,0,r270,H13b_eff4,4.542700290679932,-4.092828750610352,0.5565557479858398,1.8908005952835083,False
D4LensPINN,2,27,0,r270,H14_eff5,4.542700290679932,-4.092828750610352,0.5565557479858398,1.8908005952835083,False
D4LensPINN,2,27,0,r270,H14b_eff6,4.542700290679932,-4.092828750610352,0.5565557479858398,1.8908005952835083,False
D4LensPINN,2,27,0,r270,H15_before_gap,4.542700290679932,-4.092828750610352,0.5565557479858398,1.8908005952835083,False
D4LensPINN,2,27,0,r270,H16_after_gap,4.542700290679932,-4.092828750610352,0.5565557479858398,1.8908005952835083,False
D4LensPINN,2,27,0,r270,H17_pre_linear,4.542700290679932,-4.092828750610352,0.5565557479858398,1.8908005952835083,False
D4LensPINN,2,27,0,flip_h,H00_preprocess,1.3682438135147095,0.6345529556274414,0.30180394649505615,-1.1740306615829468,False
D4LensPINN,2,27,0,flip_h,H01_enc1,1.3682438135147095,0.6345529556274414,0.30180394649505615,-1.1740306615829468,False
D4LensPINN,2,27,0,flip_h,H02_enc2,1.365081548690796,0.7426667213439941,0.15145045518875122,-1.1353222131729126,False
D4LensPINN,2,27,0,flip_h,H03_enc3,3.1923599243164062,-2.5995218753814697,0.03440302610397339,1.8526911735534668,False
D4LensPINN,2,27,0,flip_h,H04_bot,2.597777843475342,-2.0000603199005127,-0.07112836837768555,1.6562453508377075,False
D4LensPINN,2,27,0,flip_h,H08_kappa_out,1.3682438135147095,0.6345529556274414,0.30180394649505615,-1.1740306615829468,False
D4LensPINN,2,27,0,flip_h,H09_poisson,0.3537823557853699,0.2547628879547119,-0.06888049840927124,-0.2356126308441162,False
D4LensPINN,2,27,0,flip_h,H10_deflection,0.3537823557853699,0.2547628879547119,-0.06888049840927124,-0.2356126308441162,False
D4LensPINN,2,27,0,flip_h,H11_inv_lens,6.531591892242432,-4.822947978973389,-1.4996495246887207,4.141486644744873,False
D4LensPINN,2,27,0,flip_h,H12_HANDOFF,1.0460693836212158,-0.6306886672973633,-0.14393073320388794,0.8220564723014832,False
D4LensPINN,2,27,0,flip_h,H12b_input_proj,1.0460693836212158,-0.6306886672973633,-0.14393073320388794,0.8220564723014832,False
D4LensPINN,2,27,0,flip_h,H13_eff3,1.0460693836212158,-0.6306886672973633,-0.14393073320388794,0.8220564723014832,False
D4LensPINN,2,27,0,flip_h,H13b_eff4,1.0460693836212158,-0.6306886672973633,-0.14393073320388794,0.8220564723014832,False
D4LensPINN,2,27,0,flip_h,H14_eff5,1.0460693836212158,-0.6306886672973633,-0.14393073320388794,0.8220564723014832,False
D4LensPINN,2,27,0,flip_h,H14b_eff6,1.0460693836212158,-0.6306886672973633,-0.14393073320388794,0.8220564723014832,False
D4LensPINN,2,27,0,flip_h,H15_before_gap,1.0460693836212158,-0.6306886672973633,-0.14393073320388794,0.8220564723014832,False
D4LensPINN,2,27,0,flip_h,H16_after_gap,1.0460693836212158,-0.6306886672973633,-0.14393073320388794,0.8220564723014832,False
D4LensPINN,2,27,0,flip_h,H17_pre_linear,1.0460693836212158,-0.6306886672973633,-0.14393073320388794,0.8220564723014832,False
D4LensPINN,2,27,0,flip_h_r90,H00_preprocess,0.11176688969135284,-0.03801155090332031,-0.0770687460899353,0.07146584987640381,False
D4LensPINN,2,27,0,flip_h_r90,H01_enc1,0.11176688969135284,-0.03801155090332031,-0.0770687460899353,0.07146584987640381,False
D4LensPINN,2,27,0,flip_h_r90,H02_enc2,0.401091992855072,0.27425718307495117,-0.2830023169517517,-0.074615478515625,False
D4LensPINN,2,27,0,flip_h_r90,H03_enc3,1.1244679689407349,-0.7654786109924316,-0.05635935068130493,0.8217628598213196,False
D4LensPINN,2,27,0,flip_h_r90,H04_bot,0.7013843059539795,-0.4831671714782715,-4.762411117553711e-05,0.5084185600280762,False
D4LensPINN,2,27,0,flip_h_r90,H08_kappa_out,0.11176688969135284,-0.03801155090332031,-0.0770687460899353,0.07146584987640381,False
D4LensPINN,2,27,0,flip_h_r90,H09_poisson,0.1657828390598297,0.12082624435424805,-0.11211717128753662,-0.01774001121520996,False
D4LensPINN,2,27,0,flip_h_r90,H10_deflection,0.1657828390598297,0.12082624435424805,-0.11211717128753662,-0.01774001121520996,False
D4LensPINN,2,27,0,flip_h_r90,H11_inv_lens,23.991498947143555,-16.522132873535156,-8.075822830200195,15.407538414001465,False
D4LensPINN,2,27,0,flip_h_r90,H12_HANDOFF,3.4194533824920654,-2.9207348823547363,0.06931176781654358,1.776841402053833,False
D4LensPINN,2,27,0,flip_h_r90,H12b_input_proj,3.4194533824920654,-2.9207348823547363,0.06931176781654358,1.776841402053833,False
D4LensPINN,2,27,0,flip_h_r90,H13_eff3,3.4194533824920654,-2.9207348823547363,0.06931176781654358,1.776841402053833,False
D4LensPINN,2,27,0,flip_h_r90,H13b_eff4,3.4194533824920654,-2.9207348823547363,0.06931176781654358,1.776841402053833,False
D4LensPINN,2,27,0,flip_h_r90,H14_eff5,3.4194533824920654,-2.9207348823547363,0.06931176781654358,1.776841402053833,False
D4LensPINN,2,27,0,flip_h_r90,H14b_eff6,3.4194533824920654,-2.9207348823547363,0.06931176781654358,1.776841402053833,False
D4LensPINN,2,27,0,flip_h_r90,H15_before_gap,3.4194533824920654,-2.9207348823547363,0.06931176781654358,1.776841402053833,False
D4LensPINN,2,27,0,flip_h_r90,H16_after_gap,3.4194533824920654,-2.9207348823547363,0.06931176781654358,1.776841402053833,False
D4LensPINN,2,27,0,flip_h_r90,H17_pre_linear,3.4194533824920654,-2.9207348823547363,0.06931176781654358,1.776841402053833,False
D4LensPINN,2,27,0,flip_h_r180,H00_preprocess,2.0992531776428223,1.4592995643615723,-0.43485307693481445,-1.445064663887024,False
D4LensPINN,2,27,0,flip_h_r180,H01_enc1,2.0992531776428223,1.4592995643615723,-0.43485307693481445,-1.445064663887024,False
D4LensPINN,2,27,0,flip_h_r180,H02_enc2,2.147106170654297,1.5037217140197754,-0.4791272282600403,-1.4557894468307495,False
D4LensPINN,2,27,0,flip_h_r180,H03_enc3,2.162508487701416,-1.480820655822754,-0.20576053857803345,1.5624580383300781,False
D4LensPINN,2,27,0,flip_h_r180,H04_bot,1.937940001487732,-1.3695995807647705,-0.09779751300811768,1.3675687313079834,False
D4LensPINN,2,27,0,flip_h_r180,H08_kappa_out,2.0992531776428223,1.4592995643615723,-0.43485307693481445,-1.445064663887024,False
D4LensPINN,2,27,0,flip_h_r180,H09_poisson,0.05946857109665871,0.00069427490234375,0.03654998540878296,-0.046905517578125,False
D4LensPINN,2,27,0,flip_h_r180,H10_deflection,0.05946857109665871,0.00069427490234375,0.03654998540878296,-0.046905517578125,False
D4LensPINN,2,27,0,flip_h_r180,H11_inv_lens,14.96796703338623,-10.06396770477295,-4.6504693031311035,10.056327819824219,False
D4LensPINN,2,27,0,flip_h_r180,H12_HANDOFF,2.6467931270599365,1.80210542678833,-0.3511490225791931,-1.9064692258834839,False
D4LensPINN,2,27,0,flip_h_r180,H12b_input_proj,2.6467931270599365,1.80210542678833,-0.3511490225791931,-1.9064692258834839,False
D4LensPINN,2,27,0,flip_h_r180,H13_eff3,2.6467931270599365,1.80210542678833,-0.3511490225791931,-1.9064692258834839,False
D4LensPINN,2,27,0,flip_h_r180,H13b_eff4,2.6467931270599365,1.80210542678833,-0.3511490225791931,-1.9064692258834839,False
D4LensPINN,2,27,0,flip_h_r180,H14_eff5,2.6467931270599365,1.80210542678833,-0.3511490225791931,-1.9064692258834839,False
D4LensPINN,2,27,0,flip_h_r180,H14b_eff6,2.6467931270599365,1.80210542678833,-0.3511490225791931,-1.9064692258834839,False
D4LensPINN,2,27,0,flip_h_r180,H15_before_gap,2.6467931270599365,1.80210542678833,-0.3511490225791931,-1.9064692258834839,False
D4LensPINN,2,27,0,flip_h_r180,H16_after_gap,2.6467931270599365,1.80210542678833,-0.3511490225791931,-1.9064692258834839,False
D4LensPINN,2,27,0,flip_h_r180,H17_pre_linear,2.6467931270599365,1.80210542678833,-0.3511490225791931,-1.9064692258834839,False
D4LensPINN,2,27,0,flip_h_r270,H00_preprocess,0.784614086151123,0.5266613960266113,-0.5446323752403259,-0.20401620864868164,False
D4LensPINN,2,27,0,flip_h_r270,H01_enc1,0.784614086151123,0.5266613960266113,-0.5446323752403259,-0.20401620864868164,False
D4LensPINN,2,27,0,flip_h_r270,H02_enc2,0.7086796760559082,0.45145130157470703,-0.5275866389274597,-0.14167189598083496,False
D4LensPINN,2,27,0,flip_h_r270,H03_enc3,0.9237657189369202,-0.648221492767334,-0.007104039192199707,0.6581044793128967,False
D4LensPINN,2,27,0,flip_h_r270,H04_bot,1.040126085281372,-0.7491796016693115,0.017740488052368164,0.7213025689125061,False
D4LensPINN,2,27,0,flip_h_r270,H08_kappa_out,0.784614086151123,0.5266613960266113,-0.5446323752403259,-0.20401620864868164,False
D4LensPINN,2,27,0,flip_h_r270,H09_poisson,1.0924075841903687,-0.77644944190979,0.025541186332702637,0.7680027484893799,False
D4LensPINN,2,27,0,flip_h_r270,H10_deflection,1.0924075841903687,-0.77644944190979,0.025541186332702637,0.7680027484893799,False
D4LensPINN,2,27,0,flip_h_r270,H11_inv_lens,19.88846778869629,-13.44650650024414,-6.463681221008301,13.151557922363281,False
D4LensPINN,2,27,0,flip_h_r270,H12_HANDOFF,4.807060241699219,-3.4544622898101807,-0.9483904242515564,3.205475330352783,False
D4LensPINN,2,27,0,flip_h_r270,H12b_input_proj,4.807060241699219,-3.4544622898101807,-0.9483904242515564,3.205475330352783,False
D4LensPINN,2,27,0,flip_h_r270,H13_eff3,4.807060241699219,-3.4544622898101807,-0.9483904242515564,3.205475330352783,False
D4LensPINN,2,27,0,flip_h_r270,H13b_eff4,4.807060241699219,-3.4544622898101807,-0.9483904242515564,3.205475330352783,False
D4LensPINN,2,27,0,flip_h_r270,H14_eff5,4.807060241699219,-3.4544622898101807,-0.9483904242515564,3.205475330352783,False
D4LensPINN,2,27,0,flip_h_r270,H14b_eff6,4.807060241699219,-3.4544622898101807,-0.9483904242515564,3.205475330352783,False
D4LensPINN,2,27,0,flip_h_r270,H15_before_gap,4.807060241699219,-3.4544622898101807,-0.9483904242515564,3.205475330352783,False
D4LensPINN,2,27,0,flip_h_r270,H16_after_gap,4.807060241699219,-3.4544622898101807,-0.9483904242515564,3.205475330352783,False
D4LensPINN,2,27,0,flip_h_r270,H17_pre_linear,4.807060241699219,-3.4544622898101807,-0.9483904242515564,3.205475330352783,False
D4LensPINN,3,36,1,e,H00_preprocess,0.0,0.0,0.0,0.0,False
D4LensPINN,3,36,1,e,H01_enc1,0.0,0.0,0.0,0.0,False
D4LensPINN,3,36,1,e,H02_enc2,0.0,0.0,0.0,0.0,False
D4LensPINN,3,36,1,e,H03_enc3,0.0,0.0,0.0,0.0,False
D4LensPINN,3,36,1,e,H04_bot,0.0,0.0,0.0,0.0,False
D4LensPINN,3,36,1,e,H08_kappa_out,0.0,0.0,0.0,0.0,False
D4LensPINN,3,36,1,e,H09_poisson,0.0,0.0,0.0,0.0,False
D4LensPINN,3,36,1,e,H10_deflection,0.0,0.0,0.0,0.0,False
D4LensPINN,3,36,1,e,H11_inv_lens,0.0,0.0,0.0,0.0,False
D4LensPINN,3,36,1,e,H12_HANDOFF,0.0,0.0,0.0,0.0,False
D4LensPINN,3,36,1,e,H12b_input_proj,0.0,0.0,0.0,0.0,False
D4LensPINN,3,36,1,e,H13_eff3,0.0,0.0,0.0,0.0,False
D4LensPINN,3,36,1,e,H13b_eff4,0.0,0.0,0.0,0.0,False
D4LensPINN,3,36,1,e,H14_eff5,0.0,0.0,0.0,0.0,False
D4LensPINN,3,36,1,e,H14b_eff6,0.0,0.0,0.0,0.0,False
D4LensPINN,3,36,1,e,H15_before_gap,0.0,0.0,0.0,0.0,False
D4LensPINN,3,36,1,e,H16_after_gap,0.0,0.0,0.0,0.0,False
D4LensPINN,3,36,1,e,H17_pre_linear,0.0,0.0,0.0,0.0,False
D4LensPINN,3,36,1,r90,H00_preprocess,3.933781623840332,-2.0898795127868652,-1.6597237586975098,2.890044689178467,False
D4LensPINN,3,36,1,r90,H01_enc1,3.933781623840332,-2.0898795127868652,-1.6597237586975098,2.890044689178467,False
D4LensPINN,3,36,1,r90,H02_enc2,4.426107883453369,-2.0830535888671875,-2.0839719772338867,3.302783727645874,False
D4LensPINN,3,36,1,r90,H03_enc3,2.8523614406585693,-0.20547819137573242,-1.873694896697998,2.1407971382141113,False
D4LensPINN,3,36,1,r90,H04_bot,2.074733018875122,0.029050350189208984,-1.3989830017089844,1.5318355560302734,False
D4LensPINN,3,36,1,r90,H08_kappa_out,3.933781623840332,-2.0898795127868652,-1.6597237586975098,2.890044689178467,False
D4LensPINN,3,36,1,r90,H09_poisson,0.592054009437561,-0.20834732055664062,-0.2746152877807617,0.48135828971862793,False
D4LensPINN,3,36,1,r90,H10_deflection,0.592054009437561,-0.20834732055664062,-0.2746152877807617,0.48135828971862793,False
D4LensPINN,3,36,1,r90,H11_inv_lens,33.326263427734375,-14.018637657165527,-18.15774154663086,24.17465591430664,False
D4LensPINN,3,36,1,r90,H12_HANDOFF,3.7057945728302,-1.2179102897644043,-1.9769129753112793,2.8881521224975586,False
D4LensPINN,3,36,1,r90,H12b_input_proj,3.7057945728302,-1.2179102897644043,-1.9769129753112793,2.8881521224975586,False
D4LensPINN,3,36,1,r90,H13_eff3,3.7057945728302,-1.2179102897644043,-1.9769129753112793,2.8881521224975586,False
D4LensPINN,3,36,1,r90,H13b_eff4,3.7057945728302,-1.2179102897644043,-1.9769129753112793,2.8881521224975586,False
D4LensPINN,3,36,1,r90,H14_eff5,3.7057945728302,-1.2179102897644043,-1.9769129753112793,2.8881521224975586,False
D4LensPINN,3,36,1,r90,H14b_eff6,3.7057945728302,-1.2179102897644043,-1.9769129753112793,2.8881521224975586,False
D4LensPINN,3,36,1,r90,H15_before_gap,3.7057945728302,-1.2179102897644043,-1.9769129753112793,2.8881521224975586,False
D4LensPINN,3,36,1,r90,H16_after_gap,3.7057945728302,-1.2179102897644043,-1.9769129753112793,2.8881521224975586,False
D4LensPINN,3,36,1,r90,H17_pre_linear,3.7057945728302,-1.2179102897644043,-1.9769129753112793,2.8881521224975586,False
D4LensPINN,3,36,1,r180,H00_preprocess,3.1444711685180664,-2.7783451080322266,0.16245555877685547,1.4635932445526123,False
D4LensPINN,3,36,1,r180,H01_enc1,3.1444711685180664,-2.7783451080322266,0.16245555877685547,1.4635932445526123,False
D4LensPINN,3,36,1,r180,H02_enc2,3.3040969371795654,-2.9210596084594727,0.15521669387817383,1.536351203918457,False
D4LensPINN,3,36,1,r180,H03_enc3,0.0591028556227684,0.05808067321777344,-0.009055614471435547,-0.006146430969238281,False
D4LensPINN,3,36,1,r180,H04_bot,0.07137539982795715,0.06788206100463867,-0.00807332992553711,-0.020525455474853516,False
D4LensPINN,3,36,1,r180,H08_kappa_out,3.1444711685180664,-2.7783451080322266,0.16245555877685547,1.4635932445526123,False
D4LensPINN,3,36,1,r180,H09_poisson,0.5246222019195557,0.02460479736328125,-0.32230091094970703,0.41321325302124023,False
D4LensPINN,3,36,1,r180,H10_deflection,0.5246222019195557,0.02460479736328125,-0.32230091094970703,0.41321325302124023,False
D4LensPINN,3,36,1,r180,H11_inv_lens,28.73212242126465,-10.344985008239746,-16.77304458618164,20.908878326416016,False
D4LensPINN,3,36,1,r180,H12_HANDOFF,0.8129501342773438,-0.2394886016845703,-0.4265885353088379,0.6492729187011719,False
D4LensPINN,3,36,1,r180,H12b_input_proj,0.8129501342773438,-0.2394886016845703,-0.4265885353088379,0.6492729187011719,False
D4LensPINN,3,36,1,r180,H13_eff3,0.8129501342773438,-0.2394886016845703,-0.4265885353088379,0.6492729187011719,False
D4LensPINN,3,36,1,r180,H13b_eff4,0.8129501342773438,-0.2394886016845703,-0.4265885353088379,0.6492729187011719,False
D4LensPINN,3,36,1,r180,H14_eff5,0.8129501342773438,-0.2394886016845703,-0.4265885353088379,0.6492729187011719,False
D4LensPINN,3,36,1,r180,H14b_eff6,0.8129501342773438,-0.2394886016845703,-0.4265885353088379,0.6492729187011719,False
D4LensPINN,3,36,1,r180,H15_before_gap,0.8129501342773438,-0.2394886016845703,-0.4265885353088379,0.6492729187011719,False
D4LensPINN,3,36,1,r180,H16_after_gap,0.8129501342773438,-0.2394886016845703,-0.4265885353088379,0.6492729187011719,False
D4LensPINN,3,36,1,r180,H17_pre_linear,0.8129501342773438,-0.2394886016845703,-0.4265885353088379,0.6492729187011719,False
D4LensPINN,3,36,1,r270,H00_preprocess,1.9099020957946777,-0.8966751098632812,-0.8616495132446289,1.4495723247528076,False
D4LensPINN,3,36,1,r270,H01_enc1,1.9099020957946777,-0.8966751098632812,-0.8616495132446289,1.4495723247528076,False
D4LensPINN,3,36,1,r270,H02_enc2,2.5471739768981934,-0.7344756126403809,-1.4264259338378906,1.9783706665039062,False
D4LensPINN,3,36,1,r270,H03_enc3,2.687483310699463,-0.05216646194458008,-1.810427188873291,1.985497236251831,False
D4LensPINN,3,36,1,r270,H04_bot,2.03059720993042,0.07426881790161133,-1.3842906951904297,1.4837617874145508,False
D4LensPINN,3,36,1,r270,H08_kappa_out,1.9099020957946777,-0.8966751098632812,-0.8616495132446289,1.4495723247528076,False
D4LensPINN,3,36,1,r270,H09_poisson,0.057203661650419235,-0.004372596740722656,-0.007040500640869141,0.056600093841552734,False
D4LensPINN,3,36,1,r270,H10_deflection,0.057203661650419235,-0.004372596740722656,-0.007040500640869141,0.056600093841552734,False
D4LensPINN,3,36,1,r270,H11_inv_lens,29.94338607788086,-10.536690711975098,-17.54544448852539,21.85730743408203,False
D4LensPINN,3,36,1,r270,H12_HANDOFF,6.340428352355957,0.04331541061401367,-4.3681230545043945,4.595503807067871,False
D4LensPINN,3,36,1,r270,H12b_input_proj,6.340428352355957,0.04331541061401367,-4.3681230545043945,4.595503807067871,False
D4LensPINN,3,36,1,r270,H13_eff3,6.340428352355957,0.04331541061401367,-4.3681230545043945,4.595503807067871,False
D4LensPINN,3,36,1,r270,H13b_eff4,6.340428352355957,0.04331541061401367,-4.3681230545043945,4.595503807067871,False
D4LensPINN,3,36,1,r270,H14_eff5,6.340428352355957,0.04331541061401367,-4.3681230545043945,4.595503807067871,False
D4LensPINN,3,36,1,r270,H14b_eff6,6.340428352355957,0.04331541061401367,-4.3681230545043945,4.595503807067871,False
D4LensPINN,3,36,1,r270,H15_before_gap,6.340428352355957,0.04331541061401367,-4.3681230545043945,4.595503807067871,False
D4LensPINN,3,36,1,r270,H16_after_gap,6.340428352355957,0.04331541061401367,-4.3681230545043945,4.595503807067871,False
D4LensPINN,3,36,1,r270,H17_pre_linear,6.340428352355957,0.04331541061401367,-4.3681230545043945,4.595503807067871,False
D4LensPINN,3,36,1,flip_h,H00_preprocess,2.1087467670440674,-1.626481056213379,-0.25388669967651367,1.317920207977295,False
D4LensPINN,3,36,1,flip_h,H01_enc1,2.1087467670440674,-1.626481056213379,-0.25388669967651367,1.317920207977295,False
D4LensPINN,3,36,1,flip_h,H02_enc2,2.1938858032226562,-1.5564446449279785,-0.44228219985961914,1.4815537929534912,False
D4LensPINN,3,36,1,flip_h,H03_enc3,0.11454260349273682,0.10852575302124023,-0.03619575500488281,-0.005660057067871094,False
D4LensPINN,3,36,1,flip_h,H04_bot,0.10042183846235275,0.09484529495239258,-0.010603904724121094,-0.03124856948852539,False
D4LensPINN,3,36,1,flip_h,H08_kappa_out,2.1087467670440674,-1.626481056213379,-0.25388669967651367,1.317920207977295,False
D4LensPINN,3,36,1,flip_h,H09_poisson,0.6235955953598022,0.03562211990356445,-0.4151744842529297,0.4639317989349365,False
D4LensPINN,3,36,1,flip_h,H10_deflection,0.6235955953598022,0.03562211990356445,-0.4151744842529297,0.4639317989349365,False
D4LensPINN,3,36,1,flip_h,H11_inv_lens,8.295819282531738,2.0799739360809326,-5.956535339355469,5.386464595794678,False
D4LensPINN,3,36,1,flip_h,H12_HANDOFF,2.2042133808135986,1.0902276039123535,-1.589643955230713,1.069108009338379,False
D4LensPINN,3,36,1,flip_h,H12b_input_proj,2.2042133808135986,1.0902276039123535,-1.589643955230713,1.069108009338379,False
D4LensPINN,3,36,1,flip_h,H13_eff3,2.2042133808135986,1.0902276039123535,-1.589643955230713,1.069108009338379,False
D4LensPINN,3,36,1,flip_h,H13b_eff4,2.2042133808135986,1.0902276039123535,-1.589643955230713,1.069108009338379,False
D4LensPINN,3,36,1,flip_h,H14_eff5,2.2042133808135986,1.0902276039123535,-1.589643955230713,1.069108009338379,False
D4LensPINN,3,36,1,flip_h,H14b_eff6,2.2042133808135986,1.0902276039123535,-1.589643955230713,1.069108009338379,False
D4LensPINN,3,36,1,flip_h,H15_before_gap,2.2042133808135986,1.0902276039123535,-1.589643955230713,1.069108009338379,False
D4LensPINN,3,36,1,flip_h,H16_after_gap,2.2042133808135986,1.0902276039123535,-1.589643955230713,1.069108009338379,False
D4LensPINN,3,36,1,flip_h,H17_pre_linear,2.2042133808135986,1.0902276039123535,-1.589643955230713,1.069108009338379,False
D4LensPINN,3,36,1,flip_h_r90,H00_preprocess,4.023105144500732,-2.386692523956299,-1.4306859970092773,2.905548095703125,False
D4LensPINN,3,36,1,flip_h_r90,H01_enc1,4.023105144500732,-2.386692523956299,-1.4306859970092773,2.905548095703125,False
D4LensPINN,3,36,1,flip_h_r90,H02_enc2,4.330634117126465,-2.7160234451293945,-1.4171934127807617,3.060910224914551,False
D4LensPINN,3,36,1,flip_h_r90,H03_enc3,2.5612375736236572,-0.1426410675048828,-1.6829643249511719,1.9254150390625,False
D4LensPINN,3,36,1,flip_h_r90,H04_bot,1.8588734865188599,0.08724546432495117,-1.2657675743103027,1.3585400581359863,False
D4LensPINN,3,36,1,flip_h_r90,H08_kappa_out,4.023105144500732,-2.386692523956299,-1.4306859970092773,2.905548095703125,False
D4LensPINN,3,36,1,flip_h_r90,H09_poisson,0.556699275970459,-0.03605794906616211,-0.343048095703125,0.43695759773254395,False
D4LensPINN,3,36,1,flip_h_r90,H10_deflection,0.556699275970459,-0.03605794906616211,-0.343048095703125,0.43695759773254395,False
D4LensPINN,3,36,1,flip_h_r90,H11_inv_lens,44.168304443359375,-21.676231384277344,-22.296836853027344,31.366085052490234,False
D4LensPINN,3,36,1,flip_h_r90,H12_HANDOFF,1.7409796714782715,0.6459541320800781,-1.236588478088379,1.0414423942565918,False
D4LensPINN,3,36,1,flip_h_r90,H12b_input_proj,1.7409796714782715,0.6459541320800781,-1.236588478088379,1.0414423942565918,False
D4LensPINN,3,36,1,flip_h_r90,H13_eff3,1.7409796714782715,0.6459541320800781,-1.236588478088379,1.0414423942565918,False
D4LensPINN,3,36,1,flip_h_r90,H13b_eff4,1.7409796714782715,0.6459541320800781,-1.236588478088379,1.0414423942565918,False
D4LensPINN,3,36,1,flip_h_r90,H14_eff5,1.7409796714782715,0.6459541320800781,-1.236588478088379,1.0414423942565918,False
D4LensPINN,3,36,1,flip_h_r90,H14b_eff6,1.7409796714782715,0.6459541320800781,-1.236588478088379,1.0414423942565918,False
D4LensPINN,3,36,1,flip_h_r90,H15_before_gap,1.7409796714782715,0.6459541320800781,-1.236588478088379,1.0414423942565918,False
D4LensPINN,3,36,1,flip_h_r90,H16_after_gap,1.7409796714782715,0.6459541320800781,-1.236588478088379,1.0414423942565918,False
D4LensPINN,3,36,1,flip_h_r90,H17_pre_linear,1.7409796714782715,0.6459541320800781,-1.236588478088379,1.0414423942565918,False
D4LensPINN,3,36,1,flip_h_r180,H00_preprocess,2.588657855987549,0.13579702377319336,-1.798243522644043,1.8571560382843018,False
D4LensPINN,3,36,1,flip_h_r180,H01_enc1,2.588657855987549,0.13579702377319336,-1.798243522644043,1.8571560382843018,False
D4LensPINN,3,36,1,flip_h_r180,H02_enc2,2.496704339981079,0.027767658233642578,-1.6977219581604004,1.8304376602172852,False
D4LensPINN,3,36,1,flip_h_r180,H03_enc3,0.3127524256706238,0.29024553298950195,-0.07831287384033203,-0.08624792098999023,False
D4LensPINN,3,36,1,flip_h_r180,H04_bot,0.2053721398115158,0.18911457061767578,-0.04258537292480469,-0.06782245635986328,False
D4LensPINN,3,36,1,flip_h_r180,H08_kappa_out,2.588657855987549,0.13579702377319336,-1.798243522644043,1.8571560382843018,False
D4LensPINN,3,36,1,flip_h_r180,H09_poisson,0.2671203911304474,0.09872722625732422,0.13198280334472656,-0.2102065086364746,False
D4LensPINN,3,36,1,flip_h_r180,H10_deflection,0.2671203911304474,0.09872722625732422,0.13198280334472656,-0.2102065086364746,False
D4LensPINN,3,36,1,flip_h_r180,H11_inv_lens,25.971450805664062,-7.833029747009277,-15.864604949951172,19.012474060058594,False
D4LensPINN,3,36,1,flip_h_r180,H12_HANDOFF,5.285238265991211,-0.5198612213134766,-3.4515600204467773,3.9686548709869385,False
D4LensPINN,3,36,1,flip_h_r180,H12b_input_proj,5.285238265991211,-0.5198612213134766,-3.4515600204467773,3.9686548709869385,False
D4LensPINN,3,36,1,flip_h_r180,H13_eff3,5.285238265991211,-0.5198612213134766,-3.4515600204467773,3.9686548709869385,False
D4LensPINN,3,36,1,flip_h_r180,H13b_eff4,5.285238265991211,-0.5198612213134766,-3.4515600204467773,3.9686548709869385,False
D4LensPINN,3,36,1,flip_h_r180,H14_eff5,5.285238265991211,-0.5198612213134766,-3.4515600204467773,3.9686548709869385,False
D4LensPINN,3,36,1,flip_h_r180,H14b_eff6,5.285238265991211,-0.5198612213134766,-3.4515600204467773,3.9686548709869385,False
D4LensPINN,3,36,1,flip_h_r180,H15_before_gap,5.285238265991211,-0.5198612213134766,-3.4515600204467773,3.9686548709869385,False
D4LensPINN,3,36,1,flip_h_r180,H16_after_gap,5.285238265991211,-0.5198612213134766,-3.4515600204467773,3.9686548709869385,False
D4LensPINN,3,36,1,flip_h_r180,H17_pre_linear,5.285238265991211,-0.5198612213134766,-3.4515600204467773,3.9686548709869385,False
D4LensPINN,3,36,1,flip_h_r270,H00_preprocess,2.049888849258423,-0.5697746276855469,-1.1356897354125977,1.608604907989502,False
D4LensPINN,3,36,1,flip_h_r270,H01_enc1,2.049888849258423,-0.5697746276855469,-1.1356897354125977,1.608604907989502,False
D4LensPINN,3,36,1,flip_h_r270,H02_enc2,3.036289930343628,-0.4202141761779785,-1.8958077430725098,2.3341784477233887,False
D4LensPINN,3,36,1,flip_h_r270,H03_enc3,2.4850409030914307,-0.008960247039794922,-1.6832499504089355,1.8281185626983643,False
D4LensPINN,3,36,1,flip_h_r270,H04_bot,1.9863663911819458,0.14465951919555664,-1.3717536926269531,1.4293413162231445,False
D4LensPINN,3,36,1,flip_h_r270,H08_kappa_out,2.049888849258423,-0.5697746276855469,-1.1356897354125977,1.608604907989502,False
D4LensPINN,3,36,1,flip_h_r270,H09_poisson,0.5827754139900208,-0.009704113006591797,-0.38718509674072266,0.4354546070098877,False
D4LensPINN,3,36,1,flip_h_r270,H10_deflection,0.5827754139900208,-0.009704113006591797,-0.38718509674072266,0.4354546070098877,False
D4LensPINN,3,36,1,flip_h_r270,H11_inv_lens,22.275650024414062,-4.580731391906738,-14.412040710449219,16.355873107910156,False
D4LensPINN,3,36,1,flip_h_r270,H12_HANDOFF,8.434711456298828,0.09169864654541016,-5.84229850769043,6.083049774169922,False
D4LensPINN,3,36,1,flip_h_r270,H12b_input_proj,8.434711456298828,0.09169864654541016,-5.84229850769043,6.083049774169922,False
D4LensPINN,3,36,1,flip_h_r270,H13_eff3,8.434711456298828,0.09169864654541016,-5.84229850769043,6.083049774169922,False
D4LensPINN,3,36,1,flip_h_r270,H13b_eff4,8.434711456298828,0.09169864654541016,-5.84229850769043,6.083049774169922,False
D4LensPINN,3,36,1,flip_h_r270,H14_eff5,8.434711456298828,0.09169864654541016,-5.84229850769043,6.083049774169922,False
D4LensPINN,3,36,1,flip_h_r270,H14b_eff6,8.434711456298828,0.09169864654541016,-5.84229850769043,6.083049774169922,False
D4LensPINN,3,36,1,flip_h_r270,H15_before_gap,8.434711456298828,0.09169864654541016,-5.84229850769043,6.083049774169922,False
D4LensPINN,3,36,1,flip_h_r270,H16_after_gap,8.434711456298828,0.09169864654541016,-5.84229850769043,6.083049774169922,False
D4LensPINN,3,36,1,flip_h_r270,H17_pre_linear,8.434711456298828,0.09169864654541016,-5.84229850769043,6.083049774169922,False
D4LensPINN,4,49,0,e,H00_preprocess,0.0,0.0,0.0,0.0,False
D4LensPINN,4,49,0,e,H01_enc1,0.0,0.0,0.0,0.0,False
D4LensPINN,4,49,0,e,H02_enc2,0.0,0.0,0.0,0.0,False
D4LensPINN,4,49,0,e,H03_enc3,0.0,0.0,0.0,0.0,False
D4LensPINN,4,49,0,e,H04_bot,0.0,0.0,0.0,0.0,False
D4LensPINN,4,49,0,e,H08_kappa_out,0.0,0.0,0.0,0.0,False
D4LensPINN,4,49,0,e,H09_poisson,0.0,0.0,0.0,0.0,False
D4LensPINN,4,49,0,e,H10_deflection,0.0,0.0,0.0,0.0,False
D4LensPINN,4,49,0,e,H11_inv_lens,0.0,0.0,0.0,0.0,False
D4LensPINN,4,49,0,e,H12_HANDOFF,0.0,0.0,0.0,0.0,False
D4LensPINN,4,49,0,e,H12b_input_proj,0.0,0.0,0.0,0.0,False
D4LensPINN,4,49,0,e,H13_eff3,0.0,0.0,0.0,0.0,False
D4LensPINN,4,49,0,e,H13b_eff4,0.0,0.0,0.0,0.0,False
D4LensPINN,4,49,0,e,H14_eff5,0.0,0.0,0.0,0.0,False
D4LensPINN,4,49,0,e,H14b_eff6,0.0,0.0,0.0,0.0,False
D4LensPINN,4,49,0,e,H15_before_gap,0.0,0.0,0.0,0.0,False
D4LensPINN,4,49,0,e,H16_after_gap,0.0,0.0,0.0,0.0,False
D4LensPINN,4,49,0,e,H17_pre_linear,0.0,0.0,0.0,0.0,False
D4LensPINN,4,49,0,r90,H00_preprocess,6.5779032707214355,-5.972076416015625,1.5996195077896118,2.2459607124328613,False
D4LensPINN,4,49,0,r90,H01_enc1,6.5779032707214355,-5.972076416015625,1.5996195077896118,2.2459607124328613,False
D4LensPINN,4,49,0,r90,H02_enc2,3.821662664413452,-3.3167946338653564,0.8283416032791138,1.7081657648086548,False
D4LensPINN,4,49,0,r90,H03_enc3,10.546631813049316,-8.755802154541016,-0.45884421467781067,5.8614702224731445,False
D4LensPINN,4,49,0,r90,H04_bot,9.461732864379883,-8.062386512756348,0.14005887508392334,4.950019836425781,False
D4LensPINN,4,49,0,r90,H08_kappa_out,6.5779032707214355,-5.972076416015625,1.5996195077896118,2.2459607124328613,False
D4LensPINN,4,49,0,r90,H09_poisson,0.5128622055053711,-0.1773698329925537,-0.19268691539764404,0.44095277786254883,False
D4LensPINN,4,49,0,r90,H10_deflection,0.5128622055053711,-0.1773698329925537,-0.19268691539764404,0.44095277786254883,False
D4LensPINN,4,49,0,r90,H11_inv_lens,26.780263900756836,-17.825645446777344,-9.034843444824219,17.82695960998535,False
D4LensPINN,4,49,0,r90,H12_HANDOFF,6.475609302520752,-4.630959510803223,-0.9728378057479858,4.420556545257568,False
D4LensPINN,4,49,0,r90,H12b_input_proj,6.475609302520752,-4.630959510803223,-0.9728378057479858,4.420556545257568,False
D4LensPINN,4,49,0,r90,H13_eff3,6.475609302520752,-4.630959510803223,-0.9728378057479858,4.420556545257568,False
D4LensPINN,4,49,0,r90,H13b_eff4,6.475609302520752,-4.630959510803223,-0.9728378057479858,4.420556545257568,False
D4LensPINN,4,49,0,r90,H14_eff5,6.475609302520752,-4.630959510803223,-0.9728378057479858,4.420556545257568,False
D4LensPINN,4,49,0,r90,H14b_eff6,6.475609302520752,-4.630959510803223,-0.9728378057479858,4.420556545257568,False
D4LensPINN,4,49,0,r90,H15_before_gap,6.475609302520752,-4.630959510803223,-0.9728378057479858,4.420556545257568,False
D4LensPINN,4,49,0,r90,H16_after_gap,6.475609302520752,-4.630959510803223,-0.9728378057479858,4.420556545257568,False
D4LensPINN,4,49,0,r90,H17_pre_linear,6.475609302520752,-4.630959510803223,-0.9728378057479858,4.420556545257568,False
D4LensPINN,4,49,0,r180,H00_preprocess,6.2063398361206055,-4.368106365203857,-1.0518876314163208,4.281569004058838,False
D4LensPINN,4,49,0,r180,H01_enc1,6.2063398361206055,-4.368106365203857,-1.0518876314163208,4.281569004058838,False
D4LensPINN,4,49,0,r180,H02_enc2,4.632833957672119,-2.7562062740325928,-1.127687692642212,3.548915147781372,False
D4LensPINN,4,49,0,r180,H03_enc3,0.467786580324173,-0.28187108039855957,-0.009890209883451462,0.3731958866119385,False
D4LensPINN,4,49,0,r180,H04_bot,0.3951561152935028,-0.25157904624938965,0.01766090840101242,0.3042111396789551,False
D4LensPINN,4,49,0,r180,H08_kappa_out,6.2063398361206055,-4.368106365203857,-1.0518876314163208,4.281569004058838,False
D4LensPINN,4,49,0,r180,H09_poisson,0.44873863458633423,0.22521638870239258,-0.3668026030063629,0.12688493728637695,False
D4LensPINN,4,49,0,r180,H10_deflection,0.44873863458633423,0.22521638870239258,-0.3668026030063629,0.12688493728637695,False
D4LensPINN,4,49,0,r180,H11_inv_lens,22.73249626159668,-15.374602317810059,-7.5404767990112305,14.950894355773926,False
D4LensPINN,4,49,0,r180,H12_HANDOFF,2.9378607273101807,-2.342373847961426,0.4033401608467102,1.7267385721206665,False
D4LensPINN,4,49,0,r180,H12b_input_proj,2.9378607273101807,-2.342373847961426,0.4033401608467102,1.7267385721206665,False
D4LensPINN,4,49,0,r180,H13_eff3,2.9378607273101807,-2.342373847961426,0.4033401608467102,1.7267385721206665,False
D4LensPINN,4,49,0,r180,H13b_eff4,2.9378607273101807,-2.342373847961426,0.4033401608467102,1.7267385721206665,False
D4LensPINN,4,49,0,r180,H14_eff5,2.9378607273101807,-2.342373847961426,0.4033401608467102,1.7267385721206665,False
D4LensPINN,4,49,0,r180,H14b_eff6,2.9378607273101807,-2.342373847961426,0.4033401608467102,1.7267385721206665,False
D4LensPINN,4,49,0,r180,H15_before_gap,2.9378607273101807,-2.342373847961426,0.4033401608467102,1.7267385721206665,False
D4LensPINN,4,49,0,r180,H16_after_gap,2.9378607273101807,-2.342373847961426,0.4033401608467102,1.7267385721206665,False
D4LensPINN,4,49,0,r180,H17_pre_linear,2.9378607273101807,-2.342373847961426,0.4033401608467102,1.7267385721206665,False
D4LensPINN,4,49,0,r270,H00_preprocess,8.407632827758789,-7.147304534912109,0.03579304739832878,4.427533149719238,False
D4LensPINN,4,49,0,r270,H01_enc1,8.407632827758789,-7.147304534912109,0.03579304739832878,4.427533149719238,False
D4LensPINN,4,49,0,r270,H02_enc2,7.756232738494873,-6.529664039611816,-0.01457546278834343,4.185978889465332,False
D4LensPINN,4,49,0,r270,H03_enc3,9.24962329864502,-7.413315773010254,-0.6906678080558777,5.488284111022949,False
D4LensPINN,4,49,0,r270,H04_bot,8.235367774963379,-6.84967565536499,-0.03614101558923721,4.571861743927002,False
D4LensPINN,4,49,0,r270,H08_kappa_out,8.407632827758789,-7.147304534912109,0.03579304739832878,4.427533149719238,False
D4LensPINN,4,49,0,r270,H09_poisson,0.6131784915924072,-0.37633252143859863,-0.015522334724664688,0.4838602542877197,False
D4LensPINN,4,49,0,r270,H10_deflection,0.6131784915924072,-0.37633252143859863,-0.015522334724664688,0.4838602542877197,False
D4LensPINN,4,49,0,r270,H11_inv_lens,14.430354118347168,-9.590550422668457,-4.301142692565918,9.887194633483887,False
D4LensPINN,4,49,0,r270,H12_HANDOFF,8.22773551940918,-5.610923767089844,-1.9139792919158936,5.705247402191162,False
D4LensPINN,4,49,0,r270,H12b_input_proj,8.22773551940918,-5.610923767089844,-1.9139792919158936,5.705247402191162,False
D4LensPINN,4,49,0,r270,H13_eff3,8.22773551940918,-5.610923767089844,-1.9139792919158936,5.705247402191162,False
D4LensPINN,4,49,0,r270,H13b_eff4,8.22773551940918,-5.610923767089844,-1.9139792919158936,5.705247402191162,False
D4LensPINN,4,49,0,r270,H14_eff5,8.22773551940918,-5.610923767089844,-1.9139792919158936,5.705247402191162,False
D4LensPINN,4,49,0,r270,H14b_eff6,8.22773551940918,-5.610923767089844,-1.9139792919158936,5.705247402191162,False
D4LensPINN,4,49,0,r270,H15_before_gap,8.22773551940918,-5.610923767089844,-1.9139792919158936,5.705247402191162,False
D4LensPINN,4,49,0,r270,H16_after_gap,8.22773551940918,-5.610923767089844,-1.9139792919158936,5.705247402191162,False
D4LensPINN,4,49,0,r270,H17_pre_linear,8.22773551940918,-5.610923767089844,-1.9139792919158936,5.705247402191162,False
D4LensPINN,4,49,0,flip_h,H00_preprocess,0.9075226783752441,-0.6291506290435791,0.6351274251937866,-0.1561412811279297,False
D4LensPINN,4,49,0,flip_h,H01_enc1,0.9075226783752441,-0.6291506290435791,0.6351274251937866,-0.1561412811279297,False
D4LensPINN,4,49,0,flip_h,H02_enc2,3.4525749683380127,-2.7706093788146973,0.3051449954509735,2.03737211227417,False
D4LensPINN,4,49,0,flip_h,H03_enc3,1.6364995241165161,-1.2259228229522705,0.2856638729572296,1.0457724332809448,False
D4LensPINN,4,49,0,flip_h,H04_bot,1.3837602138519287,-1.0326478481292725,0.26060810685157776,0.8834670782089233,False
D4LensPINN,4,49,0,flip_h,H08_kappa_out,0.9075226783752441,-0.6291506290435791,0.6351274251937866,-0.1561412811279297,False
D4LensPINN,4,49,0,flip_h,H09_poisson,0.4947875738143921,0.26793599128723145,-0.4004274308681488,0.11261844635009766,False
D4LensPINN,4,49,0,flip_h,H10_deflection,0.4947875738143921,0.26793599128723145,-0.4004274308681488,0.11261844635009766,False
D4LensPINN,4,49,0,flip_h,H11_inv_lens,12.164851188659668,-8.178582191467285,-3.692737340927124,8.213288307189941,False
D4LensPINN,4,49,0,flip_h,H12_HANDOFF,2.0748581886291504,-1.3244738578796387,-0.05801188200712204,1.5960701704025269,False
D4LensPINN,4,49,0,flip_h,H12b_input_proj,2.0748581886291504,-1.3244738578796387,-0.05801188200712204,1.5960701704025269,False
D4LensPINN,4,49,0,flip_h,H13_eff3,2.0748581886291504,-1.3244738578796387,-0.05801188200712204,1.5960701704025269,False
D4LensPINN,4,49,0,flip_h,H13b_eff4,2.0748581886291504,-1.3244738578796387,-0.05801188200712204,1.5960701704025269,False
D4LensPINN,4,49,0,flip_h,H14_eff5,2.0748581886291504,-1.3244738578796387,-0.05801188200712204,1.5960701704025269,False
D4LensPINN,4,49,0,flip_h,H14b_eff6,2.0748581886291504,-1.3244738578796387,-0.05801188200712204,1.5960701704025269,False
D4LensPINN,4,49,0,flip_h,H15_before_gap,2.0748581886291504,-1.3244738578796387,-0.05801188200712204,1.5960701704025269,False
D4LensPINN,4,49,0,flip_h,H16_after_gap,2.0748581886291504,-1.3244738578796387,-0.05801188200712204,1.5960701704025269,False
D4LensPINN,4,49,0,flip_h,H17_pre_linear,2.0748581886291504,-1.3244738578796387,-0.05801188200712204,1.5960701704025269,False
D4LensPINN,4,49,0,flip_h_r90,H00_preprocess,5.8299150466918945,-5.185446739196777,1.1342318058013916,2.4109268188476562,False
D4LensPINN,4,49,0,flip_h_r90,H01_enc1,5.8299150466918945,-5.185446739196777,1.1342318058013916,2.4109268188476562,False
D4LensPINN,4,49,0,flip_h_r90,H02_enc2,3.9512038230895996,-3.3880298137664795,0.7297520637512207,1.8975579738616943,False
D4LensPINN,4,49,0,flip_h_r90,H03_enc3,7.836220741271973,-6.761088848114014,0.5553404092788696,3.922452211380005,False
D4LensPINN,4,49,0,flip_h_r90,H04_bot,7.245084285736084,-6.1592116355896,0.35307547450065613,3.7987756729125977,False
D4LensPINN,4,49,0,flip_h_r90,H08_kappa_out,5.8299150466918945,-5.185446739196777,1.1342318058013916,2.4109268188476562,False
D4LensPINN,4,49,0,flip_h_r90,H09_poisson,0.45975422859191895,-0.23779916763305664,-0.0690484344959259,0.3873729705810547,False
D4LensPINN,4,49,0,flip_h_r90,H10_deflection,0.45975422859191895,-0.23779916763305664,-0.0690484344959259,0.3873729705810547,False
D4LensPINN,4,49,0,flip_h_r90,H11_inv_lens,17.67388153076172,-11.835542678833008,-5.484454154968262,11.925048828125,False
D4LensPINN,4,49,0,flip_h_r90,H12_HANDOFF,7.344856262207031,-5.173449516296387,-1.3208280801773071,5.043584823608398,False
D4LensPINN,4,49,0,flip_h_r90,H12b_input_proj,7.344856262207031,-5.173449516296387,-1.3208280801773071,5.043584823608398,False
D4LensPINN,4,49,0,flip_h_r90,H13_eff3,7.344856262207031,-5.173449516296387,-1.3208280801773071,5.043584823608398,False
D4LensPINN,4,49,0,flip_h_r90,H13b_eff4,7.344856262207031,-5.173449516296387,-1.3208280801773071,5.043584823608398,False
D4LensPINN,4,49,0,flip_h_r90,H14_eff5,7.344856262207031,-5.173449516296387,-1.3208280801773071,5.043584823608398,False
D4LensPINN,4,49,0,flip_h_r90,H14b_eff6,7.344856262207031,-5.173449516296387,-1.3208280801773071,5.043584823608398,False
D4LensPINN,4,49,0,flip_h_r90,H15_before_gap,7.344856262207031,-5.173449516296387,-1.3208280801773071,5.043584823608398,False
D4LensPINN,4,49,0,flip_h_r90,H16_after_gap,7.344856262207031,-5.173449516296387,-1.3208280801773071,5.043584823608398,False
D4LensPINN,4,49,0,flip_h_r90,H17_pre_linear,7.344856262207031,-5.173449516296387,-1.3208280801773071,5.043584823608398,False
D4LensPINN,4,49,0,flip_h_r180,H00_preprocess,1.603462815284729,-1.3398380279541016,0.6758427619934082,0.5649459362030029,False
D4LensPINN,4,49,0,flip_h_r180,H01_enc1,1.603462815284729,-1.3398380279541016,0.6758427619934082,0.5649459362030029,False
D4LensPINN,4,49,0,flip_h_r180,H02_enc2,0.3022800087928772,-0.2386326789855957,0.1419171243906021,0.11952900886535645,False
D4LensPINN,4,49,0,flip_h_r180,H03_enc3,0.02755747176706791,0.020010709762573242,-0.004184290766716003,-0.018479108810424805,False
D4LensPINN,4,49,0,flip_h_r180,H04_bot,0.027240274474024773,-0.0004951953887939453,0.018678337335586548,-0.019821882247924805,False
D4LensPINN,4,49,0,flip_h_r180,H08_kappa_out,1.603462815284729,-1.3398380279541016,0.6758427619934082,0.5649459362030029,False
D4LensPINN,4,49,0,flip_h_r180,H09_poisson,0.46660393476486206,-0.3503086566925049,0.14876499772071838,0.26994824409484863,False
D4LensPINN,4,49,0,flip_h_r180,H10_deflection,0.46660393476486206,-0.3503086566925049,0.14876499772071838,0.26994824409484863,False
D4LensPINN,4,49,0,flip_h_r180,H11_inv_lens,25.259225845336914,-16.45128631591797,-8.526890754699707,17.16612434387207,False
D4LensPINN,4,49,0,flip_h_r180,H12_HANDOFF,0.8134556412696838,-0.5565435886383057,-0.00404633954167366,0.5932562351226807,False
D4LensPINN,4,49,0,flip_h_r180,H12b_input_proj,0.8134556412696838,-0.5565435886383057,-0.00404633954167366,0.5932562351226807,False
D4LensPINN,4,49,0,flip_h_r180,H13_eff3,0.8134556412696838,-0.5565435886383057,-0.00404633954167366,0.5932562351226807,False
D4LensPINN,4,49,0,flip_h_r180,H13b_eff4,0.8134556412696838,-0.5565435886383057,-0.00404633954167366,0.5932562351226807,False
D4LensPINN,4,49,0,flip_h_r180,H14_eff5,0.8134556412696838,-0.5565435886383057,-0.00404633954167366,0.5932562351226807,False
D4LensPINN,4,49,0,flip_h_r180,H14b_eff6,0.8134556412696838,-0.5565435886383057,-0.00404633954167366,0.5932562351226807,False
D4LensPINN,4,49,0,flip_h_r180,H15_before_gap,0.8134556412696838,-0.5565435886383057,-0.00404633954167366,0.5932562351226807,False
D4LensPINN,4,49,0,flip_h_r180,H16_after_gap,0.8134556412696838,-0.5565435886383057,-0.00404633954167366,0.5932562351226807,False
D4LensPINN,4,49,0,flip_h_r180,H17_pre_linear,0.8134556412696838,-0.5565435886383057,-0.00404633954167366,0.5932562351226807,False
D4LensPINN,4,49,0,flip_h_r270,H00_preprocess,5.893274784088135,-5.325808525085449,1.967268943786621,1.5799692869186401,False
D4LensPINN,4,49,0,flip_h_r270,H01_enc1,5.893274784088135,-5.325808525085449,1.967268943786621,1.5799692869186401,False
D4LensPINN,4,49,0,flip_h_r270,H02_enc2,3.8704099655151367,-3.0542571544647217,0.03868946060538292,2.3769917488098145,False
D4LensPINN,4,49,0,flip_h_r270,H03_enc3,8.953605651855469,-7.692461967468262,0.3253667652606964,4.570254802703857,False
D4LensPINN,4,49,0,flip_h_r270,H04_bot,7.86795711517334,-6.838926315307617,0.6389954090118408,3.8373847007751465,False
D4LensPINN,4,49,0,flip_h_r270,H08_kappa_out,5.893274784088135,-5.325808525085449,1.967268943786621,1.5799692869186401,False
D4LensPINN,4,49,0,flip_h_r270,H09_poisson,0.6279348134994507,-0.26059842109680176,-0.1865743100643158,0.5399820804595947,False
D4LensPINN,4,49,0,flip_h_r270,H10_deflection,0.6279348134994507,-0.26059842109680176,-0.1865743100643158,0.5399820804595947,False
D4LensPINN,4,49,0,flip_h_r270,H11_inv_lens,39.68648910522461,-26.566810607910156,-13.743473052978516,26.083309173583984,False
D4LensPINN,4,49,0,flip_h_r270,H12_HANDOFF,9.675987243652344,-6.54721736907959,-2.3883121013641357,6.712275505065918,False
D4LensPINN,4,49,0,flip_h_r270,H12b_input_proj,9.675987243652344,-6.54721736907959,-2.3883121013641357,6.712275505065918,False
D4LensPINN,4,49,0,flip_h_r270,H13_eff3,9.675987243652344,-6.54721736907959,-2.3883121013641357,6.712275505065918,False
D4LensPINN,4,49,0,flip_h_r270,H13b_eff4,9.675987243652344,-6.54721736907959,-2.3883121013641357,6.712275505065918,False
D4LensPINN,4,49,0,flip_h_r270,H14_eff5,9.675987243652344,-6.54721736907959,-2.3883121013641357,6.712275505065918,False
D4LensPINN,4,49,0,flip_h_r270,H14b_eff6,9.675987243652344,-6.54721736907959,-2.3883121013641357,6.712275505065918,False
D4LensPINN,4,49,0,flip_h_r270,H15_before_gap,9.675987243652344,-6.54721736907959,-2.3883121013641357,6.712275505065918,False
D4LensPINN,4,49,0,flip_h_r270,H16_after_gap,9.675987243652344,-6.54721736907959,-2.3883121013641357,6.712275505065918,False
D4LensPINN,4,49,0,flip_h_r270,H17_pre_linear,9.675987243652344,-6.54721736907959,-2.3883121013641357,6.712275505065918,False
D4LensPINN,5,62,0,e,H00_preprocess,0.0,0.0,0.0,0.0,False
D4LensPINN,5,62,0,e,H01_enc1,0.0,0.0,0.0,0.0,False
D4LensPINN,5,62,0,e,H02_enc2,0.0,0.0,0.0,0.0,False
D4LensPINN,5,62,0,e,H03_enc3,0.0,0.0,0.0,0.0,False
D4LensPINN,5,62,0,e,H04_bot,0.0,0.0,0.0,0.0,False
D4LensPINN,5,62,0,e,H08_kappa_out,0.0,0.0,0.0,0.0,False
D4LensPINN,5,62,0,e,H09_poisson,0.0,0.0,0.0,0.0,False
D4LensPINN,5,62,0,e,H10_deflection,0.0,0.0,0.0,0.0,False
D4LensPINN,5,62,0,e,H11_inv_lens,0.0,0.0,0.0,0.0,False
D4LensPINN,5,62,0,e,H12_HANDOFF,0.0,0.0,0.0,0.0,False
D4LensPINN,5,62,0,e,H12b_input_proj,0.0,0.0,0.0,0.0,False
D4LensPINN,5,62,0,e,H13_eff3,0.0,0.0,0.0,0.0,False
D4LensPINN,5,62,0,e,H13b_eff4,0.0,0.0,0.0,0.0,False
D4LensPINN,5,62,0,e,H14_eff5,0.0,0.0,0.0,0.0,False
D4LensPINN,5,62,0,e,H14b_eff6,0.0,0.0,0.0,0.0,False
D4LensPINN,5,62,0,e,H15_before_gap,0.0,0.0,0.0,0.0,False
D4LensPINN,5,62,0,e,H16_after_gap,0.0,0.0,0.0,0.0,False
D4LensPINN,5,62,0,e,H17_pre_linear,0.0,0.0,0.0,0.0,False
D4LensPINN,5,62,0,r90,H00_preprocess,4.4688334465026855,-3.496676445007324,0.12979114055633545,2.779726982116699,False
D4LensPINN,5,62,0,r90,H01_enc1,4.4688334465026855,-3.496676445007324,0.12979114055633545,2.779726982116699,False
D4LensPINN,5,62,0,r90,H02_enc2,3.2175416946411133,-2.271148920059204,-0.016201496124267578,2.2790777683258057,False
D4LensPINN,5,62,0,r90,H03_enc3,0.9863507151603699,-0.7474031448364258,0.27246910333633423,0.5831267833709717,False
D4LensPINN,5,62,0,r90,H04_bot,0.798072338104248,-0.5409038066864014,0.074817955493927,0.5820178985595703,False
D4LensPINN,5,62,0,r90,H08_kappa_out,4.4688334465026855,-3.496676445007324,0.12979114055633545,2.779726982116699,False
D4LensPINN,5,62,0,r90,H09_poisson,0.38419678807258606,-0.1185460090637207,0.30208539962768555,-0.20566582679748535,False
D4LensPINN,5,62,0,r90,H10_deflection,0.38419678807258606,-0.1185460090637207,0.30208539962768555,-0.20566582679748535,False
D4LensPINN,5,62,0,r90,H11_inv_lens,7.651435375213623,-5.027627468109131,-1.9493329524993896,5.428400039672852,False
D4LensPINN,5,62,0,r90,H12_HANDOFF,6.41938591003418,-5.022694110870361,-0.2833594083786011,3.987576484680176,False
D4LensPINN,5,62,0,r90,H12b_input_proj,6.41938591003418,-5.022694110870361,-0.2833594083786011,3.987576484680176,False
D4LensPINN,5,62,0,r90,H13_eff3,6.41938591003418,-5.022694110870361,-0.2833594083786011,3.987576484680176,False
D4LensPINN,5,62,0,r90,H13b_eff4,6.41938591003418,-5.022694110870361,-0.2833594083786011,3.987576484680176,False
D4LensPINN,5,62,0,r90,H14_eff5,6.41938591003418,-5.022694110870361,-0.2833594083786011,3.987576484680176,False
D4LensPINN,5,62,0,r90,H14b_eff6,6.41938591003418,-5.022694110870361,-0.2833594083786011,3.987576484680176,False
D4LensPINN,5,62,0,r90,H15_before_gap,6.41938591003418,-5.022694110870361,-0.2833594083786011,3.987576484680176,False
D4LensPINN,5,62,0,r90,H16_after_gap,6.41938591003418,-5.022694110870361,-0.2833594083786011,3.987576484680176,False
D4LensPINN,5,62,0,r90,H17_pre_linear,6.41938591003418,-5.022694110870361,-0.2833594083786011,3.987576484680176,False
D4LensPINN,5,62,0,r180,H00_preprocess,7.426117420196533,-6.469927787780762,0.7513169050216675,3.5668997764587402,False
D4LensPINN,5,62,0,r180,H01_enc1,7.426117420196533,-6.469927787780762,0.7513169050216675,3.5668997764587402,False
D4LensPINN,5,62,0,r180,H02_enc2,1.7991392612457275,-1.3514974117279053,0.4051072895526886,1.1163533926010132,False
D4LensPINN,5,62,0,r180,H03_enc3,0.3636634945869446,-0.155409574508667,0.2936444878578186,-0.14789152145385742,False
D4LensPINN,5,62,0,r180,H04_bot,0.23294569551944733,-0.07228517532348633,0.18478292226791382,-0.1220402717590332,False
D4LensPINN,5,62,0,r180,H08_kappa_out,7.426117420196533,-6.469927787780762,0.7513169050216675,3.5668997764587402,False
D4LensPINN,5,62,0,r180,H09_poisson,0.21427880227565765,0.0863656997680664,0.07748359441757202,-0.1801462173461914,False
D4LensPINN,5,62,0,r180,H10_deflection,0.21427880227565765,0.0863656997680664,0.07748359441757202,-0.1801462173461914,False
D4LensPINN,5,62,0,r180,H11_inv_lens,37.09430694580078,-26.112323760986328,-11.720077514648438,23.596057891845703,False
D4LensPINN,5,62,0,r180,H12_HANDOFF,1.5870885848999023,-1.0516457557678223,0.12966609001159668,1.1815574169158936,False
D4LensPINN,5,62,0,r180,H12b_input_proj,1.5870885848999023,-1.0516457557678223,0.12966609001159668,1.1815574169158936,False
D4LensPINN,5,62,0,r180,H13_eff3,1.5870885848999023,-1.0516457557678223,0.12966609001159668,1.1815574169158936,False
D4LensPINN,5,62,0,r180,H13b_eff4,1.5870885848999023,-1.0516457557678223,0.12966609001159668,1.1815574169158936,False
D4LensPINN,5,62,0,r180,H14_eff5,1.5870885848999023,-1.0516457557678223,0.12966609001159668,1.1815574169158936,False
D4LensPINN,5,62,0,r180,H14b_eff6,1.5870885848999023,-1.0516457557678223,0.12966609001159668,1.1815574169158936,False
D4LensPINN,5,62,0,r180,H15_before_gap,1.5870885848999023,-1.0516457557678223,0.12966609001159668,1.1815574169158936,False
D4LensPINN,5,62,0,r180,H16_after_gap,1.5870885848999023,-1.0516457557678223,0.12966609001159668,1.1815574169158936,False
D4LensPINN,5,62,0,r180,H17_pre_linear,1.5870885848999023,-1.0516457557678223,0.12966609001159668,1.1815574169158936,False
D4LensPINN,5,62,0,r270,H00_preprocess,3.431224822998047,-2.9586920738220215,1.128530502319336,1.3213112354278564,False
D4LensPINN,5,62,0,r270,H01_enc1,3.431224822998047,-2.9586920738220215,1.128530502319336,1.3213112354278564,False
D4LensPINN,5,62,0,r270,H02_enc2,2.624556064605713,-2.1961841583251953,1.0252387523651123,1.006953239440918,False
D4LensPINN,5,62,0,r270,H03_enc3,0.5823149085044861,-0.43213748931884766,0.19341200590133667,0.3390275239944458,False
D4LensPINN,5,62,0,r270,H04_bot,0.6919669508934021,-0.47173285484313965,0.0963996946811676,0.4969843626022339,False
D4LensPINN,5,62,0,r270,H08_kappa_out,3.431224822998047,-2.9586920738220215,1.128530502319336,1.3213112354278564,False
D4LensPINN,5,62,0,r270,H09_poisson,0.38810887932777405,-0.1233365535736084,0.30510959029197693,-0.20572972297668457,False
D4LensPINN,5,62,0,r270,H10_deflection,0.38810887932777405,-0.1233365535736084,0.30510959029197693,-0.20572972297668457,False
D4LensPINN,5,62,0,r270,H11_inv_lens,8.923715591430664,-6.775395393371582,-1.145707607269287,5.69333553314209,False
D4LensPINN,5,62,0,r270,H12_HANDOFF,4.896928787231445,-3.6070902347564697,-0.24971312284469604,3.3024919033050537,False
D4LensPINN,5,62,0,r270,H12b_input_proj,4.896928787231445,-3.6070902347564697,-0.24971312284469604,3.3024919033050537,False
D4LensPINN,5,62,0,r270,H13_eff3,4.896928787231445,-3.6070902347564697,-0.24971312284469604,3.3024919033050537,False
D4LensPINN,5,62,0,r270,H13b_eff4,4.896928787231445,-3.6070902347564697,-0.24971312284469604,3.3024919033050537,False
D4LensPINN,5,62,0,r270,H14_eff5,4.896928787231445,-3.6070902347564697,-0.24971312284469604,3.3024919033050537,False
D4LensPINN,5,62,0,r270,H14b_eff6,4.896928787231445,-3.6070902347564697,-0.24971312284469604,3.3024919033050537,False
D4LensPINN,5,62,0,r270,H15_before_gap,4.896928787231445,-3.6070902347564697,-0.24971312284469604,3.3024919033050537,False
D4LensPINN,5,62,0,r270,H16_after_gap,4.896928787231445,-3.6070902347564697,-0.24971312284469604,3.3024919033050537,False
D4LensPINN,5,62,0,r270,H17_pre_linear,4.896928787231445,-3.6070902347564697,-0.24971312284469604,3.3024919033050537,False
D4LensPINN,5,62,0,flip_h,H00_preprocess,0.5458911061286926,0.17334914207458496,-0.45500487089157104,0.24681520462036133,False
D4LensPINN,5,62,0,flip_h,H01_enc1,0.5458911061286926,0.17334914207458496,-0.45500487089157104,0.24681520462036133,False
D4LensPINN,5,62,0,flip_h,H02_enc2,0.5517638921737671,0.15978026390075684,-0.45553189516067505,0.2672159671783447,False
D4LensPINN,5,62,0,flip_h,H03_enc3,0.2920576333999634,-0.22388339042663574,0.17599862813949585,0.06479477882385254,False
D4LensPINN,5,62,0,flip_h,H04_bot,0.30106091499328613,-0.23421883583068848,0.17014169692993164,0.08264994621276855,False
D4LensPINN,5,62,0,flip_h,H08_kappa_out,0.5458911061286926,0.17334914207458496,-0.45500487089157104,0.24681520462036133,False
D4LensPINN,5,62,0,flip_h,H09_poisson,0.0754229724407196,0.04053783416748047,0.008766651153564453,-0.06299567222595215,False
D4LensPINN,5,62,0,flip_h,H10_deflection,0.0754229724407196,0.04053783416748047,0.008766651153564453,-0.06299567222595215,False
D4LensPINN,5,62,0,flip_h,H11_inv_lens,8.764839172363281,-6.338099002838135,-1.6743755340576172,5.817850112915039,False
D4LensPINN,5,62,0,flip_h,H12_HANDOFF,1.9684957265853882,-1.2102868556976318,-0.03901362419128418,1.551985502243042,False
D4LensPINN,5,62,0,flip_h,H12b_input_proj,1.9684957265853882,-1.2102868556976318,-0.03901362419128418,1.551985502243042,False
D4LensPINN,5,62,0,flip_h,H13_eff3,1.9684957265853882,-1.2102868556976318,-0.03901362419128418,1.551985502243042,False
D4LensPINN,5,62,0,flip_h,H13b_eff4,1.9684957265853882,-1.2102868556976318,-0.03901362419128418,1.551985502243042,False
D4LensPINN,5,62,0,flip_h,H14_eff5,1.9684957265853882,-1.2102868556976318,-0.03901362419128418,1.551985502243042,False
D4LensPINN,5,62,0,flip_h,H14b_eff6,1.9684957265853882,-1.2102868556976318,-0.03901362419128418,1.551985502243042,False
D4LensPINN,5,62,0,flip_h,H15_before_gap,1.9684957265853882,-1.2102868556976318,-0.03901362419128418,1.551985502243042,False
D4LensPINN,5,62,0,flip_h,H16_after_gap,1.9684957265853882,-1.2102868556976318,-0.03901362419128418,1.551985502243042,False
D4LensPINN,5,62,0,flip_h,H17_pre_linear,1.9684957265853882,-1.2102868556976318,-0.03901362419128418,1.551985502243042,False
D4LensPINN,5,62,0,flip_h_r90,H00_preprocess,3.718637228012085,-3.126032829284668,0.8157711029052734,1.8413851261138916,False
D4LensPINN,5,62,0,flip_h_r90,H01_enc1,3.718637228012085,-3.126032829284668,0.8157711029052734,1.8413851261138916,False
D4LensPINN,5,62,0,flip_h_r90,H02_enc2,2.547287940979004,-1.9268755912780762,0.35294488072395325,1.6282678842544556,False
D4LensPINN,5,62,0,flip_h_r90,H03_enc3,1.0728423595428467,-0.8099215030670166,0.3094363212585449,0.6318758726119995,False
D4LensPINN,5,62,0,flip_h_r90,H04_bot,0.8582232594490051,-0.629464864730835,0.2136783003807068,0.5428284406661987,False
D4LensPINN,5,62,0,flip_h_r90,H08_kappa_out,3.718637228012085,-3.126032829284668,0.8157711029052734,1.8413851261138916,False
D4LensPINN,5,62,0,flip_h_r90,H09_poisson,0.46387866139411926,-0.21459627151489258,0.37368863821029663,-0.1717226505279541,False
D4LensPINN,5,62,0,flip_h_r90,H10_deflection,0.46387866139411926,-0.21459627151489258,0.37368863821029663,-0.1717226505279541,False
D4LensPINN,5,62,0,flip_h_r90,H11_inv_lens,11.591865539550781,-7.80099630355835,-3.39213490486145,7.874593734741211,False
D4LensPINN,5,62,0,flip_h_r90,H12_HANDOFF,5.167947292327881,-3.945598840713501,-0.16995447874069214,3.3333230018615723,False
D4LensPINN,5,62,0,flip_h_r90,H12b_input_proj,5.167947292327881,-3.945598840713501,-0.16995447874069214,3.3333230018615723,False
D4LensPINN,5,62,0,flip_h_r90,H13_eff3,5.167947292327881,-3.945598840713501,-0.16995447874069214,3.3333230018615723,False
D4LensPINN,5,62,0,flip_h_r90,H13b_eff4,5.167947292327881,-3.945598840713501,-0.16995447874069214,3.3333230018615723,False
D4LensPINN,5,62,0,flip_h_r90,H14_eff5,5.167947292327881,-3.945598840713501,-0.16995447874069214,3.3333230018615723,False
D4LensPINN,5,62,0,flip_h_r90,H14b_eff6,5.167947292327881,-3.945598840713501,-0.16995447874069214,3.3333230018615723,False
D4LensPINN,5,62,0,flip_h_r90,H15_before_gap,5.167947292327881,-3.945598840713501,-0.16995447874069214,3.3333230018615723,False
D4LensPINN,5,62,0,flip_h_r90,H16_after_gap,5.167947292327881,-3.945598840713501,-0.16995447874069214,3.3333230018615723,False
D4LensPINN,5,62,0,flip_h_r90,H17_pre_linear,5.167947292327881,-3.945598840713501,-0.16995447874069214,3.3333230018615723,False
D4LensPINN,5,62,0,flip_h_r180,H00_preprocess,6.974711894989014,-6.090118408203125,0.8281601071357727,3.297152519226074,False
D4LensPINN,5,62,0,flip_h_r180,H01_enc1,6.974711894989014,-6.090118408203125,0.8281601071357727,3.297152519226074,False
D4LensPINN,5,62,0,flip_h_r180,H02_enc2,3.774102210998535,-3.228257179260254,0.8958499431610107,1.737715482711792,False
D4LensPINN,5,62,0,flip_h_r180,H03_enc3,0.3231690227985382,-0.2413177490234375,0.19034641981124878,0.09986090660095215,False
D4LensPINN,5,62,0,flip_h_r180,H04_bot,0.29715368151664734,-0.22677040100097656,0.1598048210144043,0.10647964477539062,False
D4LensPINN,5,62,0,flip_h_r180,H08_kappa_out,6.974711894989014,-6.090118408203125,0.8281601071357727,3.297152519226074,False
D4LensPINN,5,62,0,flip_h_r180,H09_poisson,0.23859569430351257,0.13595247268676758,0.03634488582611084,-0.19267559051513672,False
D4LensPINN,5,62,0,flip_h_r180,H10_deflection,0.23859569430351257,0.13595247268676758,0.03634488582611084,-0.19267559051513672,False
D4LensPINN,5,62,0,flip_h_r180,H11_inv_lens,32.198848724365234,-21.445758819580078,-10.992839813232422,21.35422134399414,False
D4LensPINN,5,62,0,flip_h_r180,H12_HANDOFF,1.652522325515747,-1.1597349643707275,0.2706905007362366,1.1456751823425293,False
D4LensPINN,5,62,0,flip_h_r180,H12b_input_proj,1.652522325515747,-1.1597349643707275,0.2706905007362366,1.1456751823425293,False
D4LensPINN,5,62,0,flip_h_r180,H13_eff3,1.652522325515747,-1.1597349643707275,0.2706905007362366,1.1456751823425293,False
D4LensPINN,5,62,0,flip_h_r180,H13b_eff4,1.652522325515747,-1.1597349643707275,0.2706905007362366,1.1456751823425293,False
D4LensPINN,5,62,0,flip_h_r180,H14_eff5,1.652522325515747,-1.1597349643707275,0.2706905007362366,1.1456751823425293,False
D4LensPINN,5,62,0,flip_h_r180,H14b_eff6,1.652522325515747,-1.1597349643707275,0.2706905007362366,1.1456751823425293,False
D4LensPINN,5,62,0,flip_h_r180,H15_before_gap,1.652522325515747,-1.1597349643707275,0.2706905007362366,1.1456751823425293,False
D4LensPINN,5,62,0,flip_h_r180,H16_after_gap,1.652522325515747,-1.1597349643707275,0.2706905007362366,1.1456751823425293,False
D4LensPINN,5,62,0,flip_h_r180,H17_pre_linear,1.652522325515747,-1.1597349643707275,0.2706905007362366,1.1456751823425293,False
D4LensPINN,5,62,0,flip_h_r270,H00_preprocess,2.8477470874786377,-2.4097423553466797,1.364391803741455,0.6642589569091797,False
D4LensPINN,5,62,0,flip_h_r270,H01_enc1,2.8477470874786377,-2.4097423553466797,1.364391803741455,0.6642589569091797,False
D4LensPINN,5,62,0,flip_h_r270,H02_enc2,2.025318145751953,-1.658551573753357,0.8176005482673645,0.826225996017456,False
D4LensPINN,5,62,0,flip_h_r270,H03_enc3,0.6230159997940063,-0.4678835868835449,0.321851909160614,0.25621330738067627,False
D4LensPINN,5,62,0,flip_h_r270,H04_bot,0.7382908463478088,-0.5260708332061768,0.17864453792572021,0.48621904850006104,False
D4LensPINN,5,62,0,flip_h_r270,H08_kappa_out,2.8477470874786377,-2.4097423553466797,1.364391803741455,0.6642589569091797,False
D4LensPINN,5,62,0,flip_h_r270,H09_poisson,0.38656505942344666,-0.1707305908203125,0.30964457988739014,-0.15621733665466309,False
D4LensPINN,5,62,0,flip_h_r270,H10_deflection,0.38656505942344666,-0.1707305908203125,0.30964457988739014,-0.15621733665466309,False
D4LensPINN,5,62,0,flip_h_r270,H11_inv_lens,10.206417083740234,-7.782474040985107,-1.50917649269104,6.428564071655273,False
D4LensPINN,5,62,0,flip_h_r270,H12_HANDOFF,3.8858189582824707,-2.6499009132385254,-0.2741411328315735,2.828862190246582,False
D4LensPINN,5,62,0,flip_h_r270,H12b_input_proj,3.8858189582824707,-2.6499009132385254,-0.2741411328315735,2.828862190246582,False
D4LensPINN,5,62,0,flip_h_r270,H13_eff3,3.8858189582824707,-2.6499009132385254,-0.2741411328315735,2.828862190246582,False
D4LensPINN,5,62,0,flip_h_r270,H13b_eff4,3.8858189582824707,-2.6499009132385254,-0.2741411328315735,2.828862190246582,False
D4LensPINN,5,62,0,flip_h_r270,H14_eff5,3.8858189582824707,-2.6499009132385254,-0.2741411328315735,2.828862190246582,False
D4LensPINN,5,62,0,flip_h_r270,H14b_eff6,3.8858189582824707,-2.6499009132385254,-0.2741411328315735,2.828862190246582,False
D4LensPINN,5,62,0,flip_h_r270,H15_before_gap,3.8858189582824707,-2.6499009132385254,-0.2741411328315735,2.828862190246582,False
D4LensPINN,5,62,0,flip_h_r270,H16_after_gap,3.8858189582824707,-2.6499009132385254,-0.2741411328315735,2.828862190246582,False
D4LensPINN,5,62,0,flip_h_r270,H17_pre_linear,3.8858189582824707,-2.6499009132385254,-0.2741411328315735,2.828862190246582,False
D4LensPINN,6,80,2,e,H00_preprocess,0.0,0.0,0.0,0.0,False
D4LensPINN,6,80,2,e,H01_enc1,0.0,0.0,0.0,0.0,False
D4LensPINN,6,80,2,e,H02_enc2,0.0,0.0,0.0,0.0,False
D4LensPINN,6,80,2,e,H03_enc3,0.0,0.0,0.0,0.0,False
D4LensPINN,6,80,2,e,H04_bot,0.0,0.0,0.0,0.0,False
D4LensPINN,6,80,2,e,H08_kappa_out,0.0,0.0,0.0,0.0,False
D4LensPINN,6,80,2,e,H09_poisson,0.0,0.0,0.0,0.0,False
D4LensPINN,6,80,2,e,H10_deflection,0.0,0.0,0.0,0.0,False
D4LensPINN,6,80,2,e,H11_inv_lens,0.0,0.0,0.0,0.0,False
D4LensPINN,6,80,2,e,H12_HANDOFF,0.0,0.0,0.0,0.0,False
D4LensPINN,6,80,2,e,H12b_input_proj,0.0,0.0,0.0,0.0,False
D4LensPINN,6,80,2,e,H13_eff3,0.0,0.0,0.0,0.0,False
D4LensPINN,6,80,2,e,H13b_eff4,0.0,0.0,0.0,0.0,False
D4LensPINN,6,80,2,e,H14_eff5,0.0,0.0,0.0,0.0,False
D4LensPINN,6,80,2,e,H14b_eff6,0.0,0.0,0.0,0.0,False
D4LensPINN,6,80,2,e,H15_before_gap,0.0,0.0,0.0,0.0,False
D4LensPINN,6,80,2,e,H16_after_gap,0.0,0.0,0.0,0.0,False
D4LensPINN,6,80,2,e,H17_pre_linear,0.0,0.0,0.0,0.0,False
D4LensPINN,6,80,2,r90,H00_preprocess,5.507025241851807,2.101149082183838,3.0455901622772217,-4.078833103179932,False
D4LensPINN,6,80,2,r90,H01_enc1,5.507025241851807,2.101149082183838,3.0455901622772217,-4.078833103179932,False
D4LensPINN,6,80,2,r90,H02_enc2,5.78379487991333,2.153731346130371,3.227064371109009,-4.289496898651123,False
D4LensPINN,6,80,2,r90,H03_enc3,0.725094199180603,0.1063528060913086,0.46729159355163574,-0.5441408157348633,False
D4LensPINN,6,80,2,r90,H04_bot,0.7697145938873291,-0.025760650634765625,0.539894700050354,-0.5480060577392578,False
D4LensPINN,6,80,2,r90,H08_kappa_out,5.507025241851807,2.101149082183838,3.0455901622772217,-4.078833103179932,False
D4LensPINN,6,80,2,r90,H09_poisson,0.2524699866771698,0.09713077545166016,0.13714194297790527,-0.18841123580932617,False
D4LensPINN,6,80,2,r90,H10_deflection,0.2524699866771698,0.09713077545166016,0.13714194297790527,-0.18841123580932617,False
D4LensPINN,6,80,2,r90,H11_inv_lens,5.62083101272583,5.363530158996582,-1.1190966367721558,-1.2545557022094727,False
D4LensPINN,6,80,2,r90,H12_HANDOFF,2.4203851222991943,0.9275922775268555,1.3804841041564941,-1.758436918258667,False
D4LensPINN,6,80,2,r90,H12b_input_proj,2.4203851222991943,0.9275922775268555,1.3804841041564941,-1.758436918258667,False
D4LensPINN,6,80,2,r90,H13_eff3,2.4203851222991943,0.9275922775268555,1.3804841041564941,-1.758436918258667,False
D4LensPINN,6,80,2,r90,H13b_eff4,2.4203851222991943,0.9275922775268555,1.3804841041564941,-1.758436918258667,False
D4LensPINN,6,80,2,r90,H14_eff5,2.4203851222991943,0.9275922775268555,1.3804841041564941,-1.758436918258667,False
D4LensPINN,6,80,2,r90,H14b_eff6,2.4203851222991943,0.9275922775268555,1.3804841041564941,-1.758436918258667,False
D4LensPINN,6,80,2,r90,H15_before_gap,2.4203851222991943,0.9275922775268555,1.3804841041564941,-1.758436918258667,False
D4LensPINN,6,80,2,r90,H16_after_gap,2.4203851222991943,0.9275922775268555,1.3804841041564941,-1.758436918258667,False
D4LensPINN,6,80,2,r90,H17_pre_linear,2.4203851222991943,0.9275922775268555,1.3804841041564941,-1.758436918258667,False
D4LensPINN,6,80,2,r180,H00_preprocess,1.878305196762085,-1.1559233665466309,1.294102430343628,-0.7191457748413086,False
D4LensPINN,6,80,2,r180,H01_enc1,1.878305196762085,-1.1559233665466309,1.294102430343628,-0.7191457748413086,False
D4LensPINN,6,80,2,r180,H02_enc2,1.4939044713974,0.10280752182006836,1.0324616432189941,-1.0748043060302734,False
D4LensPINN,6,80,2,r180,H03_enc3,1.7220243215560913,0.16382408142089844,1.1950838565826416,-1.2289443016052246,False
D4LensPINN,6,80,2,r180,H04_bot,0.8931424617767334,-0.1538372039794922,0.6754354238510132,-0.5637593269348145,False
D4LensPINN,6,80,2,r180,H08_kappa_out,1.878305196762085,-1.1559233665466309,1.294102430343628,-0.7191457748413086,False
D4LensPINN,6,80,2,r180,H09_poisson,0.666252076625824,-0.22641372680664062,-0.3940321207046509,0.48720359802246094,False
D4LensPINN,6,80,2,r180,H10_deflection,0.666252076625824,-0.22641372680664062,-0.3940321207046509,0.48720359802246094,False
D4LensPINN,6,80,2,r180,H11_inv_lens,5.351122856140137,-0.32265186309814453,-3.960559368133545,3.5839061737060547,False
D4LensPINN,6,80,2,r180,H12_HANDOFF,2.2524521350860596,-0.3493990898132324,1.6903667449951172,-1.4471077919006348,False
D4LensPINN,6,80,2,r180,H12b_input_proj,2.2524521350860596,-0.3493990898132324,1.6903667449951172,-1.4471077919006348,False
D4LensPINN,6,80,2,r180,H13_eff3,2.2524521350860596,-0.3493990898132324,1.6903667449951172,-1.4471077919006348,False
D4LensPINN,6,80,2,r180,H13b_eff4,2.2524521350860596,-0.3493990898132324,1.6903667449951172,-1.4471077919006348,False
D4LensPINN,6,80,2,r180,H14_eff5,2.2524521350860596,-0.3493990898132324,1.6903667449951172,-1.4471077919006348,False
D4LensPINN,6,80,2,r180,H14b_eff6,2.2524521350860596,-0.3493990898132324,1.6903667449951172,-1.4471077919006348,False
D4LensPINN,6,80,2,r180,H15_before_gap,2.2524521350860596,-0.3493990898132324,1.6903667449951172,-1.4471077919006348,False
D4LensPINN,6,80,2,r180,H16_after_gap,2.2524521350860596,-0.3493990898132324,1.6903667449951172,-1.4471077919006348,False
D4LensPINN,6,80,2,r180,H17_pre_linear,2.2524521350860596,-0.3493990898132324,1.6903667449951172,-1.4471077919006348,False
D4LensPINN,6,80,2,r270,H00_preprocess,2.4217889308929443,1.0149078369140625,1.2794795036315918,-1.788282871246338,False
D4LensPINN,6,80,2,r270,H01_enc1,2.4217889308929443,1.0149078369140625,1.2794795036315918,-1.788282871246338,False
D4LensPINN,6,80,2,r270,H02_enc2,1.9496870040893555,1.6893177032470703,0.13924777507781982,-0.9633769989013672,False
D4LensPINN,6,80,2,r270,H03_enc3,0.7666767239570618,0.15741348266601562,0.4788261651992798,-0.5777020454406738,False
D4LensPINN,6,80,2,r270,H04_bot,0.24335405230522156,0.05831432342529297,0.1343313455581665,-0.19435977935791016,False
D4LensPINN,6,80,2,r270,H08_kappa_out,2.4217889308929443,1.0149078369140625,1.2794795036315918,-1.788282871246338,False
D4LensPINN,6,80,2,r270,H09_poisson,0.5386351943016052,0.21337223052978516,0.29929685592651367,-0.39372777938842773,False
D4LensPINN,6,80,2,r270,H10_deflection,0.5386351943016052,0.21337223052978516,0.29929685592651367,-0.39372777938842773,False
D4LensPINN,6,80,2,r270,H11_inv_lens,7.1249165534973145,-2.011112689971924,-4.553899765014648,5.097240447998047,False
D4LensPINN,6,80,2,r270,H12_HANDOFF,3.8282508850097656,2.5342483520507812,1.3924214839935303,-2.5088348388671875,False
D4LensPINN,6,80,2,r270,H12b_input_proj,3.8282508850097656,2.5342483520507812,1.3924214839935303,-2.5088348388671875,False
D4LensPINN,6,80,2,r270,H13_eff3,3.8282508850097656,2.5342483520507812,1.3924214839935303,-2.5088348388671875,False
D4LensPINN,6,80,2,r270,H13b_eff4,3.8282508850097656,2.5342483520507812,1.3924214839935303,-2.5088348388671875,False
D4LensPINN,6,80,2,r270,H14_eff5,3.8282508850097656,2.5342483520507812,1.3924214839935303,-2.5088348388671875,False
D4LensPINN,6,80,2,r270,H14b_eff6,3.8282508850097656,2.5342483520507812,1.3924214839935303,-2.5088348388671875,False
D4LensPINN,6,80,2,r270,H15_before_gap,3.8282508850097656,2.5342483520507812,1.3924214839935303,-2.5088348388671875,False
D4LensPINN,6,80,2,r270,H16_after_gap,3.8282508850097656,2.5342483520507812,1.3924214839935303,-2.5088348388671875,False
D4LensPINN,6,80,2,r270,H17_pre_linear,3.8282508850097656,2.5342483520507812,1.3924214839935303,-2.5088348388671875,False
D4LensPINN,6,80,2,flip_h,H00_preprocess,8.290925025939941,1.111556053161621,5.603610515594482,-6.008612632751465,False
D4LensPINN,6,80,2,flip_h,H01_enc1,8.290925025939941,1.111556053161621,5.603610515594482,-6.008612632751465,False
D4LensPINN,6,80,2,flip_h,H02_enc2,6.942439556121826,1.2216277122497559,4.602231502532959,-5.052183151245117,False
D4LensPINN,6,80,2,flip_h,H03_enc3,0.5838908553123474,-0.47957658767700195,-0.08818614482879639,0.3211822509765625,False
D4LensPINN,6,80,2,flip_h,H04_bot,0.7562691569328308,-0.5881023406982422,-0.16830933094024658,0.44469165802001953,False
D4LensPINN,6,80,2,flip_h,H08_kappa_out,8.290925025939941,1.111556053161621,5.603610515594482,-6.008612632751465,False
D4LensPINN,6,80,2,flip_h,H09_poisson,0.563842236995697,0.23638439178466797,0.31174635887145996,-0.4060230255126953,False
D4LensPINN,6,80,2,flip_h,H10_deflection,0.563842236995697,0.23638439178466797,0.31174635887145996,-0.4060230255126953,False
D4LensPINN,6,80,2,flip_h,H11_inv_lens,4.8609113693237305,4.6117706298828125,-1.1762946844100952,-0.9881105422973633,False
D4LensPINN,6,80,2,flip_h,H12_HANDOFF,1.5770231485366821,-0.06420516967773438,1.12982976436615,-1.09834623336792,False
D4LensPINN,6,80,2,flip_h,H12b_input_proj,1.5770231485366821,-0.06420516967773438,1.12982976436615,-1.09834623336792,False
D4LensPINN,6,80,2,flip_h,H13_eff3,1.5770231485366821,-0.06420516967773438,1.12982976436615,-1.09834623336792,False
D4LensPINN,6,80,2,flip_h,H13b_eff4,1.5770231485366821,-0.06420516967773438,1.12982976436615,-1.09834623336792,False
D4LensPINN,6,80,2,flip_h,H14_eff5,1.5770231485366821,-0.06420516967773438,1.12982976436615,-1.09834623336792,False
D4LensPINN,6,80,2,flip_h,H14b_eff6,1.5770231485366821,-0.06420516967773438,1.12982976436615,-1.09834623336792,False
D4LensPINN,6,80,2,flip_h,H15_before_gap,1.5770231485366821,-0.06420516967773438,1.12982976436615,-1.09834623336792,False
D4LensPINN,6,80,2,flip_h,H16_after_gap,1.5770231485366821,-0.06420516967773438,1.12982976436615,-1.09834623336792,False
D4LensPINN,6,80,2,flip_h,H17_pre_linear,1.5770231485366821,-0.06420516967773438,1.12982976436615,-1.09834623336792,False
D4LensPINN,6,80,2,flip_h_r90,H00_preprocess,1.7416852712631226,-0.36603593826293945,-1.153912901878357,1.2521862983703613,False
D4LensPINN,6,80,2,flip_h_r90,H01_enc1,1.7416852712631226,-0.36603593826293945,-1.153912901878357,1.2521862983703613,False
D4LensPINN,6,80,2,flip_h_r90,H02_enc2,1.482397198677063,0.04720306396484375,-1.1021281480789185,0.9902458190917969,False
D4LensPINN,6,80,2,flip_h_r90,H03_enc3,1.5975522994995117,0.7326703071594238,0.815557599067688,-1.1619954109191895,False
D4LensPINN,6,80,2,flip_h_r90,H04_bot,0.9346959590911865,0.5788846015930176,0.3610488176345825,-0.6388998031616211,False
D4LensPINN,6,80,2,flip_h_r90,H08_kappa_out,1.7416852712631226,-0.36603593826293945,-1.153912901878357,1.2521862983703613,False
D4LensPINN,6,80,2,flip_h_r90,H09_poisson,0.24041281640529633,0.068511962890625,0.1471165418624878,-0.17737293243408203,False
D4LensPINN,6,80,2,flip_h_r90,H10_deflection,0.24041281640529633,0.068511962890625,0.1471165418624878,-0.17737293243408203,False
D4LensPINN,6,80,2,flip_h_r90,H11_inv_lens,3.5129520893096924,3.2648353576660156,-1.2748507261276245,-0.23756790161132812,False
D4LensPINN,6,80,2,flip_h_r90,H12_HANDOFF,0.9669502973556519,0.726344108581543,-0.5929661989212036,0.2362375259399414,False
D4LensPINN,6,80,2,flip_h_r90,H12b_input_proj,0.9669502973556519,0.726344108581543,-0.5929661989212036,0.2362375259399414,False
D4LensPINN,6,80,2,flip_h_r90,H13_eff3,0.9669502973556519,0.726344108581543,-0.5929661989212036,0.2362375259399414,False
D4LensPINN,6,80,2,flip_h_r90,H13b_eff4,0.9669502973556519,0.726344108581543,-0.5929661989212036,0.2362375259399414,False
D4LensPINN,6,80,2,flip_h_r90,H14_eff5,0.9669502973556519,0.726344108581543,-0.5929661989212036,0.2362375259399414,False
D4LensPINN,6,80,2,flip_h_r90,H14b_eff6,0.9669502973556519,0.726344108581543,-0.5929661989212036,0.2362375259399414,False
D4LensPINN,6,80,2,flip_h_r90,H15_before_gap,0.9669502973556519,0.726344108581543,-0.5929661989212036,0.2362375259399414,False
D4LensPINN,6,80,2,flip_h_r90,H16_after_gap,0.9669502973556519,0.726344108581543,-0.5929661989212036,0.2362375259399414,False
D4LensPINN,6,80,2,flip_h_r90,H17_pre_linear,0.9669502973556519,0.726344108581543,-0.5929661989212036,0.2362375259399414,False
D4LensPINN,6,80,2,flip_h_r180,H00_preprocess,5.474775314331055,0.6474885940551758,3.7246599197387695,-3.9599032402038574,False
D4LensPINN,6,80,2,flip_h_r180,H01_enc1,5.474775314331055,0.6474885940551758,3.7246599197387695,-3.9599032402038574,False
D4LensPINN,6,80,2,flip_h_r180,H02_enc2,5.212898254394531,1.5350761413574219,3.1555025577545166,-3.854951858520508,False
D4LensPINN,6,80,2,flip_h_r180,H03_enc3,0.270699679851532,-0.15508270263671875,0.18932247161865234,-0.115692138671875,False
D4LensPINN,6,80,2,flip_h_r180,H04_bot,0.3805684447288513,-0.3025341033935547,-0.07278549671173096,0.21910667419433594,False
D4LensPINN,6,80,2,flip_h_r180,H08_kappa_out,5.474775314331055,0.6474885940551758,3.7246599197387695,-3.9599032402038574,False
D4LensPINN,6,80,2,flip_h_r180,H09_poisson,0.19197143614292145,0.17627906799316406,-0.00951242446899414,-0.07542037963867188,False
D4LensPINN,6,80,2,flip_h_r180,H10_deflection,0.19197143614292145,0.17627906799316406,-0.00951242446899414,-0.07542037963867188,False
D4LensPINN,6,80,2,flip_h_r180,H11_inv_lens,27.092453002929688,-15.903144836425781,-12.088079452514648,18.302165985107422,False
D4LensPINN,6,80,2,flip_h_r180,H12_HANDOFF,2.0645437240600586,0.6294479370117188,1.3046317100524902,-1.471078634262085,False
D4LensPINN,6,80,2,flip_h_r180,H12b_input_proj,2.0645437240600586,0.6294479370117188,1.3046317100524902,-1.471078634262085,False
D4LensPINN,6,80,2,flip_h_r180,H13_eff3,2.0645437240600586,0.6294479370117188,1.3046317100524902,-1.471078634262085,False
D4LensPINN,6,80,2,flip_h_r180,H13b_eff4,2.0645437240600586,0.6294479370117188,1.3046317100524902,-1.471078634262085,False
D4LensPINN,6,80,2,flip_h_r180,H14_eff5,2.0645437240600586,0.6294479370117188,1.3046317100524902,-1.471078634262085,False
D4LensPINN,6,80,2,flip_h_r180,H14b_eff6,2.0645437240600586,0.6294479370117188,1.3046317100524902,-1.471078634262085,False
D4LensPINN,6,80,2,flip_h_r180,H15_before_gap,2.0645437240600586,0.6294479370117188,1.3046317100524902,-1.471078634262085,False
D4LensPINN,6,80,2,flip_h_r180,H16_after_gap,2.0645437240600586,0.6294479370117188,1.3046317100524902,-1.471078634262085,False
D4LensPINN,6,80,2,flip_h_r180,H17_pre_linear,2.0645437240600586,0.6294479370117188,1.3046317100524902,-1.471078634262085,False
D4LensPINN,6,80,2,flip_h_r270,H00_preprocess,4.043578147888184,2.0229616165161133,2.0084104537963867,-2.867828130722046,False
D4LensPINN,6,80,2,flip_h_r270,H01_enc1,4.043578147888184,2.0229616165161133,2.0084104537963867,-2.867828130722046,False
D4LensPINN,6,80,2,flip_h_r270,H02_enc2,3.893986225128174,1.9204959869384766,1.9614918231964111,-2.7617697715759277,False
D4LensPINN,6,80,2,flip_h_r270,H03_enc3,0.25351908802986145,0.04514884948730469,-0.20420539379119873,0.1432957649230957,False
D4LensPINN,6,80,2,flip_h_r270,H04_bot,0.23770099878311157,0.07329416275024414,-0.19240844249725342,0.11878013610839844,False
D4LensPINN,6,80,2,flip_h_r270,H08_kappa_out,4.043578147888184,2.0229616165161133,2.0084104537963867,-2.867828130722046,False
D4LensPINN,6,80,2,flip_h_r270,H09_poisson,0.10966487973928452,-0.033686161041259766,-0.07630336284637451,0.07119989395141602,False
D4LensPINN,6,80,2,flip_h_r270,H10_deflection,0.10966487973928452,-0.033686161041259766,-0.07630336284637451,0.07119989395141602,False
D4LensPINN,6,80,2,flip_h_r270,H11_inv_lens,4.662600994110107,4.208044052124023,0.28436994552612305,-1.9877996444702148,False
D4LensPINN,6,80,2,flip_h_r270,H12_HANDOFF,3.888939380645752,3.064023494720459,0.911142885684967,-2.214820384979248,False
D4LensPINN,6,80,2,flip_h_r270,H12b_input_proj,3.888939380645752,3.064023494720459,0.911142885684967,-2.214820384979248,False
D4LensPINN,6,80,2,flip_h_r270,H13_eff3,3.888939380645752,3.064023494720459,0.911142885684967,-2.214820384979248,False
D4LensPINN,6,80,2,flip_h_r270,H13b_eff4,3.888939380645752,3.064023494720459,0.911142885684967,-2.214820384979248,False
D4LensPINN,6,80,2,flip_h_r270,H14_eff5,3.888939380645752,3.064023494720459,0.911142885684967,-2.214820384979248,False
D4LensPINN,6,80,2,flip_h_r270,H14b_eff6,3.888939380645752,3.064023494720459,0.911142885684967,-2.214820384979248,False
D4LensPINN,6,80,2,flip_h_r270,H15_before_gap,3.888939380645752,3.064023494720459,0.911142885684967,-2.214820384979248,False
D4LensPINN,6,80,2,flip_h_r270,H16_after_gap,3.888939380645752,3.064023494720459,0.911142885684967,-2.214820384979248,False
D4LensPINN,6,80,2,flip_h_r270,H17_pre_linear,3.888939380645752,3.064023494720459,0.911142885684967,-2.214820384979248,False
D4LensPINN,7,112,2,e,H00_preprocess,0.0,0.0,0.0,0.0,False
D4LensPINN,7,112,2,e,H01_enc1,0.0,0.0,0.0,0.0,False
D4LensPINN,7,112,2,e,H02_enc2,0.0,0.0,0.0,0.0,False
D4LensPINN,7,112,2,e,H03_enc3,0.0,0.0,0.0,0.0,False
D4LensPINN,7,112,2,e,H04_bot,0.0,0.0,0.0,0.0,False
D4LensPINN,7,112,2,e,H08_kappa_out,0.0,0.0,0.0,0.0,False
D4LensPINN,7,112,2,e,H09_poisson,0.0,0.0,0.0,0.0,False
D4LensPINN,7,112,2,e,H10_deflection,0.0,0.0,0.0,0.0,False
D4LensPINN,7,112,2,e,H11_inv_lens,0.0,0.0,0.0,0.0,False
D4LensPINN,7,112,2,e,H12_HANDOFF,0.0,0.0,0.0,0.0,False
D4LensPINN,7,112,2,e,H12b_input_proj,0.0,0.0,0.0,0.0,False
D4LensPINN,7,112,2,e,H13_eff3,0.0,0.0,0.0,0.0,False
D4LensPINN,7,112,2,e,H13b_eff4,0.0,0.0,0.0,0.0,False
D4LensPINN,7,112,2,e,H14_eff5,0.0,0.0,0.0,0.0,False
D4LensPINN,7,112,2,e,H14b_eff6,0.0,0.0,0.0,0.0,False
D4LensPINN,7,112,2,e,H15_before_gap,0.0,0.0,0.0,0.0,False
D4LensPINN,7,112,2,e,H16_after_gap,0.0,0.0,0.0,0.0,False
D4LensPINN,7,112,2,e,H17_pre_linear,0.0,0.0,0.0,0.0,False
D4LensPINN,7,112,2,r90,H00_preprocess,5.912960529327393,5.506465911865234,-1.2975056171417236,-1.720003366470337,False
D4LensPINN,7,112,2,r90,H01_enc1,5.912960529327393,5.506465911865234,-1.2975056171417236,-1.720003366470337,False
D4LensPINN,7,112,2,r90,H02_enc2,6.0274152755737305,5.59367561340332,-1.2459897994995117,-1.867629051208496,False
D4LensPINN,7,112,2,r90,H03_enc3,1.6025316715240479,-0.5278491973876953,-0.93121337890625,1.1926125288009644,False
D4LensPINN,7,112,2,r90,H04_bot,1.2811371088027954,-0.24876165390014648,-0.8208712935447693,0.9516303539276123,False
D4LensPINN,7,112,2,r90,H08_kappa_out,5.912960529327393,5.506465911865234,-1.2975056171417236,-1.720003366470337,False
D4LensPINN,7,112,2,r90,H09_poisson,0.9129045605659485,-0.2357616424560547,-0.5737578868865967,0.6697858572006226,False
D4LensPINN,7,112,2,r90,H10_deflection,0.9129045605659485,-0.2357616424560547,-0.5737578868865967,0.6697858572006226,False
D4LensPINN,7,112,2,r90,H11_inv_lens,45.15321731567383,-26.15677261352539,-20.031776428222656,30.87659454345703,False
D4LensPINN,7,112,2,r90,H12_HANDOFF,4.5058746337890625,4.004996299743652,-2.0470645427703857,0.26913726329803467,False
D4LensPINN,7,112,2,r90,H12b_input_proj,4.5058746337890625,4.004996299743652,-2.0470645427703857,0.26913726329803467,False
D4LensPINN,7,112,2,r90,H13_eff3,4.5058746337890625,4.004996299743652,-2.0470645427703857,0.26913726329803467,False
D4LensPINN,7,112,2,r90,H13b_eff4,4.5058746337890625,4.004996299743652,-2.0470645427703857,0.26913726329803467,False
D4LensPINN,7,112,2,r90,H14_eff5,4.5058746337890625,4.004996299743652,-2.0470645427703857,0.26913726329803467,False
D4LensPINN,7,112,2,r90,H14b_eff6,4.5058746337890625,4.004996299743652,-2.0470645427703857,0.26913726329803467,False
D4LensPINN,7,112,2,r90,H15_before_gap,4.5058746337890625,4.004996299743652,-2.0470645427703857,0.26913726329803467,False
D4LensPINN,7,112,2,r90,H16_after_gap,4.5058746337890625,4.004996299743652,-2.0470645427703857,0.26913726329803467,False
D4LensPINN,7,112,2,r90,H17_pre_linear,4.5058746337890625,4.004996299743652,-2.0470645427703857,0.26913726329803467,False
D4LensPINN,7,112,2,r180,H00_preprocess,6.177229404449463,5.589601516723633,-0.7289876341819763,-2.5264792442321777,False
D4LensPINN,7,112,2,r180,H01_enc1,6.177229404449463,5.589601516723633,-0.7289876341819763,-2.5264792442321777,False
D4LensPINN,7,112,2,r180,H02_enc2,5.927318096160889,5.3606791496276855,-0.6271457076072693,-2.450082302093506,False
D4LensPINN,7,112,2,r180,H03_enc3,0.6337621212005615,0.44414687156677246,0.1956641674041748,-0.40755799412727356,False
D4LensPINN,7,112,2,r180,H04_bot,0.47100046277046204,0.33604907989501953,0.1387958526611328,-0.2994130253791809,False
D4LensPINN,7,112,2,r180,H08_kappa_out,6.177229404449463,5.589601516723633,-0.7289876341819763,-2.5264792442321777,False
D4LensPINN,7,112,2,r180,H09_poisson,0.11466094106435776,0.007007122039794922,-0.08712196350097656,0.07421451807022095,False
D4LensPINN,7,112,2,r180,H10_deflection,0.11466094106435776,0.007007122039794922,-0.08712196350097656,0.07421451807022095,False
D4LensPINN,7,112,2,r180,H11_inv_lens,0.7443022131919861,0.10807180404663086,-0.5088127255439758,0.5323681831359863,False
D4LensPINN,7,112,2,r180,H12_HANDOFF,2.6027188301086426,1.177596092224121,-1.9801132678985596,1.2110179662704468,False
D4LensPINN,7,112,2,r180,H12b_input_proj,2.6027188301086426,1.177596092224121,-1.9801132678985596,1.2110179662704468,False
D4LensPINN,7,112,2,r180,H13_eff3,2.6027188301086426,1.177596092224121,-1.9801132678985596,1.2110179662704468,False
D4LensPINN,7,112,2,r180,H13b_eff4,2.6027188301086426,1.177596092224121,-1.9801132678985596,1.2110179662704468,False
D4LensPINN,7,112,2,r180,H14_eff5,2.6027188301086426,1.177596092224121,-1.9801132678985596,1.2110179662704468,False
D4LensPINN,7,112,2,r180,H14b_eff6,2.6027188301086426,1.177596092224121,-1.9801132678985596,1.2110179662704468,False
D4LensPINN,7,112,2,r180,H15_before_gap,2.6027188301086426,1.177596092224121,-1.9801132678985596,1.2110179662704468,False
D4LensPINN,7,112,2,r180,H16_after_gap,2.6027188301086426,1.177596092224121,-1.9801132678985596,1.2110179662704468,False
D4LensPINN,7,112,2,r180,H17_pre_linear,2.6027188301086426,1.177596092224121,-1.9801132678985596,1.2110179662704468,False
D4LensPINN,7,112,2,r270,H00_preprocess,6.3940043449401855,5.86330509185791,-1.006399154663086,-2.3435237407684326,False
D4LensPINN,7,112,2,r270,H01_enc1,6.3940043449401855,5.86330509185791,-1.006399154663086,-2.3435237407684326,False
D4LensPINN,7,112,2,r270,H02_enc2,5.628353595733643,5.217713832855225,-0.8763611316680908,-1.9198479652404785,False
D4LensPINN,7,112,2,r270,H03_enc3,1.1748067140579224,-0.27254390716552734,-0.7339157462120056,0.8759329319000244,False
D4LensPINN,7,112,2,r270,H04_bot,1.0498257875442505,-0.12301111221313477,-0.6998376846313477,0.7728064060211182,False
D4LensPINN,7,112,2,r270,H08_kappa_out,6.3940043449401855,5.86330509185791,-1.006399154663086,-2.3435237407684326,False
D4LensPINN,7,112,2,r270,H09_poisson,0.5165978074073792,-0.1053459644317627,-0.33769142627716064,0.3764837384223938,False
D4LensPINN,7,112,2,r270,H10_deflection,0.5165978074073792,-0.1053459644317627,-0.33769142627716064,0.3764837384223938,False
D4LensPINN,7,112,2,r270,H11_inv_lens,48.67789077758789,-28.530851364135742,-21.461580276489258,33.08969497680664,False
D4LensPINN,7,112,2,r270,H12_HANDOFF,2.3294410705566406,1.3992457389831543,-1.57504141330719,0.9938067197799683,False
D4LensPINN,7,112,2,r270,H12b_input_proj,2.3294410705566406,1.3992457389831543,-1.57504141330719,0.9938067197799683,False
D4LensPINN,7,112,2,r270,H13_eff3,2.3294410705566406,1.3992457389831543,-1.57504141330719,0.9938067197799683,False
D4LensPINN,7,112,2,r270,H13b_eff4,2.3294410705566406,1.3992457389831543,-1.57504141330719,0.9938067197799683,False
D4LensPINN,7,112,2,r270,H14_eff5,2.3294410705566406,1.3992457389831543,-1.57504141330719,0.9938067197799683,False
D4LensPINN,7,112,2,r270,H14b_eff6,2.3294410705566406,1.3992457389831543,-1.57504141330719,0.9938067197799683,False
D4LensPINN,7,112,2,r270,H15_before_gap,2.3294410705566406,1.3992457389831543,-1.57504141330719,0.9938067197799683,False
D4LensPINN,7,112,2,r270,H16_after_gap,2.3294410705566406,1.3992457389831543,-1.57504141330719,0.9938067197799683,False
D4LensPINN,7,112,2,r270,H17_pre_linear,2.3294410705566406,1.3992457389831543,-1.57504141330719,0.9938067197799683,False
D4LensPINN,7,112,2,flip_h,H00_preprocess,7.900550365447998,7.14145040512085,-1.509257197380066,-3.0233302116394043,False
D4LensPINN,7,112,2,flip_h,H01_enc1,7.900550365447998,7.14145040512085,-1.509257197380066,-3.0233302116394043,False
D4LensPINN,7,112,2,flip_h,H02_enc2,7.834608554840088,7.095231056213379,-1.527358889579773,-2.9505867958068848,False
D4LensPINN,7,112,2,flip_h,H03_enc3,0.45697879791259766,0.4259376525878906,-0.06379139423370361,-0.15276581048965454,False
D4LensPINN,7,112,2,flip_h,H04_bot,0.32412439584732056,0.30314111709594727,-0.053439974784851074,-0.10151973366737366,False
D4LensPINN,7,112,2,flip_h,H08_kappa_out,7.900550365447998,7.14145040512085,-1.509257197380066,-3.0233302116394043,False
D4LensPINN,7,112,2,flip_h,H09_poisson,0.15842030942440033,-0.1330409049987793,-0.026394248008728027,0.08185631036758423,False
D4LensPINN,7,112,2,flip_h,H10_deflection,0.15842030942440033,-0.1330409049987793,-0.026394248008728027,0.08185631036758423,False
D4LensPINN,7,112,2,flip_h,H11_inv_lens,3.89552640914917,3.56563401222229,-1.568556785583496,0.0317574143409729,False
D4LensPINN,7,112,2,flip_h,H12_HANDOFF,3.7418482303619385,-0.04578423500061035,-2.742976665496826,2.5446829795837402,False
D4LensPINN,7,112,2,flip_h,H12b_input_proj,3.7418482303619385,-0.04578423500061035,-2.742976665496826,2.5446829795837402,False
D4LensPINN,7,112,2,flip_h,H13_eff3,3.7418482303619385,-0.04578423500061035,-2.742976665496826,2.5446829795837402,False
D4LensPINN,7,112,2,flip_h,H13b_eff4,3.7418482303619385,-0.04578423500061035,-2.742976665496826,2.5446829795837402,False
D4LensPINN,7,112,2,flip_h,H14_eff5,3.7418482303619385,-0.04578423500061035,-2.742976665496826,2.5446829795837402,False
D4LensPINN,7,112,2,flip_h,H14b_eff6,3.7418482303619385,-0.04578423500061035,-2.742976665496826,2.5446829795837402,False
D4LensPINN,7,112,2,flip_h,H15_before_gap,3.7418482303619385,-0.04578423500061035,-2.742976665496826,2.5446829795837402,False
D4LensPINN,7,112,2,flip_h,H16_after_gap,3.7418482303619385,-0.04578423500061035,-2.742976665496826,2.5446829795837402,False
D4LensPINN,7,112,2,flip_h,H17_pre_linear,3.7418482303619385,-0.04578423500061035,-2.742976665496826,2.5446829795837402,False
D4LensPINN,7,112,2,flip_h_r90,H00_preprocess,6.929561614990234,6.313804626464844,-1.0122209787368774,-2.6702256202697754,False
D4LensPINN,7,112,2,flip_h_r90,H01_enc1,6.929561614990234,6.313804626464844,-1.0122209787368774,-2.6702256202697754,False
D4LensPINN,7,112,2,flip_h_r90,H02_enc2,6.707956314086914,6.08949089050293,-0.8103264570236206,-2.694096088409424,False
D4LensPINN,7,112,2,flip_h_r90,H03_enc3,1.4347176551818848,-0.287778377532959,-0.9251192808151245,1.0581836700439453,False
D4LensPINN,7,112,2,flip_h_r90,H04_bot,1.2140743732452393,-0.10579442977905273,-0.8256957530975342,0.8837480545043945,False
D4LensPINN,7,112,2,flip_h_r90,H08_kappa_out,6.929561614990234,6.313804626464844,-1.0122209787368774,-2.6702256202697754,False
D4LensPINN,7,112,2,flip_h_r90,H09_poisson,0.6169577240943909,-0.05372428894042969,-0.423622190952301,0.4453030228614807,False
D4LensPINN,7,112,2,flip_h_r90,H10_deflection,0.6169577240943909,-0.05372428894042969,-0.423622190952301,0.4453030228614807,False
D4LensPINN,7,112,2,flip_h_r90,H11_inv_lens,47.5519905090332,-27.42414093017578,-21.40165138244629,32.420326232910156,False
D4LensPINN,7,112,2,flip_h_r90,H12_HANDOFF,3.2851686477661133,2.6588850021362305,-1.8045337200164795,0.6828775405883789,False
D4LensPINN,7,112,2,flip_h_r90,H12b_input_proj,3.2851686477661133,2.6588850021362305,-1.8045337200164795,0.6828775405883789,False
D4LensPINN,7,112,2,flip_h_r90,H13_eff3,3.2851686477661133,2.6588850021362305,-1.8045337200164795,0.6828775405883789,False
D4LensPINN,7,112,2,flip_h_r90,H13b_eff4,3.2851686477661133,2.6588850021362305,-1.8045337200164795,0.6828775405883789,False
D4LensPINN,7,112,2,flip_h_r90,H14_eff5,3.2851686477661133,2.6588850021362305,-1.8045337200164795,0.6828775405883789,False
D4LensPINN,7,112,2,flip_h_r90,H14b_eff6,3.2851686477661133,2.6588850021362305,-1.8045337200164795,0.6828775405883789,False
D4LensPINN,7,112,2,flip_h_r90,H15_before_gap,3.2851686477661133,2.6588850021362305,-1.8045337200164795,0.6828775405883789,False
D4LensPINN,7,112,2,flip_h_r90,H16_after_gap,3.2851686477661133,2.6588850021362305,-1.8045337200164795,0.6828775405883789,False
D4LensPINN,7,112,2,flip_h_r90,H17_pre_linear,3.2851686477661133,2.6588850021362305,-1.8045337200164795,0.6828775405883789,False
D4LensPINN,7,112,2,flip_h_r180,H00_preprocess,8.671674728393555,7.779898166656494,-2.114982843399048,-3.1934261322021484,False
D4LensPINN,7,112,2,flip_h_r180,H01_enc1,8.671674728393555,7.779898166656494,-2.114982843399048,-3.1934261322021484,False
D4LensPINN,7,112,2,flip_h_r180,H02_enc2,8.578046798706055,7.7034382820129395,-2.0535643100738525,-3.1658806800842285,False
D4LensPINN,7,112,2,flip_h_r180,H03_enc3,0.36721691489219666,0.25246763229370117,0.11918926239013672,-0.23854199051856995,False
D4LensPINN,7,112,2,flip_h_r180,H04_bot,0.23671172559261322,0.15335416793823242,0.08688223361968994,-0.1580076515674591,False
D4LensPINN,7,112,2,flip_h_r180,H08_kappa_out,8.671674728393555,7.779898166656494,-2.114982843399048,-3.1934261322021484,False
D4LensPINN,7,112,2,flip_h_r180,H09_poisson,0.31786882877349854,-0.03969860076904297,-0.21696627140045166,0.22888916730880737,False
D4LensPINN,7,112,2,flip_h_r180,H10_deflection,0.31786882877349854,-0.03969860076904297,-0.21696627140045166,0.22888916730880737,False
D4LensPINN,7,112,2,flip_h_r180,H11_inv_lens,3.5013182163238525,3.1104912757873535,-1.5847060680389404,0.26977628469467163,False
D4LensPINN,7,112,2,flip_h_r180,H12_HANDOFF,5.01346492767334,4.620325088500977,-1.8857715129852295,-0.48092952370643616,False
D4LensPINN,7,112,2,flip_h_r180,H12b_input_proj,5.01346492767334,4.620325088500977,-1.8857715129852295,-0.48092952370643616,False
D4LensPINN,7,112,2,flip_h_r180,H13_eff3,5.01346492767334,4.620325088500977,-1.8857715129852295,-0.48092952370643616,False
D4LensPINN,7,112,2,flip_h_r180,H13b_eff4,5.01346492767334,4.620325088500977,-1.8857715129852295,-0.48092952370643616,False
D4LensPINN,7,112,2,flip_h_r180,H14_eff5,5.01346492767334,4.620325088500977,-1.8857715129852295,-0.48092952370643616,False
D4LensPINN,7,112,2,flip_h_r180,H14b_eff6,5.01346492767334,4.620325088500977,-1.8857715129852295,-0.48092952370643616,False
D4LensPINN,7,112,2,flip_h_r180,H15_before_gap,5.01346492767334,4.620325088500977,-1.8857715129852295,-0.48092952370643616,False
D4LensPINN,7,112,2,flip_h_r180,H16_after_gap,5.01346492767334,4.620325088500977,-1.8857715129852295,-0.48092952370643616,False
D4LensPINN,7,112,2,flip_h_r180,H17_pre_linear,5.01346492767334,4.620325088500977,-1.8857715129852295,-0.48092952370643616,False
D4LensPINN,7,112,2,flip_h_r270,H00_preprocess,5.985536098480225,5.62087345123291,-1.3331410884857178,-1.5668954849243164,False
D4LensPINN,7,112,2,flip_h_r270,H01_enc1,5.985536098480225,5.62087345123291,-1.3331410884857178,-1.5668954849243164,False
D4LensPINN,7,112,2,flip_h_r270,H02_enc2,6.534389972686768,6.050814628601074,-1.239560842514038,-2.1329288482666016,False
D4LensPINN,7,112,2,flip_h_r270,H03_enc3,1.5664517879486084,-0.44014692306518555,-0.9484293460845947,1.1664149761199951,False
D4LensPINN,7,112,2,flip_h_r270,H04_bot,1.3418515920639038,-0.32955312728881836,-0.8322320580482483,0.9996751546859741,False
D4LensPINN,7,112,2,flip_h_r270,H08_kappa_out,5.985536098480225,5.62087345123291,-1.3331410884857178,-1.5668954849243164,False
D4LensPINN,7,112,2,flip_h_r270,H09_poisson,0.7688357830047607,-0.24165081977844238,-0.462799608707428,0.5643844604492188,False
D4LensPINN,7,112,2,flip_h_r270,H10_deflection,0.7688357830047607,-0.24165081977844238,-0.462799608707428,0.5643844604492188,False
D4LensPINN,7,112,2,flip_h_r270,H11_inv_lens,45.0385856628418,-25.594465255737305,-20.486215591430664,30.88223648071289,False
D4LensPINN,7,112,2,flip_h_r270,H12_HANDOFF,3.076749086380005,1.6821317672729492,-2.147500991821289,1.4230449199676514,False
D4LensPINN,7,112,2,flip_h_r270,H12b_input_proj,3.076749086380005,1.6821317672729492,-2.147500991821289,1.4230449199676514,False
D4LensPINN,7,112,2,flip_h_r270,H13_eff3,3.076749086380005,1.6821317672729492,-2.147500991821289,1.4230449199676514,False
D4LensPINN,7,112,2,flip_h_r270,H13b_eff4,3.076749086380005,1.6821317672729492,-2.147500991821289,1.4230449199676514,False
D4LensPINN,7,112,2,flip_h_r270,H14_eff5,3.076749086380005,1.6821317672729492,-2.147500991821289,1.4230449199676514,False
D4LensPINN,7,112,2,flip_h_r270,H14b_eff6,3.076749086380005,1.6821317672729492,-2.147500991821289,1.4230449199676514,False
D4LensPINN,7,112,2,flip_h_r270,H15_before_gap,3.076749086380005,1.6821317672729492,-2.147500991821289,1.4230449199676514,False
D4LensPINN,7,112,2,flip_h_r270,H16_after_gap,3.076749086380005,1.6821317672729492,-2.147500991821289,1.4230449199676514,False
D4LensPINN,7,112,2,flip_h_r270,H17_pre_linear,3.076749086380005,1.6821317672729492,-2.147500991821289,1.4230449199676514,False
D4LensPINN,8,114,1,e,H00_preprocess,0.0,0.0,0.0,0.0,False
D4LensPINN,8,114,1,e,H01_enc1,0.0,0.0,0.0,0.0,False
D4LensPINN,8,114,1,e,H02_enc2,0.0,0.0,0.0,0.0,False
D4LensPINN,8,114,1,e,H03_enc3,0.0,0.0,0.0,0.0,False
D4LensPINN,8,114,1,e,H04_bot,0.0,0.0,0.0,0.0,False
D4LensPINN,8,114,1,e,H08_kappa_out,0.0,0.0,0.0,0.0,False
D4LensPINN,8,114,1,e,H09_poisson,0.0,0.0,0.0,0.0,False
D4LensPINN,8,114,1,e,H10_deflection,0.0,0.0,0.0,0.0,False
D4LensPINN,8,114,1,e,H11_inv_lens,0.0,0.0,0.0,0.0,False
D4LensPINN,8,114,1,e,H12_HANDOFF,0.0,0.0,0.0,0.0,False
D4LensPINN,8,114,1,e,H12b_input_proj,0.0,0.0,0.0,0.0,False
D4LensPINN,8,114,1,e,H13_eff3,0.0,0.0,0.0,0.0,False
D4LensPINN,8,114,1,e,H13b_eff4,0.0,0.0,0.0,0.0,False
D4LensPINN,8,114,1,e,H14_eff5,0.0,0.0,0.0,0.0,False
D4LensPINN,8,114,1,e,H14b_eff6,0.0,0.0,0.0,0.0,False
D4LensPINN,8,114,1,e,H15_before_gap,0.0,0.0,0.0,0.0,False
D4LensPINN,8,114,1,e,H16_after_gap,0.0,0.0,0.0,0.0,False
D4LensPINN,8,114,1,e,H17_pre_linear,0.0,0.0,0.0,0.0,False
D4LensPINN,8,114,1,r90,H00_preprocess,7.376950740814209,-0.6203422546386719,-5.113361835479736,5.280919075012207,False
D4LensPINN,8,114,1,r90,H01_enc1,7.376950740814209,-0.6203422546386719,-5.113361835479736,5.280919075012207,False
D4LensPINN,8,114,1,r90,H02_enc2,7.67918062210083,-0.35368871688842773,-5.415377140045166,5.433084964752197,False
D4LensPINN,8,114,1,r90,H03_enc3,0.8193432688713074,-0.1037750244140625,-0.5458407402038574,0.6021727323532104,False
D4LensPINN,8,114,1,r90,H04_bot,0.3460845649242401,0.12973880767822266,-0.25768136978149414,0.1911613941192627,False
D4LensPINN,8,114,1,r90,H08_kappa_out,7.376950740814209,-0.6203422546386719,-5.113361835479736,5.280919075012207,False
D4LensPINN,8,114,1,r90,H09_poisson,0.29374808073043823,-0.2781562805175781,0.07426214218139648,0.05832791328430176,False
D4LensPINN,8,114,1,r90,H10_deflection,0.29374808073043823,-0.2781562805175781,0.07426214218139648,0.05832791328430176,False
D4LensPINN,8,114,1,r90,H11_inv_lens,10.62290096282959,4.812402248382568,-7.663057804107666,5.564562797546387,False
D4LensPINN,8,114,1,r90,H12_HANDOFF,6.4028472900390625,1.0458436012268066,-4.735774993896484,4.180323123931885,False
D4LensPINN,8,114,1,r90,H12b_input_proj,6.4028472900390625,1.0458436012268066,-4.735774993896484,4.180323123931885,False
D4LensPINN,8,114,1,r90,H13_eff3,6.4028472900390625,1.0458436012268066,-4.735774993896484,4.180323123931885,False
D4LensPINN,8,114,1,r90,H13b_eff4,6.4028472900390625,1.0458436012268066,-4.735774993896484,4.180323123931885,False
D4LensPINN,8,114,1,r90,H14_eff5,6.4028472900390625,1.0458436012268066,-4.735774993896484,4.180323123931885,False
D4LensPINN,8,114,1,r90,H14b_eff6,6.4028472900390625,1.0458436012268066,-4.735774993896484,4.180323123931885,False
D4LensPINN,8,114,1,r90,H15_before_gap,6.4028472900390625,1.0458436012268066,-4.735774993896484,4.180323123931885,False
D4LensPINN,8,114,1,r90,H16_after_gap,6.4028472900390625,1.0458436012268066,-4.735774993896484,4.180323123931885,False
D4LensPINN,8,114,1,r90,H17_pre_linear,6.4028472900390625,1.0458436012268066,-4.735774993896484,4.180323123931885,False
D4LensPINN,8,114,1,r180,H00_preprocess,2.3470089435577393,-1.7090330123901367,1.4580883979797363,-0.6794381141662598,False
D4LensPINN,8,114,1,r180,H01_enc1,2.3470089435577393,-1.7090330123901367,1.4580883979797363,-0.6794381141662598,False
D4LensPINN,8,114,1,r180,H02_enc2,2.0586748123168945,-1.7278461456298828,1.0839629173278809,-0.27877140045166016,False
D4LensPINN,8,114,1,r180,H03_enc3,0.24951709806919098,0.22406339645385742,-0.10962772369384766,0.006011486053466797,False
D4LensPINN,8,114,1,r180,H04_bot,0.3831333518028259,0.1688079833984375,-0.27317094802856445,0.20898008346557617,False
D4LensPINN,8,114,1,r180,H08_kappa_out,2.3470089435577393,-1.7090330123901367,1.4580883979797363,-0.6794381141662598,False
D4LensPINN,8,114,1,r180,H09_poisson,0.3752281665802002,0.1704120635986328,0.18355131149291992,-0.2794008255004883,False
D4LensPINN,8,114,1,r180,H10_deflection,0.3752281665802002,0.1704120635986328,0.18355131149291992,-0.2794008255004883,False
D4LensPINN,8,114,1,r180,H11_inv_lens,24.12625503540039,-7.23521614074707,-15.175064086914062,17.304487228393555,False
D4LensPINN,8,114,1,r180,H12_HANDOFF,1.7616496086120605,0.7374916076660156,0.8478264808654785,-1.3567261695861816,False
D4LensPINN,8,114,1,r180,H12b_input_proj,1.7616496086120605,0.7374916076660156,0.8478264808654785,-1.3567261695861816,False
D4LensPINN,8,114,1,r180,H13_eff3,1.7616496086120605,0.7374916076660156,0.8478264808654785,-1.3567261695861816,False
D4LensPINN,8,114,1,r180,H13b_eff4,1.7616496086120605,0.7374916076660156,0.8478264808654785,-1.3567261695861816,False
D4LensPINN,8,114,1,r180,H14_eff5,1.7616496086120605,0.7374916076660156,0.8478264808654785,-1.3567261695861816,False
D4LensPINN,8,114,1,r180,H14b_eff6,1.7616496086120605,0.7374916076660156,0.8478264808654785,-1.3567261695861816,False
D4LensPINN,8,114,1,r180,H15_before_gap,1.7616496086120605,0.7374916076660156,0.8478264808654785,-1.3567261695861816,False
D4LensPINN,8,114,1,r180,H16_after_gap,1.7616496086120605,0.7374916076660156,0.8478264808654785,-1.3567261695861816,False
D4LensPINN,8,114,1,r180,H17_pre_linear,1.7616496086120605,0.7374916076660156,0.8478264808654785,-1.3567261695861816,False
D4LensPINN,8,114,1,r270,H00_preprocess,3.6877589225769043,0.1252140998840332,-2.6506972312927246,2.5607988834381104,False
D4LensPINN,8,114,1,r270,H01_enc1,3.6877589225769043,0.1252140998840332,-2.6506972312927246,2.5607988834381104,False
D4LensPINN,8,114,1,r270,H02_enc2,5.866443634033203,-0.5682950019836426,-3.9998559951782227,4.253628253936768,False
D4LensPINN,8,114,1,r270,H03_enc3,0.5795383453369141,0.19863271713256836,-0.43442630767822266,0.3281517028808594,False
D4LensPINN,8,114,1,r270,H04_bot,0.4924792945384979,0.3353605270385742,-0.327578067779541,0.15087008476257324,False
D4LensPINN,8,114,1,r270,H08_kappa_out,3.6877589225769043,0.1252140998840332,-2.6506972312927246,2.5607988834381104,False
D4LensPINN,8,114,1,r270,H09_poisson,0.1813354641199112,-0.08351564407348633,0.13185644149780273,-0.09231233596801758,False
D4LensPINN,8,114,1,r270,H10_deflection,0.1813354641199112,-0.08351564407348633,0.13185644149780273,-0.09231233596801758,False
D4LensPINN,8,114,1,r270,H11_inv_lens,11.533478736877441,4.75583553314209,-8.502676010131836,6.173140525817871,False
D4LensPINN,8,114,1,r270,H12_HANDOFF,6.5890350341796875,1.8936915397644043,-4.932544708251953,3.936917304992676,False
D4LensPINN,8,114,1,r270,H12b_input_proj,6.5890350341796875,1.8936915397644043,-4.932544708251953,3.936917304992676,False
D4LensPINN,8,114,1,r270,H13_eff3,6.5890350341796875,1.8936915397644043,-4.932544708251953,3.936917304992676,False
D4LensPINN,8,114,1,r270,H13b_eff4,6.5890350341796875,1.8936915397644043,-4.932544708251953,3.936917304992676,False
D4LensPINN,8,114,1,r270,H14_eff5,6.5890350341796875,1.8936915397644043,-4.932544708251953,3.936917304992676,False
D4LensPINN,8,114,1,r270,H14b_eff6,6.5890350341796875,1.8936915397644043,-4.932544708251953,3.936917304992676,False
D4LensPINN,8,114,1,r270,H15_before_gap,6.5890350341796875,1.8936915397644043,-4.932544708251953,3.936917304992676,False
D4LensPINN,8,114,1,r270,H16_after_gap,6.5890350341796875,1.8936915397644043,-4.932544708251953,3.936917304992676,False
D4LensPINN,8,114,1,r270,H17_pre_linear,6.5890350341796875,1.8936915397644043,-4.932544708251953,3.936917304992676,False
D4LensPINN,8,114,1,flip_h,H00_preprocess,3.0274949073791504,2.3845763206481934,-1.7696003913879395,0.5899447202682495,False
D4LensPINN,8,114,1,flip_h,H01_enc1,3.0274949073791504,2.3845763206481934,-1.7696003913879395,0.5899447202682495,False
D4LensPINN,8,114,1,flip_h,H02_enc2,5.047675609588623,1.5233101844787598,-3.736387252807617,3.0328149795532227,False
D4LensPINN,8,114,1,flip_h,H03_enc3,0.14332939684391022,0.12130117416381836,-0.07628583908081055,0.0031321048736572266,False
D4LensPINN,8,114,1,flip_h,H04_bot,0.10864616930484772,0.09923982620239258,-0.03540658950805664,-0.026491880416870117,False
D4LensPINN,8,114,1,flip_h,H08_kappa_out,3.0274949073791504,2.3845763206481934,-1.7696003913879395,0.5899447202682495,False
D4LensPINN,8,114,1,flip_h,H09_poisson,0.6184167265892029,-0.42696523666381836,-0.18306779861450195,0.40819859504699707,False
D4LensPINN,8,114,1,flip_h,H10_deflection,0.6184167265892029,-0.42696523666381836,-0.18306779861450195,0.40819859504699707,False
D4LensPINN,8,114,1,flip_h,H11_inv_lens,8.243210792541504,4.713491439819336,-5.739873886108398,3.5759429931640625,False
D4LensPINN,8,114,1,flip_h,H12_HANDOFF,1.4141559600830078,0.11435794830322266,0.8896660804748535,-1.0932765007019043,False
D4LensPINN,8,114,1,flip_h,H12b_input_proj,1.4141559600830078,0.11435794830322266,0.8896660804748535,-1.0932765007019043,False
D4LensPINN,8,114,1,flip_h,H13_eff3,1.4141559600830078,0.11435794830322266,0.8896660804748535,-1.0932765007019043,False
D4LensPINN,8,114,1,flip_h,H13b_eff4,1.4141559600830078,0.11435794830322266,0.8896660804748535,-1.0932765007019043,False
D4LensPINN,8,114,1,flip_h,H14_eff5,1.4141559600830078,0.11435794830322266,0.8896660804748535,-1.0932765007019043,False
D4LensPINN,8,114,1,flip_h,H14b_eff6,1.4141559600830078,0.11435794830322266,0.8896660804748535,-1.0932765007019043,False
D4LensPINN,8,114,1,flip_h,H15_before_gap,1.4141559600830078,0.11435794830322266,0.8896660804748535,-1.0932765007019043,False
D4LensPINN,8,114,1,flip_h,H16_after_gap,1.4141559600830078,0.11435794830322266,0.8896660804748535,-1.0932765007019043,False
D4LensPINN,8,114,1,flip_h,H17_pre_linear,1.4141559600830078,0.11435794830322266,0.8896660804748535,-1.0932765007019043,False
D4LensPINN,8,114,1,flip_h_r90,H00_preprocess,5.664340496063232,-2.231289863586426,-3.1125078201293945,4.173535346984863,False
D4LensPINN,8,114,1,flip_h_r90,H01_enc1,5.664340496063232,-2.231289863586426,-3.1125078201293945,4.173535346984863,False
D4LensPINN,8,114,1,flip_h_r90,H02_enc2,8.859566688537598,-2.9026803970336914,-5.199184417724609,6.560094833374023,False
D4LensPINN,8,114,1,flip_h_r90,H03_enc3,0.6710253953933716,-0.018760204315185547,-0.46767282485961914,0.4808380603790283,False
D4LensPINN,8,114,1,flip_h_r90,H04_bot,0.3466831147670746,0.1425471305847168,-0.25525712966918945,0.18631505966186523,False
D4LensPINN,8,114,1,flip_h_r90,H08_kappa_out,5.664340496063232,-2.231289863586426,-3.1125078201293945,4.173535346984863,False
D4LensPINN,8,114,1,flip_h_r90,H09_poisson,0.2389054000377655,0.02019500732421875,0.15834569931030273,-0.1777486801147461,False
D4LensPINN,8,114,1,flip_h_r90,H10_deflection,0.2389054000377655,0.02019500732421875,0.15834569931030273,-0.1777486801147461,False
D4LensPINN,8,114,1,flip_h_r90,H11_inv_lens,12.263294219970703,1.909480094909668,-9.002486228942871,8.105400085449219,False
D4LensPINN,8,114,1,flip_h_r90,H12_HANDOFF,5.2144455909729,1.7726035118103027,-3.869361400604248,3.0127005577087402,False
D4LensPINN,8,114,1,flip_h_r90,H12b_input_proj,5.2144455909729,1.7726035118103027,-3.869361400604248,3.0127005577087402,False
D4LensPINN,8,114,1,flip_h_r90,H13_eff3,5.2144455909729,1.7726035118103027,-3.869361400604248,3.0127005577087402,False
D4LensPINN,8,114,1,flip_h_r90,H13b_eff4,5.2144455909729,1.7726035118103027,-3.869361400604248,3.0127005577087402,False
D4LensPINN,8,114,1,flip_h_r90,H14_eff5,5.2144455909729,1.7726035118103027,-3.869361400604248,3.0127005577087402,False
D4LensPINN,8,114,1,flip_h_r90,H14b_eff6,5.2144455909729,1.7726035118103027,-3.869361400604248,3.0127005577087402,False
D4LensPINN,8,114,1,flip_h_r90,H15_before_gap,5.2144455909729,1.7726035118103027,-3.869361400604248,3.0127005577087402,False
D4LensPINN,8,114,1,flip_h_r90,H16_after_gap,5.2144455909729,1.7726035118103027,-3.869361400604248,3.0127005577087402,False
D4LensPINN,8,114,1,flip_h_r90,H17_pre_linear,5.2144455909729,1.7726035118103027,-3.869361400604248,3.0127005577087402,False
D4LensPINN,8,114,1,flip_h_r180,H00_preprocess,0.9165434241294861,-0.5679068565368652,-0.3717689514160156,0.6158908605575562,False
D4LensPINN,8,114,1,flip_h_r180,H01_enc1,0.9165434241294861,-0.5679068565368652,-0.3717689514160156,0.6158908605575562,False
D4LensPINN,8,114,1,flip_h_r180,H02_enc2,1.7928245067596436,-0.8373942375183105,-0.9088883399963379,1.2988120317459106,False
D4LensPINN,8,114,1,flip_h_r180,H03_enc3,0.2150612622499466,0.01657247543334961,-0.14948606491088867,0.15372252464294434,False
D4LensPINN,8,114,1,flip_h_r180,H04_bot,0.30189570784568787,0.056873321533203125,-0.2179880142211914,0.20096683502197266,False
D4LensPINN,8,114,1,flip_h_r180,H08_kappa_out,0.9165434241294861,-0.5679068565368652,-0.3717689514160156,0.6158908605575562,False
D4LensPINN,8,114,1,flip_h_r180,H09_poisson,0.25838789343833923,0.15327835083007812,0.0955047607421875,-0.18479418754577637,False
D4LensPINN,8,114,1,flip_h_r180,H10_deflection,0.25838789343833923,0.15327835083007812,0.0955047607421875,-0.18479418754577637,False
D4LensPINN,8,114,1,flip_h_r180,H11_inv_lens,32.95410919189453,-13.462577819824219,-18.963171005249023,23.3480281829834,False
D4LensPINN,8,114,1,flip_h_r180,H12_HANDOFF,1.9487817287445068,1.5894083976745605,0.12848424911499023,-1.1202781200408936,False
D4LensPINN,8,114,1,flip_h_r180,H12b_input_proj,1.9487817287445068,1.5894083976745605,0.12848424911499023,-1.1202781200408936,False
D4LensPINN,8,114,1,flip_h_r180,H13_eff3,1.9487817287445068,1.5894083976745605,0.12848424911499023,-1.1202781200408936,False
D4LensPINN,8,114,1,flip_h_r180,H13b_eff4,1.9487817287445068,1.5894083976745605,0.12848424911499023,-1.1202781200408936,False
D4LensPINN,8,114,1,flip_h_r180,H14_eff5,1.9487817287445068,1.5894083976745605,0.12848424911499023,-1.1202781200408936,False
D4LensPINN,8,114,1,flip_h_r180,H14b_eff6,1.9487817287445068,1.5894083976745605,0.12848424911499023,-1.1202781200408936,False
D4LensPINN,8,114,1,flip_h_r180,H15_before_gap,1.9487817287445068,1.5894083976745605,0.12848424911499023,-1.1202781200408936,False
D4LensPINN,8,114,1,flip_h_r180,H16_after_gap,1.9487817287445068,1.5894083976745605,0.12848424911499023,-1.1202781200408936,False
D4LensPINN,8,114,1,flip_h_r180,H17_pre_linear,1.9487817287445068,1.5894083976745605,0.12848424911499023,-1.1202781200408936,False
D4LensPINN,8,114,1,flip_h_r270,H00_preprocess,6.433400630950928,-0.2097153663635254,-4.521205425262451,4.572020053863525,False
D4LensPINN,8,114,1,flip_h_r270,H01_enc1,6.433400630950928,-0.2097153663635254,-4.521205425262451,4.572020053863525,False
D4LensPINN,8,114,1,flip_h_r270,H02_enc2,6.459213733673096,-0.22833585739135742,-4.541191101074219,4.587688446044922,False
D4LensPINN,8,114,1,flip_h_r270,H03_enc3,0.39790165424346924,0.07413339614868164,-0.2960081100463867,0.25536084175109863,False
D4LensPINN,8,114,1,flip_h_r270,H04_bot,0.36073750257492065,0.22745656967163086,-0.24961042404174805,0.126845121383667,False
D4LensPINN,8,114,1,flip_h_r270,H08_kappa_out,6.433400630950928,-0.2097153663635254,-4.521205425262451,4.572020053863525,False
D4LensPINN,8,114,1,flip_h_r270,H09_poisson,0.20565149188041687,-0.03214120864868164,-0.13409948348999023,0.15256738662719727,False
D4LensPINN,8,114,1,flip_h_r270,H10_deflection,0.20565149188041687,-0.03214120864868164,-0.13409948348999023,0.15256738662719727,False
D4LensPINN,8,114,1,flip_h_r270,H11_inv_lens,11.296854972839355,4.363072395324707,-8.349711418151855,6.23416805267334,False
D4LensPINN,8,114,1,flip_h_r270,H12_HANDOFF,8.252391815185547,1.842430591583252,-6.141173362731934,5.1955180168151855,False
D4LensPINN,8,114,1,flip_h_r270,H12b_input_proj,8.252391815185547,1.842430591583252,-6.141173362731934,5.1955180168151855,False
D4LensPINN,8,114,1,flip_h_r270,H13_eff3,8.252391815185547,1.842430591583252,-6.141173362731934,5.1955180168151855,False
D4LensPINN,8,114,1,flip_h_r270,H13b_eff4,8.252391815185547,1.842430591583252,-6.141173362731934,5.1955180168151855,False
D4LensPINN,8,114,1,flip_h_r270,H14_eff5,8.252391815185547,1.842430591583252,-6.141173362731934,5.1955180168151855,False
D4LensPINN,8,114,1,flip_h_r270,H14b_eff6,8.252391815185547,1.842430591583252,-6.141173362731934,5.1955180168151855,False
D4LensPINN,8,114,1,flip_h_r270,H15_before_gap,8.252391815185547,1.842430591583252,-6.141173362731934,5.1955180168151855,False
D4LensPINN,8,114,1,flip_h_r270,H16_after_gap,8.252391815185547,1.842430591583252,-6.141173362731934,5.1955180168151855,False
D4LensPINN,8,114,1,flip_h_r270,H17_pre_linear,8.252391815185547,1.842430591583252,-6.141173362731934,5.1955180168151855,False
D4LensPINN,9,141,0,e,H00_preprocess,0.0,0.0,0.0,0.0,False
D4LensPINN,9,141,0,e,H01_enc1,0.0,0.0,0.0,0.0,False
D4LensPINN,9,141,0,e,H02_enc2,0.0,0.0,0.0,0.0,False
D4LensPINN,9,141,0,e,H03_enc3,0.0,0.0,0.0,0.0,False
D4LensPINN,9,141,0,e,H04_bot,0.0,0.0,0.0,0.0,False
D4LensPINN,9,141,0,e,H08_kappa_out,0.0,0.0,0.0,0.0,False
D4LensPINN,9,141,0,e,H09_poisson,0.0,0.0,0.0,0.0,False
D4LensPINN,9,141,0,e,H10_deflection,0.0,0.0,0.0,0.0,False
D4LensPINN,9,141,0,e,H11_inv_lens,0.0,0.0,0.0,0.0,False
D4LensPINN,9,141,0,e,H12_HANDOFF,0.0,0.0,0.0,0.0,False
D4LensPINN,9,141,0,e,H12b_input_proj,0.0,0.0,0.0,0.0,False
D4LensPINN,9,141,0,e,H13_eff3,0.0,0.0,0.0,0.0,False
D4LensPINN,9,141,0,e,H13b_eff4,0.0,0.0,0.0,0.0,False
D4LensPINN,9,141,0,e,H14_eff5,0.0,0.0,0.0,0.0,False
D4LensPINN,9,141,0,e,H14b_eff6,0.0,0.0,0.0,0.0,False
D4LensPINN,9,141,0,e,H15_before_gap,0.0,0.0,0.0,0.0,False
D4LensPINN,9,141,0,e,H16_after_gap,0.0,0.0,0.0,0.0,False
D4LensPINN,9,141,0,e,H17_pre_linear,0.0,0.0,0.0,0.0,False
D4LensPINN,9,141,0,r90,H00_preprocess,0.4616517126560211,0.3023068904876709,-0.0200158953666687,-0.34832775592803955,False
D4LensPINN,9,141,0,r90,H01_enc1,0.4616517126560211,0.3023068904876709,-0.0200158953666687,-0.34832775592803955,False
D4LensPINN,9,141,0,r90,H02_enc2,0.5185341835021973,0.3696780204772949,-0.09475266933441162,-0.3510524034500122,False
D4LensPINN,9,141,0,r90,H03_enc3,0.6490702033042908,-0.4494619369506836,0.11409956216812134,0.45415568351745605,False
D4LensPINN,9,141,0,r90,H04_bot,0.28120747208595276,-0.16628026962280273,0.010749459266662598,0.22652363777160645,False
D4LensPINN,9,141,0,r90,H08_kappa_out,0.4616517126560211,0.3023068904876709,-0.0200158953666687,-0.34832775592803955,False
D4LensPINN,9,141,0,r90,H09_poisson,0.08142638951539993,0.06203317642211914,-0.02802485227584839,-0.0446850061416626,False
D4LensPINN,9,141,0,r90,H10_deflection,0.08142638951539993,0.06203317642211914,-0.02802485227584839,-0.0446850061416626,False
D4LensPINN,9,141,0,r90,H11_inv_lens,35.673946380615234,-24.343191146850586,-11.738446235656738,23.286226272583008,False
D4LensPINN,9,141,0,r90,H12_HANDOFF,4.494228839874268,-3.5674309730529785,0.1222788393497467,2.73067307472229,False
D4LensPINN,9,141,0,r90,H12b_input_proj,4.494228839874268,-3.5674309730529785,0.1222788393497467,2.73067307472229,False
D4LensPINN,9,141,0,r90,H13_eff3,4.494228839874268,-3.5674309730529785,0.1222788393497467,2.73067307472229,False
D4LensPINN,9,141,0,r90,H13b_eff4,4.494228839874268,-3.5674309730529785,0.1222788393497467,2.73067307472229,False
D4LensPINN,9,141,0,r90,H14_eff5,4.494228839874268,-3.5674309730529785,0.1222788393497467,2.73067307472229,False
D4LensPINN,9,141,0,r90,H14b_eff6,4.494228839874268,-3.5674309730529785,0.1222788393497467,2.73067307472229,False
D4LensPINN,9,141,0,r90,H15_before_gap,4.494228839874268,-3.5674309730529785,0.1222788393497467,2.73067307472229,False
D4LensPINN,9,141,0,r90,H16_after_gap,4.494228839874268,-3.5674309730529785,0.1222788393497467,2.73067307472229,False
D4LensPINN,9,141,0,r90,H17_pre_linear,4.494228839874268,-3.5674309730529785,0.1222788393497467,2.73067307472229,False
D4LensPINN,9,141,0,r180,H00_preprocess,0.38657909631729126,0.25022411346435547,-0.03203052282333374,-0.29292547702789307,False
D4LensPINN,9,141,0,r180,H01_enc1,0.38657909631729126,0.25022411346435547,-0.03203052282333374,-0.29292547702789307,False
D4LensPINN,9,141,0,r180,H02_enc2,0.1621495634317398,-0.10387372970581055,0.12111088633537292,-0.02889430522918701,False
D4LensPINN,9,141,0,r180,H03_enc3,0.17158180475234985,0.13275384902954102,-0.07861208915710449,-0.07507908344268799,False
D4LensPINN,9,141,0,r180,H04_bot,0.14611591398715973,0.11241936683654785,-0.0659227967262268,-0.06607520580291748,False
D4LensPINN,9,141,0,r180,H08_kappa_out,0.38657909631729126,0.25022411346435547,-0.03203052282333374,-0.29292547702789307,False
D4LensPINN,9,141,0,r180,H09_poisson,0.041227489709854126,-0.024284839630126953,-0.0010709762573242188,0.03329873085021973,False
D4LensPINN,9,141,0,r180,H10_deflection,0.041227489709854126,-0.024284839630126953,-0.0010709762573242188,0.03329873085021973,False
D4LensPINN,9,141,0,r180,H11_inv_lens,14.404914855957031,-10.157812118530273,-3.6228151321411133,9.549640655517578,False
D4LensPINN,9,141,0,r180,H12_HANDOFF,0.9596969485282898,-0.5261244773864746,0.737963080406189,-0.31562912464141846,False
D4LensPINN,9,141,0,r180,H12b_input_proj,0.9596969485282898,-0.5261244773864746,0.737963080406189,-0.31562912464141846,False
D4LensPINN,9,141,0,r180,H13_eff3,0.9596969485282898,-0.5261244773864746,0.737963080406189,-0.31562912464141846,False
D4LensPINN,9,141,0,r180,H13b_eff4,0.9596969485282898,-0.5261244773864746,0.737963080406189,-0.31562912464141846,False
D4LensPINN,9,141,0,r180,H14_eff5,0.9596969485282898,-0.5261244773864746,0.737963080406189,-0.31562912464141846,False
D4LensPINN,9,141,0,r180,H14b_eff6,0.9596969485282898,-0.5261244773864746,0.737963080406189,-0.31562912464141846,False
D4LensPINN,9,141,0,r180,H15_before_gap,0.9596969485282898,-0.5261244773864746,0.737963080406189,-0.31562912464141846,False
D4LensPINN,9,141,0,r180,H16_after_gap,0.9596969485282898,-0.5261244773864746,0.737963080406189,-0.31562912464141846,False
D4LensPINN,9,141,0,r180,H17_pre_linear,0.9596969485282898,-0.5261244773864746,0.737963080406189,-0.31562912464141846,False
D4LensPINN,9,141,0,r270,H00_preprocess,0.08005766570568085,0.05925130844116211,-0.04421794414520264,-0.03071296215057373,False
D4LensPINN,9,141,0,r270,H01_enc1,0.08005766570568085,0.05925130844116211,-0.04421794414520264,-0.03071296215057373,False
D4LensPINN,9,141,0,r270,H02_enc2,0.3191249966621399,-0.21436643600463867,0.02143317461013794,0.23543238639831543,False
D4LensPINN,9,141,0,r270,H03_enc3,0.4419974386692047,-0.28299784660339355,0.03478199243545532,0.3377338647842407,False
D4LensPINN,9,141,0,r270,H04_bot,0.35922643542289734,-0.22532367706298828,0.022375762462615967,0.2788766622543335,False
D4LensPINN,9,141,0,r270,H08_kappa_out,0.08005766570568085,0.05925130844116211,-0.04421794414520264,-0.03071296215057373,False
D4LensPINN,9,141,0,r270,H09_poisson,0.06145057827234268,0.04452657699584961,-0.04031282663345337,-0.012978196144104004,False
D4LensPINN,9,141,0,r270,H10_deflection,0.06145057827234268,0.04452657699584961,-0.04031282663345337,-0.012978196144104004,False
D4LensPINN,9,141,0,r270,H11_inv_lens,23.824867248535156,-15.9658203125,-7.6028971672058105,15.96599006652832,False
D4LensPINN,9,141,0,r270,H12_HANDOFF,1.9806560277938843,-1.3300445079803467,0.07185792922973633,1.4658842086791992,False
D4LensPINN,9,141,0,r270,H12b_input_proj,1.9806560277938843,-1.3300445079803467,0.07185792922973633,1.4658842086791992,False
D4LensPINN,9,141,0,r270,H13_eff3,1.9806560277938843,-1.3300445079803467,0.07185792922973633,1.4658842086791992,False
D4LensPINN,9,141,0,r270,H13b_eff4,1.9806560277938843,-1.3300445079803467,0.07185792922973633,1.4658842086791992,False
D4LensPINN,9,141,0,r270,H14_eff5,1.9806560277938843,-1.3300445079803467,0.07185792922973633,1.4658842086791992,False
D4LensPINN,9,141,0,r270,H14b_eff6,1.9806560277938843,-1.3300445079803467,0.07185792922973633,1.4658842086791992,False
D4LensPINN,9,141,0,r270,H15_before_gap,1.9806560277938843,-1.3300445079803467,0.07185792922973633,1.4658842086791992,False
D4LensPINN,9,141,0,r270,H16_after_gap,1.9806560277938843,-1.3300445079803467,0.07185792922973633,1.4658842086791992,False
D4LensPINN,9,141,0,r270,H17_pre_linear,1.9806560277938843,-1.3300445079803467,0.07185792922973633,1.4658842086791992,False
D4LensPINN,9,141,0,flip_h,H00_preprocess,0.34466689825057983,0.2508974075317383,-0.2210734486579895,-0.08350026607513428,False
D4LensPINN,9,141,0,flip_h,H01_enc1,0.34466689825057983,0.2508974075317383,-0.2210734486579895,-0.08350026607513428,False
D4LensPINN,9,141,0,flip_h,H02_enc2,0.29269182682037354,0.18636083602905273,-0.2256450653076172,0.0047370195388793945,False
D4LensPINN,9,141,0,flip_h,H03_enc3,0.04678206890821457,0.006978034973144531,-0.023583590984344482,0.039795517921447754,False
D4LensPINN,9,141,0,flip_h,H04_bot,0.022097626700997353,0.017240047454833984,-0.01297837495803833,0.004758954048156738,False
D4LensPINN,9,141,0,flip_h,H08_kappa_out,0.34466689825057983,0.2508974075317383,-0.2210734486579895,-0.08350026607513428,False
D4LensPINN,9,141,0,flip_h,H09_poisson,0.06171523407101631,0.01566767692565918,-0.04900282621383667,0.0340883731842041,False
D4LensPINN,9,141,0,flip_h,H10_deflection,0.06171523407101631,0.01566767692565918,-0.04900282621383667,0.0340883731842041,False
D4LensPINN,9,141,0,flip_h,H11_inv_lens,10.074057579040527,-6.8104658126831055,-2.452609062194824,7.006347179412842,False
D4LensPINN,9,141,0,flip_h,H12_HANDOFF,1.2885271310806274,-0.8779511451721191,0.12924352288246155,0.9342377185821533,False
D4LensPINN,9,141,0,flip_h,H12b_input_proj,1.2885271310806274,-0.8779511451721191,0.12924352288246155,0.9342377185821533,False
D4LensPINN,9,141,0,flip_h,H13_eff3,1.2885271310806274,-0.8779511451721191,0.12924352288246155,0.9342377185821533,False
D4LensPINN,9,141,0,flip_h,H13b_eff4,1.2885271310806274,-0.8779511451721191,0.12924352288246155,0.9342377185821533,False
D4LensPINN,9,141,0,flip_h,H14_eff5,1.2885271310806274,-0.8779511451721191,0.12924352288246155,0.9342377185821533,False
D4LensPINN,9,141,0,flip_h,H14b_eff6,1.2885271310806274,-0.8779511451721191,0.12924352288246155,0.9342377185821533,False
D4LensPINN,9,141,0,flip_h,H15_before_gap,1.2885271310806274,-0.8779511451721191,0.12924352288246155,0.9342377185821533,False
D4LensPINN,9,141,0,flip_h,H16_after_gap,1.2885271310806274,-0.8779511451721191,0.12924352288246155,0.9342377185821533,False
D4LensPINN,9,141,0,flip_h,H17_pre_linear,1.2885271310806274,-0.8779511451721191,0.12924352288246155,0.9342377185821533,False
D4LensPINN,9,141,0,flip_h_r90,H00_preprocess,0.1868041306734085,0.11707258224487305,0.0006124377250671387,-0.14556586742401123,False
D4LensPINN,9,141,0,flip_h_r90,H01_enc1,0.1868041306734085,0.11707258224487305,0.0006124377250671387,-0.14556586742401123,False
D4LensPINN,9,141,0,flip_h_r90,H02_enc2,0.35894522070884705,0.2483539581298828,-0.04155486822128296,-0.2558029890060425,False
D4LensPINN,9,141,0,flip_h_r90,H03_enc3,0.5712792277336121,-0.37128305435180664,0.051140010356903076,0.4311537742614746,False
D4LensPINN,9,141,0,flip_h_r90,H04_bot,0.4293137490749359,-0.26433563232421875,0.015628516674041748,0.33792412281036377,False
D4LensPINN,9,141,0,flip_h_r90,H08_kappa_out,0.1868041306734085,0.11707258224487305,0.0006124377250671387,-0.14556586742401123,False
D4LensPINN,9,141,0,flip_h_r90,H09_poisson,0.12586930394172668,0.09391927719116211,-0.07288545370101929,-0.04135167598724365,False
D4LensPINN,9,141,0,flip_h_r90,H10_deflection,0.12586930394172668,0.09391927719116211,-0.07288545370101929,-0.04135167598724365,False
D4LensPINN,9,141,0,flip_h_r90,H11_inv_lens,16.767932891845703,-11.299437522888184,-5.0098876953125,11.330811500549316,False
D4LensPINN,9,141,0,flip_h_r90,H12_HANDOFF,2.9073305130004883,-2.2962465286254883,0.36793115735054016,1.7448352575302124,False
D4LensPINN,9,141,0,flip_h_r90,H12b_input_proj,2.9073305130004883,-2.2962465286254883,0.36793115735054016,1.7448352575302124,False
D4LensPINN,9,141,0,flip_h_r90,H13_eff3,2.9073305130004883,-2.2962465286254883,0.36793115735054016,1.7448352575302124,False
D4LensPINN,9,141,0,flip_h_r90,H13b_eff4,2.9073305130004883,-2.2962465286254883,0.36793115735054016,1.7448352575302124,False
D4LensPINN,9,141,0,flip_h_r90,H14_eff5,2.9073305130004883,-2.2962465286254883,0.36793115735054016,1.7448352575302124,False
D4LensPINN,9,141,0,flip_h_r90,H14b_eff6,2.9073305130004883,-2.2962465286254883,0.36793115735054016,1.7448352575302124,False
D4LensPINN,9,141,0,flip_h_r90,H15_before_gap,2.9073305130004883,-2.2962465286254883,0.36793115735054016,1.7448352575302124,False
D4LensPINN,9,141,0,flip_h_r90,H16_after_gap,2.9073305130004883,-2.2962465286254883,0.36793115735054016,1.7448352575302124,False
D4LensPINN,9,141,0,flip_h_r90,H17_pre_linear,2.9073305130004883,-2.2962465286254883,0.36793115735054016,1.7448352575302124,False
D4LensPINN,9,141,0,flip_h_r180,H00_preprocess,0.40686845779418945,-0.25884246826171875,-0.014231622219085693,0.3135920763015747,False
D4LensPINN,9,141,0,flip_h_r180,H01_enc1,0.40686845779418945,-0.25884246826171875,-0.014231622219085693,0.3135920763015747,False
D4LensPINN,9,141,0,flip_h_r180,H02_enc2,0.47860658168792725,-0.3201751708984375,0.019302725791931152,0.3552175760269165,False
D4LensPINN,9,141,0,flip_h_r180,H03_enc3,0.02798604406416416,-0.014872074127197266,0.022619545459747314,-0.007099032402038574,False
D4LensPINN,9,141,0,flip_h_r180,H04_bot,0.01646481454372406,-0.00967550277709961,0.012904465198516846,-0.003309011459350586,False
D4LensPINN,9,141,0,flip_h_r180,H08_kappa_out,0.40686845779418945,-0.25884246826171875,-0.014231622219085693,0.3135920763015747,False
D4LensPINN,9,141,0,flip_h_r180,H09_poisson,0.0045060585252940655,0.0029447078704833984,-3.4868717193603516e-05,-0.0034105777740478516,False
D4LensPINN,9,141,0,flip_h_r180,H10_deflection,0.0045060585252940655,0.0029447078704833984,-3.4868717193603516e-05,-0.0034105777740478516,False
D4LensPINN,9,141,0,flip_h_r180,H11_inv_lens,9.105822563171387,-7.464706897735596,-0.48304176330566406,5.192380905151367,False
D4LensPINN,9,141,0,flip_h_r180,H12_HANDOFF,2.222526788711548,-1.754902720451355,0.47526082396507263,1.2783071994781494,False
D4LensPINN,9,141,0,flip_h_r180,H12b_input_proj,2.222526788711548,-1.754902720451355,0.47526082396507263,1.2783071994781494,False
D4LensPINN,9,141,0,flip_h_r180,H13_eff3,2.222526788711548,-1.754902720451355,0.47526082396507263,1.2783071994781494,False
D4LensPINN,9,141,0,flip_h_r180,H13b_eff4,2.222526788711548,-1.754902720451355,0.47526082396507263,1.2783071994781494,False
D4LensPINN,9,141,0,flip_h_r180,H14_eff5,2.222526788711548,-1.754902720451355,0.47526082396507263,1.2783071994781494,False
D4LensPINN,9,141,0,flip_h_r180,H14b_eff6,2.222526788711548,-1.754902720451355,0.47526082396507263,1.2783071994781494,False
D4LensPINN,9,141,0,flip_h_r180,H15_before_gap,2.222526788711548,-1.754902720451355,0.47526082396507263,1.2783071994781494,False
D4LensPINN,9,141,0,flip_h_r180,H16_after_gap,2.222526788711548,-1.754902720451355,0.47526082396507263,1.2783071994781494,False
D4LensPINN,9,141,0,flip_h_r180,H17_pre_linear,2.222526788711548,-1.754902720451355,0.47526082396507263,1.2783071994781494,False
D4LensPINN,9,141,0,flip_h_r270,H00_preprocess,0.1578417420387268,0.047440528869628906,-0.1303381323814392,0.07533514499664307,False
D4LensPINN,9,141,0,flip_h_r270,H01_enc1,0.1578417420387268,0.047440528869628906,-0.1303381323814392,0.07533514499664307,False
D4LensPINN,9,141,0,flip_h_r270,H02_enc2,0.34575197100639343,-0.20914411544799805,-0.017331957817077637,0.2747776508331299,False
D4LensPINN,9,141,0,flip_h_r270,H03_enc3,0.8607356548309326,-0.5687031745910645,0.06814640760421753,0.6424940824508667,False
D4LensPINN,9,141,0,flip_h_r270,H04_bot,0.39234116673469543,-0.2245328426361084,-0.01333540678024292,0.3214634656906128,False
D4LensPINN,9,141,0,flip_h_r270,H08_kappa_out,0.1578417420387268,0.047440528869628906,-0.1303381323814392,0.07533514499664307,False
D4LensPINN,9,141,0,flip_h_r270,H09_poisson,0.10327580571174622,0.07774472236633301,-0.03558516502380371,-0.05792534351348877,False
D4LensPINN,9,141,0,flip_h_r270,H10_deflection,0.10327580571174622,0.07774472236633301,-0.03558516502380371,-0.05792534351348877,False
D4LensPINN,9,141,0,flip_h_r270,H11_inv_lens,44.0967903137207,-30.21758270263672,-14.817000389099121,28.493526458740234,False
D4LensPINN,9,141,0,flip_h_r270,H12_HANDOFF,7.133139133453369,-5.8043389320373535,-0.2790989279747009,4.136837482452393,False
D4LensPINN,9,141,0,flip_h_r270,H12b_input_proj,7.133139133453369,-5.8043389320373535,-0.2790989279747009,4.136837482452393,False
D4LensPINN,9,141,0,flip_h_r270,H13_eff3,7.133139133453369,-5.8043389320373535,-0.2790989279747009,4.136837482452393,False
D4LensPINN,9,141,0,flip_h_r270,H13b_eff4,7.133139133453369,-5.8043389320373535,-0.2790989279747009,4.136837482452393,False
D4LensPINN,9,141,0,flip_h_r270,H14_eff5,7.133139133453369,-5.8043389320373535,-0.2790989279747009,4.136837482452393,False
D4LensPINN,9,141,0,flip_h_r270,H14b_eff6,7.133139133453369,-5.8043389320373535,-0.2790989279747009,4.136837482452393,False
D4LensPINN,9,141,0,flip_h_r270,H15_before_gap,7.133139133453369,-5.8043389320373535,-0.2790989279747009,4.136837482452393,False
D4LensPINN,9,141,0,flip_h_r270,H16_after_gap,7.133139133453369,-5.8043389320373535,-0.2790989279747009,4.136837482452393,False
D4LensPINN,9,141,0,flip_h_r270,H17_pre_linear,7.133139133453369,-5.8043389320373535,-0.2790989279747009,4.136837482452393,False
D4LensPINN,10,155,0,e,H00_preprocess,0.0,0.0,0.0,0.0,False
D4LensPINN,10,155,0,e,H01_enc1,0.0,0.0,0.0,0.0,False
D4LensPINN,10,155,0,e,H02_enc2,0.0,0.0,0.0,0.0,False
D4LensPINN,10,155,0,e,H03_enc3,0.0,0.0,0.0,0.0,False
D4LensPINN,10,155,0,e,H04_bot,0.0,0.0,0.0,0.0,False
D4LensPINN,10,155,0,e,H08_kappa_out,0.0,0.0,0.0,0.0,False
D4LensPINN,10,155,0,e,H09_poisson,0.0,0.0,0.0,0.0,False
D4LensPINN,10,155,0,e,H10_deflection,0.0,0.0,0.0,0.0,False
D4LensPINN,10,155,0,e,H11_inv_lens,0.0,0.0,0.0,0.0,False
D4LensPINN,10,155,0,e,H12_HANDOFF,0.0,0.0,0.0,0.0,False
D4LensPINN,10,155,0,e,H12b_input_proj,0.0,0.0,0.0,0.0,False
D4LensPINN,10,155,0,e,H13_eff3,0.0,0.0,0.0,0.0,False
D4LensPINN,10,155,0,e,H13b_eff4,0.0,0.0,0.0,0.0,False
D4LensPINN,10,155,0,e,H14_eff5,0.0,0.0,0.0,0.0,False
D4LensPINN,10,155,0,e,H14b_eff6,0.0,0.0,0.0,0.0,False
D4LensPINN,10,155,0,e,H15_before_gap,0.0,0.0,0.0,0.0,False
D4LensPINN,10,155,0,e,H16_after_gap,0.0,0.0,0.0,0.0,False
D4LensPINN,10,155,0,e,H17_pre_linear,0.0,0.0,0.0,0.0,False
D4LensPINN,10,155,0,r90,H00_preprocess,0.9895864725112915,0.43871593475341797,0.252390593290329,-0.8503580093383789,False
D4LensPINN,10,155,0,r90,H01_enc1,0.9895864725112915,0.43871593475341797,0.252390593290329,-0.8503580093383789,False
D4LensPINN,10,155,0,r90,H02_enc2,1.0240577459335327,-0.0010581016540527344,0.6337882280349731,-0.8043665885925293,False
D4LensPINN,10,155,0,r90,H03_enc3,0.46920955181121826,-0.35394835472106934,0.13742470741271973,0.27566754817962646,False
D4LensPINN,10,155,0,r90,H04_bot,0.3048892319202423,-0.23067927360534668,0.0837247371673584,0.18092727661132812,False
D4LensPINN,10,155,0,r90,H08_kappa_out,0.9895864725112915,0.43871593475341797,0.252390593290329,-0.8503580093383789,False
D4LensPINN,10,155,0,r90,H09_poisson,0.19140180945396423,0.060848236083984375,0.0819043517112732,-0.16193771362304688,False
D4LensPINN,10,155,0,r90,H10_deflection,0.19140180945396423,0.060848236083984375,0.0819043517112732,-0.16193771362304688,False
D4LensPINN,10,155,0,r90,H11_inv_lens,10.34798812866211,-7.203680515289307,-2.5661537647247314,6.971564292907715,False
D4LensPINN,10,155,0,r90,H12_HANDOFF,2.2349042892456055,-1.6699119806289673,0.2954728305339813,1.4556398391723633,False
D4LensPINN,10,155,0,r90,H12b_input_proj,2.2349042892456055,-1.6699119806289673,0.2954728305339813,1.4556398391723633,False
D4LensPINN,10,155,0,r90,H13_eff3,2.2349042892456055,-1.6699119806289673,0.2954728305339813,1.4556398391723633,False
D4LensPINN,10,155,0,r90,H13b_eff4,2.2349042892456055,-1.6699119806289673,0.2954728305339813,1.4556398391723633,False
D4LensPINN,10,155,0,r90,H14_eff5,2.2349042892456055,-1.6699119806289673,0.2954728305339813,1.4556398391723633,False
D4LensPINN,10,155,0,r90,H14b_eff6,2.2349042892456055,-1.6699119806289673,0.2954728305339813,1.4556398391723633,False
D4LensPINN,10,155,0,r90,H15_before_gap,2.2349042892456055,-1.6699119806289673,0.2954728305339813,1.4556398391723633,False
D4LensPINN,10,155,0,r90,H16_after_gap,2.2349042892456055,-1.6699119806289673,0.2954728305339813,1.4556398391723633,False
D4LensPINN,10,155,0,r90,H17_pre_linear,2.2349042892456055,-1.6699119806289673,0.2954728305339813,1.4556398391723633,False
D4LensPINN,10,155,0,r180,H00_preprocess,0.3631187081336975,-0.0583493709564209,-0.2242884635925293,0.2795447111129761,False
D4LensPINN,10,155,0,r180,H01_enc1,0.3631187081336975,-0.0583493709564209,-0.2242884635925293,0.2795447111129761,False
D4LensPINN,10,155,0,r180,H02_enc2,1.0779777765274048,-0.4289896488189697,-0.4028022885322571,0.9031912088394165,False
D4LensPINN,10,155,0,r180,H03_enc3,0.26767000555992126,-0.010478496551513672,-0.1760130524635315,0.20138728618621826,False
D4LensPINN,10,155,0,r180,H04_bot,0.28970906138420105,0.0023674964904785156,-0.20557713508605957,0.2041170597076416,False
D4LensPINN,10,155,0,r180,H08_kappa_out,0.3631187081336975,-0.0583493709564209,-0.2242884635925293,0.2795447111129761,False
D4LensPINN,10,155,0,r180,H09_poisson,0.14029520750045776,-0.09198808670043945,0.02373027801513672,0.10323667526245117,False
D4LensPINN,10,155,0,r180,H10_deflection,0.14029520750045776,-0.09198808670043945,0.02373027801513672,0.10323667526245117,False
D4LensPINN,10,155,0,r180,H11_inv_lens,33.929805755615234,-22.5509033203125,-11.909436225891113,22.379764556884766,False
D4LensPINN,10,155,0,r180,H12_HANDOFF,0.33178073167800903,-0.25765061378479004,0.04596143960952759,0.2039170265197754,False
D4LensPINN,10,155,0,r180,H12b_input_proj,0.33178073167800903,-0.25765061378479004,0.04596143960952759,0.2039170265197754,False
D4LensPINN,10,155,0,r180,H13_eff3,0.33178073167800903,-0.25765061378479004,0.04596143960952759,0.2039170265197754,False
D4LensPINN,10,155,0,r180,H13b_eff4,0.33178073167800903,-0.25765061378479004,0.04596143960952759,0.2039170265197754,False
D4LensPINN,10,155,0,r180,H14_eff5,0.33178073167800903,-0.25765061378479004,0.04596143960952759,0.2039170265197754,False
D4LensPINN,10,155,0,r180,H14b_eff6,0.33178073167800903,-0.25765061378479004,0.04596143960952759,0.2039170265197754,False
D4LensPINN,10,155,0,r180,H15_before_gap,0.33178073167800903,-0.25765061378479004,0.04596143960952759,0.2039170265197754,False
D4LensPINN,10,155,0,r180,H16_after_gap,0.33178073167800903,-0.25765061378479004,0.04596143960952759,0.2039170265197754,False
D4LensPINN,10,155,0,r180,H17_pre_linear,0.33178073167800903,-0.25765061378479004,0.04596143960952759,0.2039170265197754,False
D4LensPINN,10,155,0,r270,H00_preprocess,0.5398973822593689,-0.4313368797302246,0.3218953609466553,-0.04267382621765137,False
D4LensPINN,10,155,0,r270,H01_enc1,0.5398973822593689,-0.4313368797302246,0.3218953609466553,-0.04267382621765137,False
D4LensPINN,10,155,0,r270,H02_enc2,0.17954431474208832,-0.001491546630859375,-0.14349180459976196,0.10790753364562988,False
D4LensPINN,10,155,0,r270,H03_enc3,0.2700839042663574,0.19149208068847656,-0.07928842306137085,-0.17317461967468262,False
D4LensPINN,10,155,0,r270,H04_bot,0.27868369221687317,0.19782638549804688,-0.08754980564117432,-0.17568254470825195,False
D4LensPINN,10,155,0,r270,H08_kappa_out,0.5398973822593689,-0.4313368797302246,0.3218953609466553,-0.04267382621765137,False
D4LensPINN,10,155,0,r270,H09_poisson,0.1955195814371109,-0.12636685371398926,0.14915353059768677,0.003542661666870117,False
D4LensPINN,10,155,0,r270,H10_deflection,0.1955195814371109,-0.12636685371398926,0.14915353059768677,0.003542661666870117,False
D4LensPINN,10,155,0,r270,H11_inv_lens,11.046759605407715,-7.882610321044922,-2.3077142238616943,7.387138366699219,False
D4LensPINN,10,155,0,r270,H12_HANDOFF,4.481230735778809,-3.9018311500549316,0.7878333926200867,2.0582666397094727,False
D4LensPINN,10,155,0,r270,H12b_input_proj,4.481230735778809,-3.9018311500549316,0.7878333926200867,2.0582666397094727,False
D4LensPINN,10,155,0,r270,H13_eff3,4.481230735778809,-3.9018311500549316,0.7878333926200867,2.0582666397094727,False
D4LensPINN,10,155,0,r270,H13b_eff4,4.481230735778809,-3.9018311500549316,0.7878333926200867,2.0582666397094727,False
D4LensPINN,10,155,0,r270,H14_eff5,4.481230735778809,-3.9018311500549316,0.7878333926200867,2.0582666397094727,False
D4LensPINN,10,155,0,r270,H14b_eff6,4.481230735778809,-3.9018311500549316,0.7878333926200867,2.0582666397094727,False
D4LensPINN,10,155,0,r270,H15_before_gap,4.481230735778809,-3.9018311500549316,0.7878333926200867,2.0582666397094727,False
D4LensPINN,10,155,0,r270,H16_after_gap,4.481230735778809,-3.9018311500549316,0.7878333926200867,2.0582666397094727,False
D4LensPINN,10,155,0,r270,H17_pre_linear,4.481230735778809,-3.9018311500549316,0.7878333926200867,2.0582666397094727,False
D4LensPINN,10,155,0,flip_h,H00_preprocess,0.896340012550354,0.6294102668762207,-0.20659011602401733,-0.6038117408752441,False
D4LensPINN,10,155,0,flip_h,H01_enc1,0.896340012550354,0.6294102668762207,-0.20659011602401733,-0.6038117408752441,False
D4LensPINN,10,155,0,flip_h,H02_enc2,0.7617170810699463,0.5457205772399902,-0.22220784425735474,-0.4827272891998291,False
D4LensPINN,10,155,0,flip_h,H03_enc3,0.48311495780944824,-0.334552526473999,0.05593675374984741,0.34401416778564453,False
D4LensPINN,10,155,0,flip_h,H04_bot,0.27070340514183044,-0.18782806396484375,0.03296506404876709,0.19213080406188965,False
D4LensPINN,10,155,0,flip_h,H08_kappa_out,0.896340012550354,0.6294102668762207,-0.20659011602401733,-0.6038117408752441,False
D4LensPINN,10,155,0,flip_h,H09_poisson,0.21611545979976654,-0.07885599136352539,-0.07557934522628784,0.18648159503936768,False
D4LensPINN,10,155,0,flip_h,H10_deflection,0.21611545979976654,-0.07885599136352539,-0.07557934522628784,0.18648159503936768,False
D4LensPINN,10,155,0,flip_h,H11_inv_lens,10.346753120422363,-7.381811141967773,-2.0110538005828857,6.9656171798706055,False
D4LensPINN,10,155,0,flip_h,H12_HANDOFF,0.021055443212389946,-0.018666982650756836,0.002433180809020996,-0.009431600570678711,False
D4LensPINN,10,155,0,flip_h,H12b_input_proj,0.021055443212389946,-0.018666982650756836,0.002433180809020996,-0.009431600570678711,False
D4LensPINN,10,155,0,flip_h,H13_eff3,0.021055443212389946,-0.018666982650756836,0.002433180809020996,-0.009431600570678711,False
D4LensPINN,10,155,0,flip_h,H13b_eff4,0.021055443212389946,-0.018666982650756836,0.002433180809020996,-0.009431600570678711,False
D4LensPINN,10,155,0,flip_h,H14_eff5,0.021055443212389946,-0.018666982650756836,0.002433180809020996,-0.009431600570678711,False
D4LensPINN,10,155,0,flip_h,H14b_eff6,0.021055443212389946,-0.018666982650756836,0.002433180809020996,-0.009431600570678711,False
D4LensPINN,10,155,0,flip_h,H15_before_gap,0.021055443212389946,-0.018666982650756836,0.002433180809020996,-0.009431600570678711,False
D4LensPINN,10,155,0,flip_h,H16_after_gap,0.021055443212389946,-0.018666982650756836,0.002433180809020996,-0.009431600570678711,False
D4LensPINN,10,155,0,flip_h,H17_pre_linear,0.021055443212389946,-0.018666982650756836,0.002433180809020996,-0.009431600570678711,False
D4LensPINN,10,155,0,flip_h_r90,H00_preprocess,0.633604109287262,0.34564852714538574,0.0663498044013977,-0.5268576145172119,False
D4LensPINN,10,155,0,flip_h_r90,H01_enc1,0.633604109287262,0.34564852714538574,0.0663498044013977,-0.5268576145172119,False
D4LensPINN,10,155,0,flip_h_r90,H02_enc2,0.7987873554229736,0.541691780090332,-0.1359289288520813,-0.5710995197296143,False
D4LensPINN,10,155,0,flip_h_r90,H03_enc3,0.13869315385818481,-0.09904289245605469,0.010073244571685791,0.0965651273727417,False
D4LensPINN,10,155,0,flip_h_r90,H04_bot,0.2752757966518402,-0.19129443168640137,0.026076197624206543,0.1962224245071411,False
D4LensPINN,10,155,0,flip_h_r90,H08_kappa_out,0.633604109287262,0.34564852714538574,0.0663498044013977,-0.5268576145172119,False
D4LensPINN,10,155,0,flip_h_r90,H09_poisson,0.14212583005428314,-0.09487104415893555,0.10562247037887573,0.006567478179931641,False
D4LensPINN,10,155,0,flip_h_r90,H10_deflection,0.14212583005428314,-0.09487104415893555,0.10562247037887573,0.006567478179931641,False
D4LensPINN,10,155,0,flip_h_r90,H11_inv_lens,6.583149433135986,-4.374519348144531,-1.4093985557556152,4.713282585144043,False
D4LensPINN,10,155,0,flip_h_r90,H12_HANDOFF,4.24105978012085,-3.5570363998413086,0.6387368440628052,2.2194809913635254,False
D4LensPINN,10,155,0,flip_h_r90,H12b_input_proj,4.24105978012085,-3.5570363998413086,0.6387368440628052,2.2194809913635254,False
D4LensPINN,10,155,0,flip_h_r90,H13_eff3,4.24105978012085,-3.5570363998413086,0.6387368440628052,2.2194809913635254,False
D4LensPINN,10,155,0,flip_h_r90,H13b_eff4,4.24105978012085,-3.5570363998413086,0.6387368440628052,2.2194809913635254,False
D4LensPINN,10,155,0,flip_h_r90,H14_eff5,4.24105978012085,-3.5570363998413086,0.6387368440628052,2.2194809913635254,False
D4LensPINN,10,155,0,flip_h_r90,H14b_eff6,4.24105978012085,-3.5570363998413086,0.6387368440628052,2.2194809913635254,False
D4LensPINN,10,155,0,flip_h_r90,H15_before_gap,4.24105978012085,-3.5570363998413086,0.6387368440628052,2.2194809913635254,False
D4LensPINN,10,155,0,flip_h_r90,H16_after_gap,4.24105978012085,-3.5570363998413086,0.6387368440628052,2.2194809913635254,False
D4LensPINN,10,155,0,flip_h_r90,H17_pre_linear,4.24105978012085,-3.5570363998413086,0.6387368440628052,2.2194809913635254,False
D4LensPINN,10,155,0,flip_h_r180,H00_preprocess,1.958937406539917,-1.7125694751739502,0.7208478450775146,0.6204191446304321,False
D4LensPINN,10,155,0,flip_h_r180,H01_enc1,1.958937406539917,-1.7125694751739502,0.7208478450775146,0.6204191446304321,False
D4LensPINN,10,155,0,flip_h_r180,H02_enc2,2.7149546146392822,-2.3071541786193848,0.4222371578216553,1.3673820495605469,False
D4LensPINN,10,155,0,flip_h_r180,H03_enc3,0.7773393392562866,-0.5115842819213867,0.034288644790649414,0.5842621326446533,False
D4LensPINN,10,155,0,flip_h_r180,H04_bot,0.7671313881874084,-0.47479772567749023,-0.022931039333343506,0.6021062135696411,False
D4LensPINN,10,155,0,flip_h_r180,H08_kappa_out,1.958937406539917,-1.7125694751739502,0.7208478450775146,0.6204191446304321,False
D4LensPINN,10,155,0,flip_h_r180,H09_poisson,0.10638555884361267,-0.03986072540283203,0.09061098098754883,-0.038969993591308594,False
D4LensPINN,10,155,0,flip_h_r180,H10_deflection,0.10638555884361267,-0.03986072540283203,0.09061098098754883,-0.038969993591308594,False
D4LensPINN,10,155,0,flip_h_r180,H11_inv_lens,26.998493194580078,-17.966524124145508,-9.287765502929688,17.884632110595703,False
D4LensPINN,10,155,0,flip_h_r180,H12_HANDOFF,0.6348238587379456,-0.5082354545593262,0.36540138721466064,0.1057349443435669,False
D4LensPINN,10,155,0,flip_h_r180,H12b_input_proj,0.6348238587379456,-0.5082354545593262,0.36540138721466064,0.1057349443435669,False
D4LensPINN,10,155,0,flip_h_r180,H13_eff3,0.6348238587379456,-0.5082354545593262,0.36540138721466064,0.1057349443435669,False
D4LensPINN,10,155,0,flip_h_r180,H13b_eff4,0.6348238587379456,-0.5082354545593262,0.36540138721466064,0.1057349443435669,False
D4LensPINN,10,155,0,flip_h_r180,H14_eff5,0.6348238587379456,-0.5082354545593262,0.36540138721466064,0.1057349443435669,False
D4LensPINN,10,155,0,flip_h_r180,H14b_eff6,0.6348238587379456,-0.5082354545593262,0.36540138721466064,0.1057349443435669,False
D4LensPINN,10,155,0,flip_h_r180,H15_before_gap,0.6348238587379456,-0.5082354545593262,0.36540138721466064,0.1057349443435669,False
D4LensPINN,10,155,0,flip_h_r180,H16_after_gap,0.6348238587379456,-0.5082354545593262,0.36540138721466064,0.1057349443435669,False
D4LensPINN,10,155,0,flip_h_r180,H17_pre_linear,0.6348238587379456,-0.5082354545593262,0.36540138721466064,0.1057349443435669,False
D4LensPINN,10,155,0,flip_h_r270,H00_preprocess,3.91865611076355,-2.8737316131591797,-0.4777551293373108,2.62093186378479,False
D4LensPINN,10,155,0,flip_h_r270,H01_enc1,3.91865611076355,-2.8737316131591797,-0.4777551293373108,2.62093186378479,False
D4LensPINN,10,155,0,flip_h_r270,H02_enc2,0.8428754210472107,0.30773162841796875,-0.7109289765357971,0.3321448564529419,False
D4LensPINN,10,155,0,flip_h_r270,H03_enc3,0.7068182229995728,0.5170159339904785,-0.2172609567642212,-0.43021416664123535,False
D4LensPINN,10,155,0,flip_h_r270,H04_bot,0.8133420348167419,0.5853590965270996,-0.22030067443847656,-0.5199496746063232,False
D4LensPINN,10,155,0,flip_h_r270,H08_kappa_out,3.91865611076355,-2.8737316131591797,-0.4777551293373108,2.62093186378479,False
D4LensPINN,10,155,0,flip_h_r270,H09_poisson,0.2152262181043625,-0.15112924575805664,0.14754939079284668,0.04136967658996582,False
D4LensPINN,10,155,0,flip_h_r270,H10_deflection,0.2152262181043625,-0.15112924575805664,0.14754939079284668,0.04136967658996582,False
D4LensPINN,10,155,0,flip_h_r270,H11_inv_lens,22.066675186157227,-15.847497940063477,-6.246273040771484,14.027795791625977,False
D4LensPINN,10,155,0,flip_h_r270,H12_HANDOFF,3.972907543182373,-3.012383460998535,-0.007253468036651611,2.5902676582336426,False
D4LensPINN,10,155,0,flip_h_r270,H12b_input_proj,3.972907543182373,-3.012383460998535,-0.007253468036651611,2.5902676582336426,False
D4LensPINN,10,155,0,flip_h_r270,H13_eff3,3.972907543182373,-3.012383460998535,-0.007253468036651611,2.5902676582336426,False
D4LensPINN,10,155,0,flip_h_r270,H13b_eff4,3.972907543182373,-3.012383460998535,-0.007253468036651611,2.5902676582336426,False
D4LensPINN,10,155,0,flip_h_r270,H14_eff5,3.972907543182373,-3.012383460998535,-0.007253468036651611,2.5902676582336426,False
D4LensPINN,10,155,0,flip_h_r270,H14b_eff6,3.972907543182373,-3.012383460998535,-0.007253468036651611,2.5902676582336426,False
D4LensPINN,10,155,0,flip_h_r270,H15_before_gap,3.972907543182373,-3.012383460998535,-0.007253468036651611,2.5902676582336426,False
D4LensPINN,10,155,0,flip_h_r270,H16_after_gap,3.972907543182373,-3.012383460998535,-0.007253468036651611,2.5902676582336426,False
D4LensPINN,10,155,0,flip_h_r270,H17_pre_linear,3.972907543182373,-3.012383460998535,-0.007253468036651611,2.5902676582336426,False
D4LensPINN,11,169,1,e,H00_preprocess,0.0,0.0,0.0,0.0,False
D4LensPINN,11,169,1,e,H01_enc1,0.0,0.0,0.0,0.0,False
D4LensPINN,11,169,1,e,H02_enc2,0.0,0.0,0.0,0.0,False
D4LensPINN,11,169,1,e,H03_enc3,0.0,0.0,0.0,0.0,False
D4LensPINN,11,169,1,e,H04_bot,0.0,0.0,0.0,0.0,False
D4LensPINN,11,169,1,e,H08_kappa_out,0.0,0.0,0.0,0.0,False
D4LensPINN,11,169,1,e,H09_poisson,0.0,0.0,0.0,0.0,False
D4LensPINN,11,169,1,e,H10_deflection,0.0,0.0,0.0,0.0,False
D4LensPINN,11,169,1,e,H11_inv_lens,0.0,0.0,0.0,0.0,False
D4LensPINN,11,169,1,e,H12_HANDOFF,0.0,0.0,0.0,0.0,False
D4LensPINN,11,169,1,e,H12b_input_proj,0.0,0.0,0.0,0.0,False
D4LensPINN,11,169,1,e,H13_eff3,0.0,0.0,0.0,0.0,False
D4LensPINN,11,169,1,e,H13b_eff4,0.0,0.0,0.0,0.0,False
D4LensPINN,11,169,1,e,H14_eff5,0.0,0.0,0.0,0.0,False
D4LensPINN,11,169,1,e,H14b_eff6,0.0,0.0,0.0,0.0,False
D4LensPINN,11,169,1,e,H15_before_gap,0.0,0.0,0.0,0.0,False
D4LensPINN,11,169,1,e,H16_after_gap,0.0,0.0,0.0,0.0,False
D4LensPINN,11,169,1,e,H17_pre_linear,0.0,0.0,0.0,0.0,False
D4LensPINN,11,169,1,r90,H00_preprocess,2.5947394371032715,1.9354479312896729,-0.844555675983429,-1.5077928304672241,False
D4LensPINN,11,169,1,r90,H01_enc1,2.5947394371032715,1.9354479312896729,-0.844555675983429,-1.5077928304672241,False
D4LensPINN,11,169,1,r90,H02_enc2,2.1641669273376465,1.6246368885040283,-0.7287423014640808,-1.2300845384597778,False
D4LensPINN,11,169,1,r90,H03_enc3,0.47554337978363037,0.12354779243469238,-0.3619644045829773,0.2825937271118164,False
D4LensPINN,11,169,1,r90,H04_bot,0.5592907667160034,0.4021589756011963,-0.38786089420318604,-0.025262951850891113,False
D4LensPINN,11,169,1,r90,H08_kappa_out,2.5947394371032715,1.9354479312896729,-0.844555675983429,-1.5077928304672241,False
D4LensPINN,11,169,1,r90,H09_poisson,0.43636053800582886,0.32952094078063965,-0.08546817302703857,-0.2729865312576294,False
D4LensPINN,11,169,1,r90,H10_deflection,0.43636053800582886,0.32952094078063965,-0.08546817302703857,-0.2729865312576294,False
D4LensPINN,11,169,1,r90,H11_inv_lens,42.014259338378906,-27.89853286743164,-15.204940795898438,27.4896297454834,False
D4LensPINN,11,169,1,r90,H12_HANDOFF,1.616694688796997,-1.003404140472412,-0.22285521030426025,1.2478852272033691,False
D4LensPINN,11,169,1,r90,H12b_input_proj,1.616694688796997,-1.003404140472412,-0.22285521030426025,1.2478852272033691,False
D4LensPINN,11,169,1,r90,H13_eff3,1.616694688796997,-1.003404140472412,-0.22285521030426025,1.2478852272033691,False
D4LensPINN,11,169,1,r90,H13b_eff4,1.616694688796997,-1.003404140472412,-0.22285521030426025,1.2478852272033691,False
D4LensPINN,11,169,1,r90,H14_eff5,1.616694688796997,-1.003404140472412,-0.22285521030426025,1.2478852272033691,False
D4LensPINN,11,169,1,r90,H14b_eff6,1.616694688796997,-1.003404140472412,-0.22285521030426025,1.2478852272033691,False
D4LensPINN,11,169,1,r90,H15_before_gap,1.616694688796997,-1.003404140472412,-0.22285521030426025,1.2478852272033691,False
D4LensPINN,11,169,1,r90,H16_after_gap,1.616694688796997,-1.003404140472412,-0.22285521030426025,1.2478852272033691,False
D4LensPINN,11,169,1,r90,H17_pre_linear,1.616694688796997,-1.003404140472412,-0.22285521030426025,1.2478852272033691,False
D4LensPINN,11,169,1,r180,H00_preprocess,2.1304755210876465,1.5461623668670654,-0.49701863527297974,-1.3788691759109497,False
D4LensPINN,11,169,1,r180,H01_enc1,2.1304755210876465,1.5461623668670654,-0.49701863527297974,-1.3788691759109497,False
D4LensPINN,11,169,1,r180,H02_enc2,2.263319253921509,1.6577894687652588,-0.5993242859840393,-1.4195626974105835,False
D4LensPINN,11,169,1,r180,H03_enc3,0.7148060202598572,0.5648758411407471,-0.33974432945251465,-0.27647197246551514,False
D4LensPINN,11,169,1,r180,H04_bot,0.6911585330963135,0.5479161739349365,-0.3017936944961548,-0.2939532995223999,False
D4LensPINN,11,169,1,r180,H08_kappa_out,2.1304755210876465,1.5461623668670654,-0.49701863527297974,-1.3788691759109497,False
D4LensPINN,11,169,1,r180,H09_poisson,0.36699652671813965,0.2836878299713135,-0.0886145830154419,-0.21530234813690186,False
D4LensPINN,11,169,1,r180,H10_deflection,0.36699652671813965,0.2836878299713135,-0.0886145830154419,-0.21530234813690186,False
D4LensPINN,11,169,1,r180,H11_inv_lens,23.612892150878906,-15.607033729553223,-8.270406723022461,15.671296119689941,False
D4LensPINN,11,169,1,r180,H12_HANDOFF,2.716193675994873,2.042193651199341,-1.0719614028930664,-1.4345911741256714,False
D4LensPINN,11,169,1,r180,H12b_input_proj,2.716193675994873,2.042193651199341,-1.0719614028930664,-1.4345911741256714,False
D4LensPINN,11,169,1,r180,H13_eff3,2.716193675994873,2.042193651199341,-1.0719614028930664,-1.4345911741256714,False
D4LensPINN,11,169,1,r180,H13b_eff4,2.716193675994873,2.042193651199341,-1.0719614028930664,-1.4345911741256714,False
D4LensPINN,11,169,1,r180,H14_eff5,2.716193675994873,2.042193651199341,-1.0719614028930664,-1.4345911741256714,False
D4LensPINN,11,169,1,r180,H14b_eff6,2.716193675994873,2.042193651199341,-1.0719614028930664,-1.4345911741256714,False
D4LensPINN,11,169,1,r180,H15_before_gap,2.716193675994873,2.042193651199341,-1.0719614028930664,-1.4345911741256714,False
D4LensPINN,11,169,1,r180,H16_after_gap,2.716193675994873,2.042193651199341,-1.0719614028930664,-1.4345911741256714,False
D4LensPINN,11,169,1,r180,H17_pre_linear,2.716193675994873,2.042193651199341,-1.0719614028930664,-1.4345911741256714,False
D4LensPINN,11,169,1,r270,H00_preprocess,2.6690099239349365,1.9975931644439697,-0.9778384566307068,-1.4754887819290161,False
D4LensPINN,11,169,1,r270,H01_enc1,2.6690099239349365,1.9975931644439697,-0.9778384566307068,-1.4754887819290161,False
D4LensPINN,11,169,1,r270,H02_enc2,2.3557143211364746,1.7677428722381592,-0.8539558053016663,-1.3020118474960327,False
D4LensPINN,11,169,1,r270,H03_enc3,0.39472904801368713,0.1218264102935791,-0.31931453943252563,0.19750332832336426,False
D4LensPINN,11,169,1,r270,H04_bot,0.39557844400405884,0.2320699691772461,-0.31020814180374146,0.07997965812683105,False
D4LensPINN,11,169,1,r270,H08_kappa_out,2.6690099239349365,1.9975931644439697,-0.9778384566307068,-1.4754887819290161,False
D4LensPINN,11,169,1,r270,H09_poisson,0.10210201889276505,0.08362221717834473,-0.024325132369995117,-0.05329573154449463,False
D4LensPINN,11,169,1,r270,H10_deflection,0.10210201889276505,0.08362221717834473,-0.024325132369995117,-0.05329573154449463,False
D4LensPINN,11,169,1,r270,H11_inv_lens,45.346370697021484,-30.10760498046875,-16.25185775756836,29.760751724243164,False
D4LensPINN,11,169,1,r270,H12_HANDOFF,1.4897346496582031,0.4855337142944336,-1.2043254375457764,0.7301825881004333,False
D4LensPINN,11,169,1,r270,H12b_input_proj,1.4897346496582031,0.4855337142944336,-1.2043254375457764,0.7301825881004333,False
D4LensPINN,11,169,1,r270,H13_eff3,1.4897346496582031,0.4855337142944336,-1.2043254375457764,0.7301825881004333,False
D4LensPINN,11,169,1,r270,H13b_eff4,1.4897346496582031,0.4855337142944336,-1.2043254375457764,0.7301825881004333,False
D4LensPINN,11,169,1,r270,H14_eff5,1.4897346496582031,0.4855337142944336,-1.2043254375457764,0.7301825881004333,False
D4LensPINN,11,169,1,r270,H14b_eff6,1.4897346496582031,0.4855337142944336,-1.2043254375457764,0.7301825881004333,False
D4LensPINN,11,169,1,r270,H15_before_gap,1.4897346496582031,0.4855337142944336,-1.2043254375457764,0.7301825881004333,False
D4LensPINN,11,169,1,r270,H16_after_gap,1.4897346496582031,0.4855337142944336,-1.2043254375457764,0.7301825881004333,False
D4LensPINN,11,169,1,r270,H17_pre_linear,1.4897346496582031,0.4855337142944336,-1.2043254375457764,0.7301825881004333,False
D4LensPINN,11,169,1,flip_h,H00_preprocess,2.7440202236175537,2.007133722305298,-0.7344762682914734,-1.7209314107894897,False
D4LensPINN,11,169,1,flip_h,H01_enc1,2.7440202236175537,2.007133722305298,-0.7344762682914734,-1.7209314107894897,False
D4LensPINN,11,169,1,flip_h,H02_enc2,2.6752960681915283,1.9630768299102783,-0.7466771006584167,-1.6571096181869507,False
D4LensPINN,11,169,1,flip_h,H03_enc3,0.4987417161464691,0.3902778625488281,-0.12086179852485657,-0.2860400676727295,False
D4LensPINN,11,169,1,flip_h,H04_bot,0.44328343868255615,0.33286333084106445,-0.05656766891479492,-0.2872321605682373,False
D4LensPINN,11,169,1,flip_h,H08_kappa_out,2.7440202236175537,2.007133722305298,-0.7344762682914734,-1.7209314107894897,False
D4LensPINN,11,169,1,flip_h,H09_poisson,0.3290913701057434,0.24636220932006836,-0.05356001853942871,-0.21151387691497803,False
D4LensPINN,11,169,1,flip_h,H10_deflection,0.3290913701057434,0.24636220932006836,-0.05356001853942871,-0.21151387691497803,False
D4LensPINN,11,169,1,flip_h,H11_inv_lens,19.593952178955078,-13.207075119018555,-6.4784111976623535,12.943195343017578,False
D4LensPINN,11,169,1,flip_h,H12_HANDOFF,1.488046407699585,1.1140782833099365,-0.3891611695289612,-0.9064575433731079,False
D4LensPINN,11,169,1,flip_h,H12b_input_proj,1.488046407699585,1.1140782833099365,-0.3891611695289612,-0.9064575433731079,False
D4LensPINN,11,169,1,flip_h,H13_eff3,1.488046407699585,1.1140782833099365,-0.3891611695289612,-0.9064575433731079,False
D4LensPINN,11,169,1,flip_h,H13b_eff4,1.488046407699585,1.1140782833099365,-0.3891611695289612,-0.9064575433731079,False
D4LensPINN,11,169,1,flip_h,H14_eff5,1.488046407699585,1.1140782833099365,-0.3891611695289612,-0.9064575433731079,False
D4LensPINN,11,169,1,flip_h,H14b_eff6,1.488046407699585,1.1140782833099365,-0.3891611695289612,-0.9064575433731079,False
D4LensPINN,11,169,1,flip_h,H15_before_gap,1.488046407699585,1.1140782833099365,-0.3891611695289612,-0.9064575433731079,False
D4LensPINN,11,169,1,flip_h,H16_after_gap,1.488046407699585,1.1140782833099365,-0.3891611695289612,-0.9064575433731079,False
D4LensPINN,11,169,1,flip_h,H17_pre_linear,1.488046407699585,1.1140782833099365,-0.3891611695289612,-0.9064575433731079,False
D4LensPINN,11,169,1,flip_h_r90,H00_preprocess,2.323289155960083,1.6180965900421143,-0.304890513420105,-1.6390477418899536,False
D4LensPINN,11,169,1,flip_h_r90,H01_enc1,2.323289155960083,1.6180965900421143,-0.304890513420105,-1.6390477418899536,False
D4LensPINN,11,169,1,flip_h_r90,H02_enc2,2.115375518798828,1.5047204494476318,-0.3623051047325134,-1.4420002698898315,False
D4LensPINN,11,169,1,flip_h_r90,H03_enc3,0.6138876080513,-0.33750414848327637,-0.12230896949768066,0.4979853630065918,False
D4LensPINN,11,169,1,flip_h_r90,H04_bot,0.26347577571868896,0.08854079246520996,-0.2022860050201416,0.14373719692230225,False
D4LensPINN,11,169,1,flip_h_r90,H08_kappa_out,2.323289155960083,1.6180965900421143,-0.304890513420105,-1.6390477418899536,False
D4LensPINN,11,169,1,flip_h_r90,H09_poisson,0.07653899490833282,0.06388640403747559,-0.033122122287750244,-0.026070475578308105,False
D4LensPINN,11,169,1,flip_h_r90,H10_deflection,0.07653899490833282,0.06388640403747559,-0.033122122287750244,-0.026070475578308105,False
D4LensPINN,11,169,1,flip_h_r90,H11_inv_lens,33.23271179199219,-21.575929641723633,-12.28383731842041,22.090717315673828,False
D4LensPINN,11,169,1,flip_h_r90,H12_HANDOFF,1.365036129951477,-0.050600290298461914,-0.9002620577812195,1.0248372554779053,False
D4LensPINN,11,169,1,flip_h_r90,H12b_input_proj,1.365036129951477,-0.050600290298461914,-0.9002620577812195,1.0248372554779053,False
D4LensPINN,11,169,1,flip_h_r90,H13_eff3,1.365036129951477,-0.050600290298461914,-0.9002620577812195,1.0248372554779053,False
D4LensPINN,11,169,1,flip_h_r90,H13b_eff4,1.365036129951477,-0.050600290298461914,-0.9002620577812195,1.0248372554779053,False
D4LensPINN,11,169,1,flip_h_r90,H14_eff5,1.365036129951477,-0.050600290298461914,-0.9002620577812195,1.0248372554779053,False
D4LensPINN,11,169,1,flip_h_r90,H14b_eff6,1.365036129951477,-0.050600290298461914,-0.9002620577812195,1.0248372554779053,False
D4LensPINN,11,169,1,flip_h_r90,H15_before_gap,1.365036129951477,-0.050600290298461914,-0.9002620577812195,1.0248372554779053,False
D4LensPINN,11,169,1,flip_h_r90,H16_after_gap,1.365036129951477,-0.050600290298461914,-0.9002620577812195,1.0248372554779053,False
D4LensPINN,11,169,1,flip_h_r90,H17_pre_linear,1.365036129951477,-0.050600290298461914,-0.9002620577812195,1.0248372554779053,False
D4LensPINN,11,169,1,flip_h_r180,H00_preprocess,2.2063679695129395,1.6659505367279053,-0.8602780699729919,-1.1630088090896606,False
D4LensPINN,11,169,1,flip_h_r180,H01_enc1,2.2063679695129395,1.6659505367279053,-0.8602780699729919,-1.1630088090896606,False
D4LensPINN,11,169,1,flip_h_r180,H02_enc2,2.0246660709381104,1.531749963760376,-0.7835283875465393,-1.067285180091858,False
D4LensPINN,11,169,1,flip_h_r180,H03_enc3,0.7579718828201294,-0.6398594379425049,0.2102733701467514,0.34768712520599365,False
D4LensPINN,11,169,1,flip_h_r180,H04_bot,0.7518075108528137,-0.6385445594787598,0.21454718708992004,0.33383357524871826,False
D4LensPINN,11,169,1,flip_h_r180,H08_kappa_out,2.2063679695129395,1.6659505367279053,-0.8602780699729919,-1.1630088090896606,False
D4LensPINN,11,169,1,flip_h_r180,H09_poisson,0.16015824675559998,-0.11055445671081543,0.004762172698974609,0.1157829761505127,False
D4LensPINN,11,169,1,flip_h_r180,H10_deflection,0.16015824675559998,-0.11055445671081543,0.004762172698974609,0.1157829761505127,False
D4LensPINN,11,169,1,flip_h_r180,H11_inv_lens,11.203237533569336,-8.658723831176758,-1.9225170612335205,6.844191551208496,False
D4LensPINN,11,169,1,flip_h_r180,H12_HANDOFF,1.1315191984176636,-0.4699082374572754,-0.41811931133270264,0.9405840039253235,False
D4LensPINN,11,169,1,flip_h_r180,H12b_input_proj,1.1315191984176636,-0.4699082374572754,-0.41811931133270264,0.9405840039253235,False
D4LensPINN,11,169,1,flip_h_r180,H13_eff3,1.1315191984176636,-0.4699082374572754,-0.41811931133270264,0.9405840039253235,False
D4LensPINN,11,169,1,flip_h_r180,H13b_eff4,1.1315191984176636,-0.4699082374572754,-0.41811931133270264,0.9405840039253235,False
D4LensPINN,11,169,1,flip_h_r180,H14_eff5,1.1315191984176636,-0.4699082374572754,-0.41811931133270264,0.9405840039253235,False
D4LensPINN,11,169,1,flip_h_r180,H14b_eff6,1.1315191984176636,-0.4699082374572754,-0.41811931133270264,0.9405840039253235,False
D4LensPINN,11,169,1,flip_h_r180,H15_before_gap,1.1315191984176636,-0.4699082374572754,-0.41811931133270264,0.9405840039253235,False
D4LensPINN,11,169,1,flip_h_r180,H16_after_gap,1.1315191984176636,-0.4699082374572754,-0.41811931133270264,0.9405840039253235,False
D4LensPINN,11,169,1,flip_h_r180,H17_pre_linear,1.1315191984176636,-0.4699082374572754,-0.41811931133270264,0.9405840039253235,False
D4LensPINN,11,169,1,flip_h_r270,H00_preprocess,2.488870620727539,1.8836443424224854,-1.0184524059295654,-1.268509030342102,False
D4LensPINN,11,169,1,flip_h_r270,H01_enc1,2.488870620727539,1.8836443424224854,-1.0184524059295654,-1.268509030342102,False
D4LensPINN,11,169,1,flip_h_r270,H02_enc2,2.1932458877563477,1.6660077571868896,-0.9538664221763611,-1.0606056451797485,False
D4LensPINN,11,169,1,flip_h_r270,H03_enc3,0.517180860042572,0.1437075138092041,-0.4002103805541992,0.29437363147735596,False
D4LensPINN,11,169,1,flip_h_r270,H04_bot,0.6461063623428345,0.44252943992614746,-0.4706278443336487,0.011427760124206543,False
D4LensPINN,11,169,1,flip_h_r270,H08_kappa_out,2.488870620727539,1.8836443424224854,-1.0184524059295654,-1.268509030342102,False
D4LensPINN,11,169,1,flip_h_r270,H09_poisson,0.48372408747673035,0.3574669361114502,-0.07608449459075928,-0.3168872594833374,False
D4LensPINN,11,169,1,flip_h_r270,H10_deflection,0.48372408747673035,0.3574669361114502,-0.07608449459075928,-0.3168872594833374,False
D4LensPINN,11,169,1,flip_h_r270,H11_inv_lens,46.7760124206543,-30.509790420532227,-17.46397590637207,30.8570499420166,False
D4LensPINN,11,169,1,flip_h_r270,H12_HANDOFF,1.442323923110962,-0.13713765144348145,-0.9336397051811218,1.0907833576202393,False
D4LensPINN,11,169,1,flip_h_r270,H12b_input_proj,1.442323923110962,-0.13713765144348145,-0.9336397051811218,1.0907833576202393,False
D4LensPINN,11,169,1,flip_h_r270,H13_eff3,1.442323923110962,-0.13713765144348145,-0.9336397051811218,1.0907833576202393,False
D4LensPINN,11,169,1,flip_h_r270,H13b_eff4,1.442323923110962,-0.13713765144348145,-0.9336397051811218,1.0907833576202393,False
D4LensPINN,11,169,1,flip_h_r270,H14_eff5,1.442323923110962,-0.13713765144348145,-0.9336397051811218,1.0907833576202393,False
D4LensPINN,11,169,1,flip_h_r270,H14b_eff6,1.442323923110962,-0.13713765144348145,-0.9336397051811218,1.0907833576202393,False
D4LensPINN,11,169,1,flip_h_r270,H15_before_gap,1.442323923110962,-0.13713765144348145,-0.9336397051811218,1.0907833576202393,False
D4LensPINN,11,169,1,flip_h_r270,H16_after_gap,1.442323923110962,-0.13713765144348145,-0.9336397051811218,1.0907833576202393,False
D4LensPINN,11,169,1,flip_h_r270,H17_pre_linear,1.442323923110962,-0.13713765144348145,-0.9336397051811218,1.0907833576202393,False
D4LensPINN,12,180,1,e,H00_preprocess,0.0,0.0,0.0,0.0,False
D4LensPINN,12,180,1,e,H01_enc1,0.0,0.0,0.0,0.0,False
D4LensPINN,12,180,1,e,H02_enc2,0.0,0.0,0.0,0.0,False
D4LensPINN,12,180,1,e,H03_enc3,0.0,0.0,0.0,0.0,False
D4LensPINN,12,180,1,e,H04_bot,0.0,0.0,0.0,0.0,False
D4LensPINN,12,180,1,e,H08_kappa_out,0.0,0.0,0.0,0.0,False
D4LensPINN,12,180,1,e,H09_poisson,0.0,0.0,0.0,0.0,False
D4LensPINN,12,180,1,e,H10_deflection,0.0,0.0,0.0,0.0,False
D4LensPINN,12,180,1,e,H11_inv_lens,0.0,0.0,0.0,0.0,False
D4LensPINN,12,180,1,e,H12_HANDOFF,0.0,0.0,0.0,0.0,False
D4LensPINN,12,180,1,e,H12b_input_proj,0.0,0.0,0.0,0.0,False
D4LensPINN,12,180,1,e,H13_eff3,0.0,0.0,0.0,0.0,False
D4LensPINN,12,180,1,e,H13b_eff4,0.0,0.0,0.0,0.0,False
D4LensPINN,12,180,1,e,H14_eff5,0.0,0.0,0.0,0.0,False
D4LensPINN,12,180,1,e,H14b_eff6,0.0,0.0,0.0,0.0,False
D4LensPINN,12,180,1,e,H15_before_gap,0.0,0.0,0.0,0.0,False
D4LensPINN,12,180,1,e,H16_after_gap,0.0,0.0,0.0,0.0,False
D4LensPINN,12,180,1,e,H17_pre_linear,0.0,0.0,0.0,0.0,False
D4LensPINN,12,180,1,r90,H00_preprocess,2.454148769378662,-0.8781375885009766,-1.431087613105774,1.7898908853530884,False
D4LensPINN,12,180,1,r90,H01_enc1,2.454148769378662,-0.8781375885009766,-1.431087613105774,1.7898908853530884,False
D4LensPINN,12,180,1,r90,H02_enc2,2.7800450325012207,0.5627932548522949,-2.0770766735076904,1.7600189447402954,False
D4LensPINN,12,180,1,r90,H03_enc3,2.5351574420928955,-0.024772167205810547,1.7969367504119873,-1.7881351709365845,False
D4LensPINN,12,180,1,r90,H04_bot,2.651777505874634,-0.1748180389404297,1.9117915630340576,-1.8293211460113525,False
D4LensPINN,12,180,1,r90,H08_kappa_out,2.454148769378662,-0.8781375885009766,-1.431087613105774,1.7898908853530884,False
D4LensPINN,12,180,1,r90,H09_poisson,0.39931875467300415,-0.019250869750976562,0.2850046157836914,-0.27902913093566895,False
D4LensPINN,12,180,1,r90,H10_deflection,0.39931875467300415,-0.019250869750976562,0.2850046157836914,-0.27902913093566895,False
D4LensPINN,12,180,1,r90,H11_inv_lens,12.844185829162598,-3.090904712677002,-8.245722770690918,9.350265502929688,False
D4LensPINN,12,180,1,r90,H12_HANDOFF,2.73457670211792,2.062802314758301,-1.6467632055282593,0.7147917747497559,False
D4LensPINN,12,180,1,r90,H12b_input_proj,2.73457670211792,2.062802314758301,-1.6467632055282593,0.7147917747497559,False
D4LensPINN,12,180,1,r90,H13_eff3,2.73457670211792,2.062802314758301,-1.6467632055282593,0.7147917747497559,False
D4LensPINN,12,180,1,r90,H13b_eff4,2.73457670211792,2.062802314758301,-1.6467632055282593,0.7147917747497559,False
D4LensPINN,12,180,1,r90,H14_eff5,2.73457670211792,2.062802314758301,-1.6467632055282593,0.7147917747497559,False
D4LensPINN,12,180,1,r90,H14b_eff6,2.73457670211792,2.062802314758301,-1.6467632055282593,0.7147917747497559,False
D4LensPINN,12,180,1,r90,H15_before_gap,2.73457670211792,2.062802314758301,-1.6467632055282593,0.7147917747497559,False
D4LensPINN,12,180,1,r90,H16_after_gap,2.73457670211792,2.062802314758301,-1.6467632055282593,0.7147917747497559,False
D4LensPINN,12,180,1,r90,H17_pre_linear,2.73457670211792,2.062802314758301,-1.6467632055282593,0.7147917747497559,False
D4LensPINN,12,180,1,r180,H00_preprocess,1.7841333150863647,-1.514275074005127,0.9292397499084473,-0.163144052028656,False
D4LensPINN,12,180,1,r180,H01_enc1,1.7841333150863647,-1.514275074005127,0.9292397499084473,-0.163144052028656,False
D4LensPINN,12,180,1,r180,H02_enc2,1.0292648077011108,-0.5694684982299805,-0.4470285177230835,0.7316128015518188,False
D4LensPINN,12,180,1,r180,H03_enc3,0.30924510955810547,-0.2317342758178711,-0.08731698989868164,0.18522286415100098,False
D4LensPINN,12,180,1,r180,H04_bot,0.23170673847198486,-0.22132492065429688,0.049983859062194824,0.046956419944763184,False
D4LensPINN,12,180,1,r180,H08_kappa_out,1.7841333150863647,-1.514275074005127,0.9292397499084473,-0.163144052028656,False
D4LensPINN,12,180,1,r180,H09_poisson,0.11188750714063644,-0.046723365783691406,0.0707097053527832,-0.07304710149765015,False
D4LensPINN,12,180,1,r180,H10_deflection,0.11188750714063644,-0.046723365783691406,0.0707097053527832,-0.07304710149765015,False
D4LensPINN,12,180,1,r180,H11_inv_lens,6.218328475952148,2.428948402404785,-4.515831470489502,3.5178236961364746,False
D4LensPINN,12,180,1,r180,H12_HANDOFF,1.0530949831008911,0.6114587783813477,0.39223599433898926,-0.7624160051345825,False
D4LensPINN,12,180,1,r180,H12b_input_proj,1.0530949831008911,0.6114587783813477,0.39223599433898926,-0.7624160051345825,False
D4LensPINN,12,180,1,r180,H13_eff3,1.0530949831008911,0.6114587783813477,0.39223599433898926,-0.7624160051345825,False
D4LensPINN,12,180,1,r180,H13b_eff4,1.0530949831008911,0.6114587783813477,0.39223599433898926,-0.7624160051345825,False
D4LensPINN,12,180,1,r180,H14_eff5,1.0530949831008911,0.6114587783813477,0.39223599433898926,-0.7624160051345825,False
D4LensPINN,12,180,1,r180,H14b_eff6,1.0530949831008911,0.6114587783813477,0.39223599433898926,-0.7624160051345825,False
D4LensPINN,12,180,1,r180,H15_before_gap,1.0530949831008911,0.6114587783813477,0.39223599433898926,-0.7624160051345825,False
D4LensPINN,12,180,1,r180,H16_after_gap,1.0530949831008911,0.6114587783813477,0.39223599433898926,-0.7624160051345825,False
D4LensPINN,12,180,1,r180,H17_pre_linear,1.0530949831008911,0.6114587783813477,0.39223599433898926,-0.7624160051345825,False
D4LensPINN,12,180,1,r270,H00_preprocess,1.6999403238296509,1.383558750152588,0.1686868667602539,-0.9731943607330322,False
D4LensPINN,12,180,1,r270,H01_enc1,1.6999403238296509,1.383558750152588,0.1686868667602539,-0.9731943607330322,False
D4LensPINN,12,180,1,r270,H02_enc2,2.2628157138824463,2.0259032249450684,-0.12465429306030273,-1.000256061553955,False
D4LensPINN,12,180,1,r270,H03_enc3,2.8105597496032715,-0.32857418060302734,2.060718297958374,-1.8827440738677979,False
D4LensPINN,12,180,1,r270,H04_bot,2.3350257873535156,-0.2694559097290039,1.709956407546997,-1.5670952796936035,False
D4LensPINN,12,180,1,r270,H08_kappa_out,1.6999403238296509,1.383558750152588,0.1686868667602539,-0.9731943607330322,False
D4LensPINN,12,180,1,r270,H09_poisson,0.3455793857574463,0.027304649353027344,0.22782468795776367,-0.2584095001220703,False
D4LensPINN,12,180,1,r270,H10_deflection,0.3455793857574463,0.027304649353027344,0.22782468795776367,-0.2584095001220703,False
D4LensPINN,12,180,1,r270,H11_inv_lens,11.846738815307617,-2.037726402282715,-7.820725440979004,8.66193675994873,False
D4LensPINN,12,180,1,r270,H12_HANDOFF,1.1926928758621216,1.1215291023254395,-0.12964773178100586,-0.38455212116241455,False
D4LensPINN,12,180,1,r270,H12b_input_proj,1.1926928758621216,1.1215291023254395,-0.12964773178100586,-0.38455212116241455,False
D4LensPINN,12,180,1,r270,H13_eff3,1.1926928758621216,1.1215291023254395,-0.12964773178100586,-0.38455212116241455,False
D4LensPINN,12,180,1,r270,H13b_eff4,1.1926928758621216,1.1215291023254395,-0.12964773178100586,-0.38455212116241455,False
D4LensPINN,12,180,1,r270,H14_eff5,1.1926928758621216,1.1215291023254395,-0.12964773178100586,-0.38455212116241455,False
D4LensPINN,12,180,1,r270,H14b_eff6,1.1926928758621216,1.1215291023254395,-0.12964773178100586,-0.38455212116241455,False
D4LensPINN,12,180,1,r270,H15_before_gap,1.1926928758621216,1.1215291023254395,-0.12964773178100586,-0.38455212116241455,False
D4LensPINN,12,180,1,r270,H16_after_gap,1.1926928758621216,1.1215291023254395,-0.12964773178100586,-0.38455212116241455,False
D4LensPINN,12,180,1,r270,H17_pre_linear,1.1926928758621216,1.1215291023254395,-0.12964773178100586,-0.38455212116241455,False
D4LensPINN,12,180,1,flip_h,H00_preprocess,0.2645742893218994,-0.16960477828979492,0.16383826732635498,-0.119961678981781,False
D4LensPINN,12,180,1,flip_h,H01_enc1,0.2645742893218994,-0.16960477828979492,0.16383826732635498,-0.119961678981781,False
D4LensPINN,12,180,1,flip_h,H02_enc2,1.6610350608825684,0.07574987411499023,-1.2024123668670654,1.1434613466262817,False
D4LensPINN,12,180,1,flip_h,H03_enc3,0.1562066227197647,-0.1165013313293457,-0.026020288467407227,0.10075163841247559,False
D4LensPINN,12,180,1,flip_h,H04_bot,0.09516319632530212,0.025427818298339844,-0.060958027839660645,0.06850969791412354,False
D4LensPINN,12,180,1,flip_h,H08_kappa_out,0.2645742893218994,-0.16960477828979492,0.16383826732635498,-0.119961678981781,False
D4LensPINN,12,180,1,flip_h,H09_poisson,0.4332537353038788,-0.08962631225585938,0.3202134370803833,-0.27773958444595337,False
D4LensPINN,12,180,1,flip_h,H10_deflection,0.4332537353038788,-0.08962631225585938,0.3202134370803833,-0.27773958444595337,False
D4LensPINN,12,180,1,flip_h,H11_inv_lens,11.366724967956543,-2.06758975982666,-7.469524383544922,8.314668655395508,False
D4LensPINN,12,180,1,flip_h,H12_HANDOFF,2.4578614234924316,1.0295076370239258,1.2455458641052246,-1.8519752025604248,False
D4LensPINN,12,180,1,flip_h,H12b_input_proj,2.4578614234924316,1.0295076370239258,1.2455458641052246,-1.8519752025604248,False
D4LensPINN,12,180,1,flip_h,H13_eff3,2.4578614234924316,1.0295076370239258,1.2455458641052246,-1.8519752025604248,False
D4LensPINN,12,180,1,flip_h,H13b_eff4,2.4578614234924316,1.0295076370239258,1.2455458641052246,-1.8519752025604248,False
D4LensPINN,12,180,1,flip_h,H14_eff5,2.4578614234924316,1.0295076370239258,1.2455458641052246,-1.8519752025604248,False
D4LensPINN,12,180,1,flip_h,H14b_eff6,2.4578614234924316,1.0295076370239258,1.2455458641052246,-1.8519752025604248,False
D4LensPINN,12,180,1,flip_h,H15_before_gap,2.4578614234924316,1.0295076370239258,1.2455458641052246,-1.8519752025604248,False
D4LensPINN,12,180,1,flip_h,H16_after_gap,2.4578614234924316,1.0295076370239258,1.2455458641052246,-1.8519752025604248,False
D4LensPINN,12,180,1,flip_h,H17_pre_linear,2.4578614234924316,1.0295076370239258,1.2455458641052246,-1.8519752025604248,False
D4LensPINN,12,180,1,flip_h_r90,H00_preprocess,2.440744400024414,1.8799195289611816,0.43908190727233887,-1.4934331178665161,False
D4LensPINN,12,180,1,flip_h_r90,H01_enc1,2.440744400024414,1.8799195289611816,0.43908190727233887,-1.4934331178665161,False
D4LensPINN,12,180,1,flip_h_r90,H02_enc2,1.785361647605896,1.6488983631134033,-0.2673015594482422,-0.6302381753921509,False
D4LensPINN,12,180,1,flip_h_r90,H03_enc3,2.7299253940582275,-0.4420022964477539,2.0182502269744873,-1.7843186855316162,False
D4LensPINN,12,180,1,flip_h_r90,H04_bot,2.396118402481079,-0.3002505302429199,1.7596304416656494,-1.5984159708023071,False
D4LensPINN,12,180,1,flip_h_r90,H08_kappa_out,2.440744400024414,1.8799195289611816,0.43908190727233887,-1.4934331178665161,False
D4LensPINN,12,180,1,flip_h_r90,H09_poisson,0.7100342512130737,-0.035640716552734375,0.503098726272583,-0.49977004528045654,False
D4LensPINN,12,180,1,flip_h_r90,H10_deflection,0.7100342512130737,-0.035640716552734375,0.503098726272583,-0.49977004528045654,False
D4LensPINN,12,180,1,flip_h_r90,H11_inv_lens,15.310050964355469,-5.292839527130127,-9.047348022460938,11.159256935119629,False
D4LensPINN,12,180,1,flip_h_r90,H12_HANDOFF,2.3323471546173096,0.5551190376281738,1.4967892169952393,-1.7003848552703857,False
D4LensPINN,12,180,1,flip_h_r90,H12b_input_proj,2.3323471546173096,0.5551190376281738,1.4967892169952393,-1.7003848552703857,False
D4LensPINN,12,180,1,flip_h_r90,H13_eff3,2.3323471546173096,0.5551190376281738,1.4967892169952393,-1.7003848552703857,False
D4LensPINN,12,180,1,flip_h_r90,H13b_eff4,2.3323471546173096,0.5551190376281738,1.4967892169952393,-1.7003848552703857,False
D4LensPINN,12,180,1,flip_h_r90,H14_eff5,2.3323471546173096,0.5551190376281738,1.4967892169952393,-1.7003848552703857,False
D4LensPINN,12,180,1,flip_h_r90,H14b_eff6,2.3323471546173096,0.5551190376281738,1.4967892169952393,-1.7003848552703857,False
D4LensPINN,12,180,1,flip_h_r90,H15_before_gap,2.3323471546173096,0.5551190376281738,1.4967892169952393,-1.7003848552703857,False
D4LensPINN,12,180,1,flip_h_r90,H16_after_gap,2.3323471546173096,0.5551190376281738,1.4967892169952393,-1.7003848552703857,False
D4LensPINN,12,180,1,flip_h_r90,H17_pre_linear,2.3323471546173096,0.5551190376281738,1.4967892169952393,-1.7003848552703857,False
D4LensPINN,12,180,1,flip_h_r180,H00_preprocess,1.6010932922363281,-1.1307010650634766,-0.4785515069961548,1.0276201963424683,False
D4LensPINN,12,180,1,flip_h_r180,H01_enc1,1.6010932922363281,-1.1307010650634766,-0.4785515069961548,1.0276201963424683,False
D4LensPINN,12,180,1,flip_h_r180,H02_enc2,1.4778519868850708,-0.2485971450805664,-0.9566935896873474,1.0986279249191284,False
D4LensPINN,12,180,1,flip_h_r180,H03_enc3,0.6667419075965881,-0.030242919921875,0.47141599655151367,-0.4705284833908081,False
D4LensPINN,12,180,1,flip_h_r180,H04_bot,0.703005850315094,-0.03319263458251953,0.49872851371765137,-0.4943534731864929,False
D4LensPINN,12,180,1,flip_h_r180,H08_kappa_out,1.6010932922363281,-1.1307010650634766,-0.4785515069961548,1.0276201963424683,False
D4LensPINN,12,180,1,flip_h_r180,H09_poisson,0.021763784810900688,0.01434326171875,-0.013247847557067871,-0.00961393117904663,False
D4LensPINN,12,180,1,flip_h_r180,H10_deflection,0.021763784810900688,0.01434326171875,-0.013247847557067871,-0.00961393117904663,False
D4LensPINN,12,180,1,flip_h_r180,H11_inv_lens,5.612362384796143,0.7963628768920898,-4.146237373352051,3.6977200508117676,False
D4LensPINN,12,180,1,flip_h_r180,H12_HANDOFF,4.540550231933594,0.203704833984375,3.14363694190979,-3.269961357116699,False
D4LensPINN,12,180,1,flip_h_r180,H12b_input_proj,4.540550231933594,0.203704833984375,3.14363694190979,-3.269961357116699,False
D4LensPINN,12,180,1,flip_h_r180,H13_eff3,4.540550231933594,0.203704833984375,3.14363694190979,-3.269961357116699,False
D4LensPINN,12,180,1,flip_h_r180,H13b_eff4,4.540550231933594,0.203704833984375,3.14363694190979,-3.269961357116699,False
D4LensPINN,12,180,1,flip_h_r180,H14_eff5,4.540550231933594,0.203704833984375,3.14363694190979,-3.269961357116699,False
D4LensPINN,12,180,1,flip_h_r180,H14b_eff6,4.540550231933594,0.203704833984375,3.14363694190979,-3.269961357116699,False
D4LensPINN,12,180,1,flip_h_r180,H15_before_gap,4.540550231933594,0.203704833984375,3.14363694190979,-3.269961357116699,False
D4LensPINN,12,180,1,flip_h_r180,H16_after_gap,4.540550231933594,0.203704833984375,3.14363694190979,-3.269961357116699,False
D4LensPINN,12,180,1,flip_h_r180,H17_pre_linear,4.540550231933594,0.203704833984375,3.14363694190979,-3.269961357116699,False
D4LensPINN,12,180,1,flip_h_r270,H00_preprocess,5.487814426422119,-2.5818185806274414,-2.792304277420044,3.956432342529297,False
D4LensPINN,12,180,1,flip_h_r270,H01_enc1,5.487814426422119,-2.5818185806274414,-2.792304277420044,3.956432342529297,False
D4LensPINN,12,180,1,flip_h_r270,H02_enc2,3.938915729522705,-1.488884449005127,-2.218729257583618,2.8940491676330566,False
D4LensPINN,12,180,1,flip_h_r270,H03_enc3,2.49350643157959,-0.07226800918579102,1.7794535160064697,-1.74524986743927,False
D4LensPINN,12,180,1,flip_h_r270,H04_bot,2.355375051498413,-0.18805646896362305,1.7061407566070557,-1.612919807434082,False
D4LensPINN,12,180,1,flip_h_r270,H08_kappa_out,5.487814426422119,-2.5818185806274414,-2.792304277420044,3.956432342529297,False
D4LensPINN,12,180,1,flip_h_r270,H09_poisson,0.3519926071166992,0.0004138946533203125,0.24032807350158691,-0.25717902183532715,False
D4LensPINN,12,180,1,flip_h_r270,H10_deflection,0.3519926071166992,0.0004138946533203125,0.24032807350158691,-0.25717902183532715,False
D4LensPINN,12,180,1,flip_h_r270,H11_inv_lens,12.346817016601562,-3.3311619758605957,-7.776028633117676,8.993366241455078,False
D4LensPINN,12,180,1,flip_h_r270,H12_HANDOFF,0.9608293175697327,0.6932616233825684,0.3398860692977905,-0.5718904733657837,False
D4LensPINN,12,180,1,flip_h_r270,H12b_input_proj,0.9608293175697327,0.6932616233825684,0.3398860692977905,-0.5718904733657837,False
D4LensPINN,12,180,1,flip_h_r270,H13_eff3,0.9608293175697327,0.6932616233825684,0.3398860692977905,-0.5718904733657837,False
D4LensPINN,12,180,1,flip_h_r270,H13b_eff4,0.9608293175697327,0.6932616233825684,0.3398860692977905,-0.5718904733657837,False
D4LensPINN,12,180,1,flip_h_r270,H14_eff5,0.9608293175697327,0.6932616233825684,0.3398860692977905,-0.5718904733657837,False
D4LensPINN,12,180,1,flip_h_r270,H14b_eff6,0.9608293175697327,0.6932616233825684,0.3398860692977905,-0.5718904733657837,False
D4LensPINN,12,180,1,flip_h_r270,H15_before_gap,0.9608293175697327,0.6932616233825684,0.3398860692977905,-0.5718904733657837,False
D4LensPINN,12,180,1,flip_h_r270,H16_after_gap,0.9608293175697327,0.6932616233825684,0.3398860692977905,-0.5718904733657837,False
D4LensPINN,12,180,1,flip_h_r270,H17_pre_linear,0.9608293175697327,0.6932616233825684,0.3398860692977905,-0.5718904733657837,False
D4LensPINN,13,200,0,e,H00_preprocess,0.0,0.0,0.0,0.0,False
D4LensPINN,13,200,0,e,H01_enc1,0.0,0.0,0.0,0.0,False
D4LensPINN,13,200,0,e,H02_enc2,0.0,0.0,0.0,0.0,False
D4LensPINN,13,200,0,e,H03_enc3,0.0,0.0,0.0,0.0,False
D4LensPINN,13,200,0,e,H04_bot,0.0,0.0,0.0,0.0,False
D4LensPINN,13,200,0,e,H08_kappa_out,0.0,0.0,0.0,0.0,False
D4LensPINN,13,200,0,e,H09_poisson,0.0,0.0,0.0,0.0,False
D4LensPINN,13,200,0,e,H10_deflection,0.0,0.0,0.0,0.0,False
D4LensPINN,13,200,0,e,H11_inv_lens,0.0,0.0,0.0,0.0,False
D4LensPINN,13,200,0,e,H12_HANDOFF,0.0,0.0,0.0,0.0,False
D4LensPINN,13,200,0,e,H12b_input_proj,0.0,0.0,0.0,0.0,False
D4LensPINN,13,200,0,e,H13_eff3,0.0,0.0,0.0,0.0,False
D4LensPINN,13,200,0,e,H13b_eff4,0.0,0.0,0.0,0.0,False
D4LensPINN,13,200,0,e,H14_eff5,0.0,0.0,0.0,0.0,False
D4LensPINN,13,200,0,e,H14b_eff6,0.0,0.0,0.0,0.0,False
D4LensPINN,13,200,0,e,H15_before_gap,0.0,0.0,0.0,0.0,False
D4LensPINN,13,200,0,e,H16_after_gap,0.0,0.0,0.0,0.0,False
D4LensPINN,13,200,0,e,H17_pre_linear,0.0,0.0,0.0,0.0,False
D4LensPINN,13,200,0,r90,H00_preprocess,1.2171604633331299,0.8985297679901123,-0.6645945310592651,-0.4821181297302246,False
D4LensPINN,13,200,0,r90,H01_enc1,1.2171604633331299,0.8985297679901123,-0.6645945310592651,-0.4821181297302246,False
D4LensPINN,13,200,0,r90,H02_enc2,1.2166520357131958,0.876793622970581,-0.7655521631240845,-0.3541257381439209,False
D4LensPINN,13,200,0,r90,H03_enc3,1.2654050588607788,-0.8796775341033936,0.17846542596817017,0.8919458389282227,False
D4LensPINN,13,200,0,r90,H04_bot,1.1355146169662476,-0.8007762432098389,0.19441115856170654,0.7812522649765015,False
D4LensPINN,13,200,0,r90,H08_kappa_out,1.2171604633331299,0.8985297679901123,-0.6645945310592651,-0.4821181297302246,False
D4LensPINN,13,200,0,r90,H09_poisson,0.03741908073425293,-0.0072824954986572266,-0.020337581634521484,0.030553817749023438,False
D4LensPINN,13,200,0,r90,H10_deflection,0.03741908073425293,-0.0072824954986572266,-0.020337581634521484,0.030553817749023438,False
D4LensPINN,13,200,0,r90,H11_inv_lens,31.965595245361328,-21.487211227416992,-10.734153747558594,21.092105865478516,False
D4LensPINN,13,200,0,r90,H12_HANDOFF,2.7165896892547607,-1.8768292665481567,0.09244096279144287,1.96184241771698,False
D4LensPINN,13,200,0,r90,H12b_input_proj,2.7165896892547607,-1.8768292665481567,0.09244096279144287,1.96184241771698,False
D4LensPINN,13,200,0,r90,H13_eff3,2.7165896892547607,-1.8768292665481567,0.09244096279144287,1.96184241771698,False
D4LensPINN,13,200,0,r90,H13b_eff4,2.7165896892547607,-1.8768292665481567,0.09244096279144287,1.96184241771698,False
D4LensPINN,13,200,0,r90,H14_eff5,2.7165896892547607,-1.8768292665481567,0.09244096279144287,1.96184241771698,False
D4LensPINN,13,200,0,r90,H14b_eff6,2.7165896892547607,-1.8768292665481567,0.09244096279144287,1.96184241771698,False
D4LensPINN,13,200,0,r90,H15_before_gap,2.7165896892547607,-1.8768292665481567,0.09244096279144287,1.96184241771698,False
D4LensPINN,13,200,0,r90,H16_after_gap,2.7165896892547607,-1.8768292665481567,0.09244096279144287,1.96184241771698,False
D4LensPINN,13,200,0,r90,H17_pre_linear,2.7165896892547607,-1.8768292665481567,0.09244096279144287,1.96184241771698,False
D4LensPINN,13,200,0,r180,H00_preprocess,0.887562096118927,0.6646544933319092,-0.4749943017959595,-0.34696006774902344,False
D4LensPINN,13,200,0,r180,H01_enc1,0.887562096118927,0.6646544933319092,-0.4749943017959595,-0.34696006774902344,False
D4LensPINN,13,200,0,r180,H02_enc2,0.8105060458183289,0.5840380191802979,-0.5269485712051392,-0.19530701637268066,False
D4LensPINN,13,200,0,r180,H03_enc3,0.4752195477485657,-0.17981934547424316,-0.16505783796310425,0.4077432155609131,False
D4LensPINN,13,200,0,r180,H04_bot,0.3425537943840027,-0.10347628593444824,-0.1469416618347168,0.2916228771209717,False
D4LensPINN,13,200,0,r180,H08_kappa_out,0.887562096118927,0.6646544933319092,-0.4749943017959595,-0.34696006774902344,False
D4LensPINN,13,200,0,r180,H09_poisson,0.11177344620227814,0.06911277770996094,-0.08765953779220581,0.00570368766784668,False
D4LensPINN,13,200,0,r180,H10_deflection,0.11177344620227814,0.06911277770996094,-0.08765953779220581,0.00570368766784668,False
D4LensPINN,13,200,0,r180,H11_inv_lens,7.027410984039307,-5.206110000610352,-0.8974218368530273,4.6341729164123535,False
D4LensPINN,13,200,0,r180,H12_HANDOFF,0.7063679695129395,0.5139873027801514,-0.2063472867012024,-0.4383988380432129,False
D4LensPINN,13,200,0,r180,H12b_input_proj,0.7063679695129395,0.5139873027801514,-0.2063472867012024,-0.4383988380432129,False
D4LensPINN,13,200,0,r180,H13_eff3,0.7063679695129395,0.5139873027801514,-0.2063472867012024,-0.4383988380432129,False
D4LensPINN,13,200,0,r180,H13b_eff4,0.7063679695129395,0.5139873027801514,-0.2063472867012024,-0.4383988380432129,False
D4LensPINN,13,200,0,r180,H14_eff5,0.7063679695129395,0.5139873027801514,-0.2063472867012024,-0.4383988380432129,False
D4LensPINN,13,200,0,r180,H14b_eff6,0.7063679695129395,0.5139873027801514,-0.2063472867012024,-0.4383988380432129,False
D4LensPINN,13,200,0,r180,H15_before_gap,0.7063679695129395,0.5139873027801514,-0.2063472867012024,-0.4383988380432129,False
D4LensPINN,13,200,0,r180,H16_after_gap,0.7063679695129395,0.5139873027801514,-0.2063472867012024,-0.4383988380432129,False
D4LensPINN,13,200,0,r180,H17_pre_linear,0.7063679695129395,0.5139873027801514,-0.2063472867012024,-0.4383988380432129,False
D4LensPINN,13,200,0,r270,H00_preprocess,1.0749907493591309,0.8014547824859619,-0.5074671506881714,-0.5057199001312256,False
D4LensPINN,13,200,0,r270,H01_enc1,1.0749907493591309,0.8014547824859619,-0.5074671506881714,-0.5057199001312256,False
D4LensPINN,13,200,0,r270,H02_enc2,1.0808382034301758,0.8002307415008545,-0.5916886329650879,-0.4216001033782959,False
D4LensPINN,13,200,0,r270,H03_enc3,1.0929443836212158,-0.8469674587249756,0.5595600008964539,0.40505075454711914,False
D4LensPINN,13,200,0,r270,H04_bot,0.8734405636787415,-0.6649308204650879,0.4984254837036133,0.26895618438720703,False
D4LensPINN,13,200,0,r270,H08_kappa_out,1.0749907493591309,0.8014547824859619,-0.5074671506881714,-0.5057199001312256,False
D4LensPINN,13,200,0,r270,H09_poisson,0.12273230403661728,0.07964229583740234,-0.0933799147605896,0.0007176399230957031,False
D4LensPINN,13,200,0,r270,H10_deflection,0.12273230403661728,0.07964229583740234,-0.0933799147605896,0.0007176399230957031,False
D4LensPINN,13,200,0,r270,H11_inv_lens,39.23643112182617,-26.544883728027344,-13.146263122558594,25.730186462402344,False
D4LensPINN,13,200,0,r270,H12_HANDOFF,3.032550811767578,-2.2079403400421143,-0.025250375270843506,2.0786356925964355,False
D4LensPINN,13,200,0,r270,H12b_input_proj,3.032550811767578,-2.2079403400421143,-0.025250375270843506,2.0786356925964355,False
D4LensPINN,13,200,0,r270,H13_eff3,3.032550811767578,-2.2079403400421143,-0.025250375270843506,2.0786356925964355,False
D4LensPINN,13,200,0,r270,H13b_eff4,3.032550811767578,-2.2079403400421143,-0.025250375270843506,2.0786356925964355,False
D4LensPINN,13,200,0,r270,H14_eff5,3.032550811767578,-2.2079403400421143,-0.025250375270843506,2.0786356925964355,False
D4LensPINN,13,200,0,r270,H14b_eff6,3.032550811767578,-2.2079403400421143,-0.025250375270843506,2.0786356925964355,False
D4LensPINN,13,200,0,r270,H15_before_gap,3.032550811767578,-2.2079403400421143,-0.025250375270843506,2.0786356925964355,False
D4LensPINN,13,200,0,r270,H16_after_gap,3.032550811767578,-2.2079403400421143,-0.025250375270843506,2.0786356925964355,False
D4LensPINN,13,200,0,r270,H17_pre_linear,3.032550811767578,-2.2079403400421143,-0.025250375270843506,2.0786356925964355,False
D4LensPINN,13,200,0,flip_h,H00_preprocess,0.17056812345981598,0.04763984680175781,-0.14069557189941406,0.08383727073669434,False
D4LensPINN,13,200,0,flip_h,H01_enc1,0.17056812345981598,0.04763984680175781,-0.14069557189941406,0.08383727073669434,False
D4LensPINN,13,200,0,flip_h,H02_enc2,0.3241308629512787,0.020592451095581055,-0.2373843789100647,0.21973943710327148,False
D4LensPINN,13,200,0,flip_h,H03_enc3,0.6391796469688416,-0.38355135917663574,-0.022104084491729736,0.5108330249786377,False
D4LensPINN,13,200,0,flip_h,H04_bot,0.4383537173271179,-0.2615330219268799,-0.016004443168640137,0.3514232635498047,False
D4LensPINN,13,200,0,flip_h,H08_kappa_out,0.17056812345981598,0.04763984680175781,-0.14069557189941406,0.08383727073669434,False
D4LensPINN,13,200,0,flip_h,H09_poisson,0.035434916615486145,0.001493692398071289,-0.02454274892807007,0.02551579475402832,False
D4LensPINN,13,200,0,flip_h,H10_deflection,0.035434916615486145,0.001493692398071289,-0.02454274892807007,0.02551579475402832,False
D4LensPINN,13,200,0,flip_h,H11_inv_lens,6.07175350189209,-4.262699604034424,-0.8423733711242676,4.2409892082214355,False
D4LensPINN,13,200,0,flip_h,H12_HANDOFF,1.2840170860290527,-0.9000213146209717,0.24920371174812317,0.8812258243560791,False
D4LensPINN,13,200,0,flip_h,H12b_input_proj,1.2840170860290527,-0.9000213146209717,0.24920371174812317,0.8812258243560791,False
D4LensPINN,13,200,0,flip_h,H13_eff3,1.2840170860290527,-0.9000213146209717,0.24920371174812317,0.8812258243560791,False
D4LensPINN,13,200,0,flip_h,H13b_eff4,1.2840170860290527,-0.9000213146209717,0.24920371174812317,0.8812258243560791,False
D4LensPINN,13,200,0,flip_h,H14_eff5,1.2840170860290527,-0.9000213146209717,0.24920371174812317,0.8812258243560791,False
D4LensPINN,13,200,0,flip_h,H14b_eff6,1.2840170860290527,-0.9000213146209717,0.24920371174812317,0.8812258243560791,False
D4LensPINN,13,200,0,flip_h,H15_before_gap,1.2840170860290527,-0.9000213146209717,0.24920371174812317,0.8812258243560791,False
D4LensPINN,13,200,0,flip_h,H16_after_gap,1.2840170860290527,-0.9000213146209717,0.24920371174812317,0.8812258243560791,False
D4LensPINN,13,200,0,flip_h,H17_pre_linear,1.2840170860290527,-0.9000213146209717,0.24920371174812317,0.8812258243560791,False
D4LensPINN,13,200,0,flip_h_r90,H00_preprocess,0.29727649688720703,-0.1430211067199707,-0.06225919723510742,0.2530653476715088,False
D4LensPINN,13,200,0,flip_h_r90,H01_enc1,0.29727649688720703,-0.1430211067199707,-0.06225919723510742,0.2530653476715088,False
D4LensPINN,13,200,0,flip_h_r90,H02_enc2,0.3115385174751282,-0.003808736801147461,-0.21111273765563965,0.22907018661499023,False
D4LensPINN,13,200,0,flip_h_r90,H03_enc3,0.8420807123184204,-0.6022012233734131,0.1895027756690979,0.5572632551193237,False
D4LensPINN,13,200,0,flip_h_r90,H04_bot,0.5924990177154541,-0.409822940826416,0.09708082675933838,0.4167439937591553,False
D4LensPINN,13,200,0,flip_h_r90,H08_kappa_out,0.29727649688720703,-0.1430211067199707,-0.06225919723510742,0.2530653476715088,False
D4LensPINN,13,200,0,flip_h_r90,H09_poisson,0.2190702259540558,0.1611311435699463,-0.13469457626342773,-0.06233692169189453,False
D4LensPINN,13,200,0,flip_h_r90,H10_deflection,0.2190702259540558,0.1611311435699463,-0.13469457626342773,-0.06233692169189453,False
D4LensPINN,13,200,0,flip_h_r90,H11_inv_lens,28.087175369262695,-18.933420181274414,-9.256181716918945,18.567123413085938,False
D4LensPINN,13,200,0,flip_h_r90,H12_HANDOFF,3.091069221496582,-2.2411086559295654,0.1037335991859436,2.1263535022735596,False
D4LensPINN,13,200,0,flip_h_r90,H12b_input_proj,3.091069221496582,-2.2411086559295654,0.1037335991859436,2.1263535022735596,False
D4LensPINN,13,200,0,flip_h_r90,H13_eff3,3.091069221496582,-2.2411086559295654,0.1037335991859436,2.1263535022735596,False
D4LensPINN,13,200,0,flip_h_r90,H13b_eff4,3.091069221496582,-2.2411086559295654,0.1037335991859436,2.1263535022735596,False
D4LensPINN,13,200,0,flip_h_r90,H14_eff5,3.091069221496582,-2.2411086559295654,0.1037335991859436,2.1263535022735596,False
D4LensPINN,13,200,0,flip_h_r90,H14b_eff6,3.091069221496582,-2.2411086559295654,0.1037335991859436,2.1263535022735596,False
D4LensPINN,13,200,0,flip_h_r90,H15_before_gap,3.091069221496582,-2.2411086559295654,0.1037335991859436,2.1263535022735596,False
D4LensPINN,13,200,0,flip_h_r90,H16_after_gap,3.091069221496582,-2.2411086559295654,0.1037335991859436,2.1263535022735596,False
D4LensPINN,13,200,0,flip_h_r90,H17_pre_linear,3.091069221496582,-2.2411086559295654,0.1037335991859436,2.1263535022735596,False
D4LensPINN,13,200,0,flip_h_r180,H00_preprocess,1.2992885112762451,0.9662210941314697,-0.6530165672302246,-0.5728323459625244,False
D4LensPINN,13,200,0,flip_h_r180,H01_enc1,1.2992885112762451,0.9662210941314697,-0.6530165672302246,-0.5728323459625244,False
D4LensPINN,13,200,0,flip_h_r180,H02_enc2,1.2134677171707153,0.9009048938751221,-0.6396448612213135,-0.5017256736755371,False
D4LensPINN,13,200,0,flip_h_r180,H03_enc3,0.26092639565467834,-0.18552422523498535,0.07359534502029419,0.16806864738464355,False
D4LensPINN,13,200,0,flip_h_r180,H04_bot,0.12543022632598877,-0.06895732879638672,-0.00445103645324707,0.10467958450317383,False
D4LensPINN,13,200,0,flip_h_r180,H08_kappa_out,1.2992885112762451,0.9662210941314697,-0.6530165672302246,-0.5728323459625244,False
D4LensPINN,13,200,0,flip_h_r180,H09_poisson,0.06364898383617401,0.0075190067291259766,0.03942626714706421,-0.04939866065979004,False
D4LensPINN,13,200,0,flip_h_r180,H10_deflection,0.06364898383617401,0.0075190067291259766,0.03942626714706421,-0.04939866065979004,False
D4LensPINN,13,200,0,flip_h_r180,H11_inv_lens,10.097445487976074,-7.207296848297119,-1.754655122756958,6.8508734703063965,False
D4LensPINN,13,200,0,flip_h_r180,H12_HANDOFF,0.8143632411956787,0.5374166965484619,-0.07911938428878784,-0.6067214012145996,False
D4LensPINN,13,200,0,flip_h_r180,H12b_input_proj,0.8143632411956787,0.5374166965484619,-0.07911938428878784,-0.6067214012145996,False
D4LensPINN,13,200,0,flip_h_r180,H13_eff3,0.8143632411956787,0.5374166965484619,-0.07911938428878784,-0.6067214012145996,False
D4LensPINN,13,200,0,flip_h_r180,H13b_eff4,0.8143632411956787,0.5374166965484619,-0.07911938428878784,-0.6067214012145996,False
D4LensPINN,13,200,0,flip_h_r180,H14_eff5,0.8143632411956787,0.5374166965484619,-0.07911938428878784,-0.6067214012145996,False
D4LensPINN,13,200,0,flip_h_r180,H14b_eff6,0.8143632411956787,0.5374166965484619,-0.07911938428878784,-0.6067214012145996,False
D4LensPINN,13,200,0,flip_h_r180,H15_before_gap,0.8143632411956787,0.5374166965484619,-0.07911938428878784,-0.6067214012145996,False
D4LensPINN,13,200,0,flip_h_r180,H16_after_gap,0.8143632411956787,0.5374166965484619,-0.07911938428878784,-0.6067214012145996,False
D4LensPINN,13,200,0,flip_h_r180,H17_pre_linear,0.8143632411956787,0.5374166965484619,-0.07911938428878784,-0.6067214012145996,False
D4LensPINN,13,200,0,flip_h_r270,H00_preprocess,1.279464602470398,0.9315364360809326,-0.7922351360321045,-0.3763415813446045,False
D4LensPINN,13,200,0,flip_h_r270,H01_enc1,1.279464602470398,0.9315364360809326,-0.7922351360321045,-0.3763415813446045,False
D4LensPINN,13,200,0,flip_h_r270,H02_enc2,1.3559541702270508,0.9790866374969482,-0.8629698753356934,-0.3678097724914551,False
D4LensPINN,13,200,0,flip_h_r270,H03_enc3,0.995110809803009,-0.7051866054534912,0.19390469789505005,0.6748024225234985,False
D4LensPINN,13,200,0,flip_h_r270,H04_bot,0.6233473420143127,-0.42705368995666504,0.09419918060302734,0.44419991970062256,False
D4LensPINN,13,200,0,flip_h_r270,H08_kappa_out,1.279464602470398,0.9315364360809326,-0.7922351360321045,-0.3763415813446045,False
D4LensPINN,13,200,0,flip_h_r270,H09_poisson,0.14899881184101105,-0.10991430282592773,0.05203676223754883,0.0860910415649414,False
D4LensPINN,13,200,0,flip_h_r270,H10_deflection,0.14899881184101105,-0.10991430282592773,0.05203676223754883,0.0860910415649414,False
D4LensPINN,13,200,0,flip_h_r270,H11_inv_lens,18.682249069213867,-12.384324073791504,-5.678280830383301,12.783271789550781,False
D4LensPINN,13,200,0,flip_h_r270,H12_HANDOFF,2.414281129837036,-1.9488669633865356,0.7574362754821777,1.2070465087890625,False
D4LensPINN,13,200,0,flip_h_r270,H12b_input_proj,2.414281129837036,-1.9488669633865356,0.7574362754821777,1.2070465087890625,False
D4LensPINN,13,200,0,flip_h_r270,H13_eff3,2.414281129837036,-1.9488669633865356,0.7574362754821777,1.2070465087890625,False
D4LensPINN,13,200,0,flip_h_r270,H13b_eff4,2.414281129837036,-1.9488669633865356,0.7574362754821777,1.2070465087890625,False
D4LensPINN,13,200,0,flip_h_r270,H14_eff5,2.414281129837036,-1.9488669633865356,0.7574362754821777,1.2070465087890625,False
D4LensPINN,13,200,0,flip_h_r270,H14b_eff6,2.414281129837036,-1.9488669633865356,0.7574362754821777,1.2070465087890625,False
D4LensPINN,13,200,0,flip_h_r270,H15_before_gap,2.414281129837036,-1.9488669633865356,0.7574362754821777,1.2070465087890625,False
D4LensPINN,13,200,0,flip_h_r270,H16_after_gap,2.414281129837036,-1.9488669633865356,0.7574362754821777,1.2070465087890625,False
D4LensPINN,13,200,0,flip_h_r270,H17_pre_linear,2.414281129837036,-1.9488669633865356,0.7574362754821777,1.2070465087890625,False
D4LensPINN,14,208,1,e,H00_preprocess,0.0,0.0,0.0,0.0,False
D4LensPINN,14,208,1,e,H01_enc1,0.0,0.0,0.0,0.0,False
D4LensPINN,14,208,1,e,H02_enc2,0.0,0.0,0.0,0.0,False
D4LensPINN,14,208,1,e,H03_enc3,0.0,0.0,0.0,0.0,False
D4LensPINN,14,208,1,e,H04_bot,0.0,0.0,0.0,0.0,False
D4LensPINN,14,208,1,e,H08_kappa_out,0.0,0.0,0.0,0.0,False
D4LensPINN,14,208,1,e,H09_poisson,0.0,0.0,0.0,0.0,False
D4LensPINN,14,208,1,e,H10_deflection,0.0,0.0,0.0,0.0,False
D4LensPINN,14,208,1,e,H11_inv_lens,0.0,0.0,0.0,0.0,False
D4LensPINN,14,208,1,e,H12_HANDOFF,0.0,0.0,0.0,0.0,False
D4LensPINN,14,208,1,e,H12b_input_proj,0.0,0.0,0.0,0.0,False
D4LensPINN,14,208,1,e,H13_eff3,0.0,0.0,0.0,0.0,False
D4LensPINN,14,208,1,e,H13b_eff4,0.0,0.0,0.0,0.0,False
D4LensPINN,14,208,1,e,H14_eff5,0.0,0.0,0.0,0.0,False
D4LensPINN,14,208,1,e,H14b_eff6,0.0,0.0,0.0,0.0,False
D4LensPINN,14,208,1,e,H15_before_gap,0.0,0.0,0.0,0.0,False
D4LensPINN,14,208,1,e,H16_after_gap,0.0,0.0,0.0,0.0,False
D4LensPINN,14,208,1,e,H17_pre_linear,0.0,0.0,0.0,0.0,False
D4LensPINN,14,208,1,r90,H00_preprocess,2.8213398456573486,-0.9513816833496094,-1.567962646484375,2.143903970718384,False
D4LensPINN,14,208,1,r90,H01_enc1,2.8213398456573486,-0.9513816833496094,-1.567962646484375,2.143903970718384,False
D4LensPINN,14,208,1,r90,H02_enc2,5.206455230712891,-0.5692224502563477,-3.490520477294922,3.8209195137023926,False
D4LensPINN,14,208,1,r90,H03_enc3,0.565109133720398,-0.5176486968994141,0.00850534439086914,0.2265300750732422,False
D4LensPINN,14,208,1,r90,H04_bot,0.6268255710601807,-0.5799160003662109,0.029822826385498047,0.23604726791381836,False
D4LensPINN,14,208,1,r90,H08_kappa_out,2.8213398456573486,-0.9513816833496094,-1.567962646484375,2.143903970718384,False
D4LensPINN,14,208,1,r90,H09_poisson,0.4480457007884979,0.04210042953491211,-0.3156728744506836,0.3151557445526123,False
D4LensPINN,14,208,1,r90,H10_deflection,0.4480457007884979,0.04210042953491211,-0.3156728744506836,0.3151557445526123,False
D4LensPINN,14,208,1,r90,H11_inv_lens,11.903101921081543,4.053651809692383,-8.83281421661377,6.872636795043945,False
D4LensPINN,14,208,1,r90,H12_HANDOFF,3.647139310836792,0.1993083953857422,-2.577449321746826,2.5726747512817383,False
D4LensPINN,14,208,1,r90,H12b_input_proj,3.647139310836792,0.1993083953857422,-2.577449321746826,2.5726747512817383,False
D4LensPINN,14,208,1,r90,H13_eff3,3.647139310836792,0.1993083953857422,-2.577449321746826,2.5726747512817383,False
D4LensPINN,14,208,1,r90,H13b_eff4,3.647139310836792,0.1993083953857422,-2.577449321746826,2.5726747512817383,False
D4LensPINN,14,208,1,r90,H14_eff5,3.647139310836792,0.1993083953857422,-2.577449321746826,2.5726747512817383,False
D4LensPINN,14,208,1,r90,H14b_eff6,3.647139310836792,0.1993083953857422,-2.577449321746826,2.5726747512817383,False
D4LensPINN,14,208,1,r90,H15_before_gap,3.647139310836792,0.1993083953857422,-2.577449321746826,2.5726747512817383,False
D4LensPINN,14,208,1,r90,H16_after_gap,3.647139310836792,0.1993083953857422,-2.577449321746826,2.5726747512817383,False
D4LensPINN,14,208,1,r90,H17_pre_linear,3.647139310836792,0.1993083953857422,-2.577449321746826,2.5726747512817383,False
D4LensPINN,14,208,1,r180,H00_preprocess,1.6089023351669312,-1.4894928932189941,0.5107135772705078,0.33037734031677246,False
D4LensPINN,14,208,1,r180,H01_enc1,1.6089023351669312,-1.4894928932189941,0.5107135772705078,0.33037734031677246,False
D4LensPINN,14,208,1,r180,H02_enc2,1.8250856399536133,-1.6870598793029785,0.3320441246032715,0.6119747161865234,False
D4LensPINN,14,208,1,r180,H03_enc3,0.49817872047424316,0.12346267700195312,-0.35886573791503906,0.32272958755493164,False
D4LensPINN,14,208,1,r180,H04_bot,0.2859143912792206,0.0856480598449707,-0.20312738418579102,0.18207335472106934,False
D4LensPINN,14,208,1,r180,H08_kappa_out,1.6089023351669312,-1.4894928932189941,0.5107135772705078,0.33037734031677246,False
D4LensPINN,14,208,1,r180,H09_poisson,0.49591684341430664,-0.44784116744995117,0.06076860427856445,0.20415425300598145,False
D4LensPINN,14,208,1,r180,H10_deflection,0.49591684341430664,-0.44784116744995117,0.06076860427856445,0.20415425300598145,False
D4LensPINN,14,208,1,r180,H11_inv_lens,48.80912780761719,-26.745100021362305,-23.648502349853516,33.28330993652344,False
D4LensPINN,14,208,1,r180,H12_HANDOFF,1.3653907775878906,-0.4230003356933594,-0.7746925354003906,1.041736125946045,False
D4LensPINN,14,208,1,r180,H12b_input_proj,1.3653907775878906,-0.4230003356933594,-0.7746925354003906,1.041736125946045,False
D4LensPINN,14,208,1,r180,H13_eff3,1.3653907775878906,-0.4230003356933594,-0.7746925354003906,1.041736125946045,False
D4LensPINN,14,208,1,r180,H13b_eff4,1.3653907775878906,-0.4230003356933594,-0.7746925354003906,1.041736125946045,False
D4LensPINN,14,208,1,r180,H14_eff5,1.3653907775878906,-0.4230003356933594,-0.7746925354003906,1.041736125946045,False
D4LensPINN,14,208,1,r180,H14b_eff6,1.3653907775878906,-0.4230003356933594,-0.7746925354003906,1.041736125946045,False
D4LensPINN,14,208,1,r180,H15_before_gap,1.3653907775878906,-0.4230003356933594,-0.7746925354003906,1.041736125946045,False
D4LensPINN,14,208,1,r180,H16_after_gap,1.3653907775878906,-0.4230003356933594,-0.7746925354003906,1.041736125946045,False
D4LensPINN,14,208,1,r180,H17_pre_linear,1.3653907775878906,-0.4230003356933594,-0.7746925354003906,1.041736125946045,False
D4LensPINN,14,208,1,r270,H00_preprocess,6.4690423011779785,-2.7049784660339355,-3.424832582473755,4.775156497955322,False
D4LensPINN,14,208,1,r270,H01_enc1,6.4690423011779785,-2.7049784660339355,-3.424832582473755,4.775156497955322,False
D4LensPINN,14,208,1,r270,H02_enc2,6.5040812492370605,-2.4730000495910645,-3.5888419151306152,4.827790260314941,False
D4LensPINN,14,208,1,r270,H03_enc3,0.10204563289880753,-0.06737518310546875,-0.04472637176513672,0.06223702430725098,False
D4LensPINN,14,208,1,r270,H04_bot,0.1205655038356781,0.017848968505859375,-0.09773921966552734,0.06829714775085449,False
D4LensPINN,14,208,1,r270,H08_kappa_out,6.4690423011779785,-2.7049784660339355,-3.424832582473755,4.775156497955322,False
D4LensPINN,14,208,1,r270,H09_poisson,3.2546157836914062,-2.2161240577697754,-1.015695571899414,2.1563117504119873,False
D4LensPINN,14,208,1,r270,H10_deflection,3.2546157836914062,-2.2161240577697754,-1.015695571899414,2.1563117504119873,False
D4LensPINN,14,208,1,r270,H11_inv_lens,22.01308822631836,-4.42663049697876,-14.596964836120605,15.871660232543945,False
D4LensPINN,14,208,1,r270,H12_HANDOFF,9.55707836151123,2.144387722015381,-7.106474876403809,6.019747257232666,False
D4LensPINN,14,208,1,r270,H12b_input_proj,9.55707836151123,2.144387722015381,-7.106474876403809,6.019747257232666,False
D4LensPINN,14,208,1,r270,H13_eff3,9.55707836151123,2.144387722015381,-7.106474876403809,6.019747257232666,False
D4LensPINN,14,208,1,r270,H13b_eff4,9.55707836151123,2.144387722015381,-7.106474876403809,6.019747257232666,False
D4LensPINN,14,208,1,r270,H14_eff5,9.55707836151123,2.144387722015381,-7.106474876403809,6.019747257232666,False
D4LensPINN,14,208,1,r270,H14b_eff6,9.55707836151123,2.144387722015381,-7.106474876403809,6.019747257232666,False
D4LensPINN,14,208,1,r270,H15_before_gap,9.55707836151123,2.144387722015381,-7.106474876403809,6.019747257232666,False
D4LensPINN,14,208,1,r270,H16_after_gap,9.55707836151123,2.144387722015381,-7.106474876403809,6.019747257232666,False
D4LensPINN,14,208,1,r270,H17_pre_linear,9.55707836151123,2.144387722015381,-7.106474876403809,6.019747257232666,False
D4LensPINN,14,208,1,flip_h,H00_preprocess,1.5241899490356445,-1.372220516204834,0.6470746994018555,0.14649319648742676,False
D4LensPINN,14,208,1,flip_h,H01_enc1,1.5241899490356445,-1.372220516204834,0.6470746994018555,0.14649319648742676,False
D4LensPINN,14,208,1,flip_h,H02_enc2,1.8339289426803589,-1.46622896194458,1.0716514587402344,-0.25501179695129395,False
D4LensPINN,14,208,1,flip_h,H03_enc3,0.2437940388917923,0.050038814544677734,0.15259742736816406,-0.1834275722503662,False
D4LensPINN,14,208,1,flip_h,H04_bot,0.2320263385772705,0.0556793212890625,0.14198684692382812,-0.17485928535461426,False
D4LensPINN,14,208,1,flip_h,H08_kappa_out,1.5241899490356445,-1.372220516204834,0.6470746994018555,0.14649319648742676,False
D4LensPINN,14,208,1,flip_h,H09_poisson,0.49336856603622437,-0.21571826934814453,-0.22797632217407227,0.3806638717651367,False
D4LensPINN,14,208,1,flip_h,H10_deflection,0.49336856603622437,-0.21571826934814453,-0.22797632217407227,0.3806638717651367,False
D4LensPINN,14,208,1,flip_h,H11_inv_lens,9.827813148498535,1.6051626205444336,-7.086784362792969,6.61716365814209,False
D4LensPINN,14,208,1,flip_h,H12_HANDOFF,0.32818666100502014,0.31279468536376953,-0.043392181396484375,-0.08934807777404785,False
D4LensPINN,14,208,1,flip_h,H12b_input_proj,0.32818666100502014,0.31279468536376953,-0.043392181396484375,-0.08934807777404785,False
D4LensPINN,14,208,1,flip_h,H13_eff3,0.32818666100502014,0.31279468536376953,-0.043392181396484375,-0.08934807777404785,False
D4LensPINN,14,208,1,flip_h,H13b_eff4,0.32818666100502014,0.31279468536376953,-0.043392181396484375,-0.08934807777404785,False
D4LensPINN,14,208,1,flip_h,H14_eff5,0.32818666100502014,0.31279468536376953,-0.043392181396484375,-0.08934807777404785,False
D4LensPINN,14,208,1,flip_h,H14b_eff6,0.32818666100502014,0.31279468536376953,-0.043392181396484375,-0.08934807777404785,False
D4LensPINN,14,208,1,flip_h,H15_before_gap,0.32818666100502014,0.31279468536376953,-0.043392181396484375,-0.08934807777404785,False
D4LensPINN,14,208,1,flip_h,H16_after_gap,0.32818666100502014,0.31279468536376953,-0.043392181396484375,-0.08934807777404785,False
D4LensPINN,14,208,1,flip_h,H17_pre_linear,0.32818666100502014,0.31279468536376953,-0.043392181396484375,-0.08934807777404785,False
D4LensPINN,14,208,1,flip_h_r90,H00_preprocess,2.54520320892334,-1.712608814239502,-0.8444633483886719,1.6828287839889526,False
D4LensPINN,14,208,1,flip_h_r90,H01_enc1,2.54520320892334,-1.712608814239502,-0.8444633483886719,1.6828287839889526,False
D4LensPINN,14,208,1,flip_h_r90,H02_enc2,2.6035921573638916,-1.7304959297180176,-0.8911314010620117,1.7291501760482788,False
D4LensPINN,14,208,1,flip_h_r90,H03_enc3,0.6294752359390259,-0.5910110473632812,0.08912372589111328,0.19748926162719727,False
D4LensPINN,14,208,1,flip_h_r90,H04_bot,0.7440428137779236,-0.6952295303344727,0.0901799201965332,0.24924516677856445,False
D4LensPINN,14,208,1,flip_h_r90,H08_kappa_out,2.54520320892334,-1.712608814239502,-0.8444633483886719,1.6828287839889526,False
D4LensPINN,14,208,1,flip_h_r90,H09_poisson,1.15411376953125,-0.6089506149291992,-0.4931674003601074,0.8473155498504639,False
D4LensPINN,14,208,1,flip_h_r90,H10_deflection,1.15411376953125,-0.6089506149291992,-0.4931674003601074,0.8473155498504639,False
D4LensPINN,14,208,1,flip_h_r90,H11_inv_lens,11.491066932678223,4.968240261077881,-8.451051712036133,5.9950761795043945,False
D4LensPINN,14,208,1,flip_h_r90,H12_HANDOFF,6.962244987487793,0.17200374603271484,-4.898196220397949,4.944789886474609,False
D4LensPINN,14,208,1,flip_h_r90,H12b_input_proj,6.962244987487793,0.17200374603271484,-4.898196220397949,4.944789886474609,False
D4LensPINN,14,208,1,flip_h_r90,H13_eff3,6.962244987487793,0.17200374603271484,-4.898196220397949,4.944789886474609,False
D4LensPINN,14,208,1,flip_h_r90,H13b_eff4,6.962244987487793,0.17200374603271484,-4.898196220397949,4.944789886474609,False
D4LensPINN,14,208,1,flip_h_r90,H14_eff5,6.962244987487793,0.17200374603271484,-4.898196220397949,4.944789886474609,False
D4LensPINN,14,208,1,flip_h_r90,H14b_eff6,6.962244987487793,0.17200374603271484,-4.898196220397949,4.944789886474609,False
D4LensPINN,14,208,1,flip_h_r90,H15_before_gap,6.962244987487793,0.17200374603271484,-4.898196220397949,4.944789886474609,False
D4LensPINN,14,208,1,flip_h_r90,H16_after_gap,6.962244987487793,0.17200374603271484,-4.898196220397949,4.944789886474609,False
D4LensPINN,14,208,1,flip_h_r90,H17_pre_linear,6.962244987487793,0.17200374603271484,-4.898196220397949,4.944789886474609,False
D4LensPINN,14,208,1,flip_h_r180,H00_preprocess,1.4501054286956787,0.9498915672302246,-0.9831562042236328,0.48364830017089844,False
D4LensPINN,14,208,1,flip_h_r180,H01_enc1,1.4501054286956787,0.9498915672302246,-0.9831562042236328,0.48364830017089844,False
D4LensPINN,14,208,1,flip_h_r180,H02_enc2,2.4125189781188965,0.0014314651489257812,-1.7136974334716797,1.6980832815170288,False
D4LensPINN,14,208,1,flip_h_r180,H03_enc3,0.46937912702560425,0.1852865219116211,-0.33557987213134766,0.2708723545074463,False
D4LensPINN,14,208,1,flip_h_r180,H04_bot,0.28703436255455017,0.17368221282958984,-0.18996524810791016,0.1270291805267334,False
D4LensPINN,14,208,1,flip_h_r180,H08_kappa_out,1.4501054286956787,0.9498915672302246,-0.9831562042236328,0.48364830017089844,False
D4LensPINN,14,208,1,flip_h_r180,H09_poisson,0.7292988896369934,-0.10231447219848633,-0.4745597839355469,0.5442440509796143,False
D4LensPINN,14,208,1,flip_h_r180,H10_deflection,0.7292988896369934,-0.10231447219848633,-0.4745597839355469,0.5442440509796143,False
D4LensPINN,14,208,1,flip_h_r180,H11_inv_lens,49.82062530517578,-27.79688835144043,-23.75650405883789,33.838680267333984,False
D4LensPINN,14,208,1,flip_h_r180,H12_HANDOFF,0.8593562841415405,0.5145397186279297,-0.6086902618408203,0.3213071823120117,False
D4LensPINN,14,208,1,flip_h_r180,H12b_input_proj,0.8593562841415405,0.5145397186279297,-0.6086902618408203,0.3213071823120117,False
D4LensPINN,14,208,1,flip_h_r180,H13_eff3,0.8593562841415405,0.5145397186279297,-0.6086902618408203,0.3213071823120117,False
D4LensPINN,14,208,1,flip_h_r180,H13b_eff4,0.8593562841415405,0.5145397186279297,-0.6086902618408203,0.3213071823120117,False
D4LensPINN,14,208,1,flip_h_r180,H14_eff5,0.8593562841415405,0.5145397186279297,-0.6086902618408203,0.3213071823120117,False
D4LensPINN,14,208,1,flip_h_r180,H14b_eff6,0.8593562841415405,0.5145397186279297,-0.6086902618408203,0.3213071823120117,False
D4LensPINN,14,208,1,flip_h_r180,H15_before_gap,0.8593562841415405,0.5145397186279297,-0.6086902618408203,0.3213071823120117,False
D4LensPINN,14,208,1,flip_h_r180,H16_after_gap,0.8593562841415405,0.5145397186279297,-0.6086902618408203,0.3213071823120117,False
D4LensPINN,14,208,1,flip_h_r180,H17_pre_linear,0.8593562841415405,0.5145397186279297,-0.6086902618408203,0.3213071823120117,False
D4LensPINN,14,208,1,flip_h_r270,H00_preprocess,7.518465042114258,-1.5437512397766113,-4.817293167114258,5.562178611755371,False
D4LensPINN,14,208,1,flip_h_r270,H01_enc1,7.518465042114258,-1.5437512397766113,-4.817293167114258,5.562178611755371,False
D4LensPINN,14,208,1,flip_h_r270,H02_enc2,6.649197578430176,-1.482241153717041,-4.195702075958252,4.940735816955566,False
D4LensPINN,14,208,1,flip_h_r270,H03_enc3,0.27101388573646545,-0.1435537338256836,-0.13700008392333984,0.1845855712890625,False
D4LensPINN,14,208,1,flip_h_r270,H04_bot,0.20285090804100037,-0.10108280181884766,-0.11272525787353516,0.1349954605102539,False
D4LensPINN,14,208,1,flip_h_r270,H08_kappa_out,7.518465042114258,-1.5437512397766113,-4.817293167114258,5.562178611755371,False
D4LensPINN,14,208,1,flip_h_r270,H09_poisson,0.9674071073532104,-0.11103248596191406,-0.6322908401489258,0.723710298538208,False
D4LensPINN,14,208,1,flip_h_r270,H10_deflection,0.9674071073532104,-0.11103248596191406,-0.6322908401489258,0.723710298538208,False
D4LensPINN,14,208,1,flip_h_r270,H11_inv_lens,30.847862243652344,-11.147539138793945,-18.387340545654297,22.118515014648438,False
D4LensPINN,14,208,1,flip_h_r270,H12_HANDOFF,9.159782409667969,0.4510765075683594,-6.563473224639893,6.3733015060424805,False
D4LensPINN,14,208,1,flip_h_r270,H12b_input_proj,9.159782409667969,0.4510765075683594,-6.563473224639893,6.3733015060424805,False
D4LensPINN,14,208,1,flip_h_r270,H13_eff3,9.159782409667969,0.4510765075683594,-6.563473224639893,6.3733015060424805,False
D4LensPINN,14,208,1,flip_h_r270,H13b_eff4,9.159782409667969,0.4510765075683594,-6.563473224639893,6.3733015060424805,False
D4LensPINN,14,208,1,flip_h_r270,H14_eff5,9.159782409667969,0.4510765075683594,-6.563473224639893,6.3733015060424805,False
D4LensPINN,14,208,1,flip_h_r270,H14b_eff6,9.159782409667969,0.4510765075683594,-6.563473224639893,6.3733015060424805,False
D4LensPINN,14,208,1,flip_h_r270,H15_before_gap,9.159782409667969,0.4510765075683594,-6.563473224639893,6.3733015060424805,False
D4LensPINN,14,208,1,flip_h_r270,H16_after_gap,9.159782409667969,0.4510765075683594,-6.563473224639893,6.3733015060424805,False
D4LensPINN,14,208,1,flip_h_r270,H17_pre_linear,9.159782409667969,0.4510765075683594,-6.563473224639893,6.3733015060424805,False
D4LensPINN,15,244,1,e,H00_preprocess,0.0,0.0,0.0,0.0,False
D4LensPINN,15,244,1,e,H01_enc1,0.0,0.0,0.0,0.0,False
D4LensPINN,15,244,1,e,H02_enc2,0.0,0.0,0.0,0.0,False
D4LensPINN,15,244,1,e,H03_enc3,0.0,0.0,0.0,0.0,False
D4LensPINN,15,244,1,e,H04_bot,0.0,0.0,0.0,0.0,False
D4LensPINN,15,244,1,e,H08_kappa_out,0.0,0.0,0.0,0.0,False
D4LensPINN,15,244,1,e,H09_poisson,0.0,0.0,0.0,0.0,False
D4LensPINN,15,244,1,e,H10_deflection,0.0,0.0,0.0,0.0,False
D4LensPINN,15,244,1,e,H11_inv_lens,0.0,0.0,0.0,0.0,False
D4LensPINN,15,244,1,e,H12_HANDOFF,0.0,0.0,0.0,0.0,False
D4LensPINN,15,244,1,e,H12b_input_proj,0.0,0.0,0.0,0.0,False
D4LensPINN,15,244,1,e,H13_eff3,0.0,0.0,0.0,0.0,False
D4LensPINN,15,244,1,e,H13b_eff4,0.0,0.0,0.0,0.0,False
D4LensPINN,15,244,1,e,H14_eff5,0.0,0.0,0.0,0.0,False
D4LensPINN,15,244,1,e,H14b_eff6,0.0,0.0,0.0,0.0,False
D4LensPINN,15,244,1,e,H15_before_gap,0.0,0.0,0.0,0.0,False
D4LensPINN,15,244,1,e,H16_after_gap,0.0,0.0,0.0,0.0,False
D4LensPINN,15,244,1,e,H17_pre_linear,0.0,0.0,0.0,0.0,False
D4LensPINN,15,244,1,r90,H00_preprocess,2.3157570362091064,0.8804800510406494,-1.775296688079834,1.198251724243164,False
D4LensPINN,15,244,1,r90,H01_enc1,2.3157570362091064,0.8804800510406494,-1.775296688079834,1.198251724243164,False
D4LensPINN,15,244,1,r90,H02_enc2,2.5125691890716553,-0.0006349086761474609,-1.7952847480773926,1.7578271627426147,False
D4LensPINN,15,244,1,r90,H03_enc3,1.139553189277649,-1.0039992332458496,0.12624883651733398,0.5240499973297119,False
D4LensPINN,15,244,1,r90,H04_bot,1.1458464860916138,-0.9681754112243652,0.02447509765625,0.6123735904693604,False
D4LensPINN,15,244,1,r90,H08_kappa_out,2.3157570362091064,0.8804800510406494,-1.775296688079834,1.198251724243164,False
D4LensPINN,15,244,1,r90,H09_poisson,0.4984187185764313,-0.3265852928161621,-0.1130838394165039,0.3591313362121582,False
D4LensPINN,15,244,1,r90,H10_deflection,0.4984187185764313,-0.3265852928161621,-0.1130838394165039,0.3591313362121582,False
D4LensPINN,15,244,1,r90,H11_inv_lens,15.464241981506348,-4.1828203201293945,-9.548686027526855,11.422319412231445,False
D4LensPINN,15,244,1,r90,H12_HANDOFF,5.315700531005859,1.0233783721923828,-3.774073362350464,3.600797176361084,False
D4LensPINN,15,244,1,r90,H12b_input_proj,5.315700531005859,1.0233783721923828,-3.774073362350464,3.600797176361084,False
D4LensPINN,15,244,1,r90,H13_eff3,5.315700531005859,1.0233783721923828,-3.774073362350464,3.600797176361084,False
D4LensPINN,15,244,1,r90,H13b_eff4,5.315700531005859,1.0233783721923828,-3.774073362350464,3.600797176361084,False
D4LensPINN,15,244,1,r90,H14_eff5,5.315700531005859,1.0233783721923828,-3.774073362350464,3.600797176361084,False
D4LensPINN,15,244,1,r90,H14b_eff6,5.315700531005859,1.0233783721923828,-3.774073362350464,3.600797176361084,False
D4LensPINN,15,244,1,r90,H15_before_gap,5.315700531005859,1.0233783721923828,-3.774073362350464,3.600797176361084,False
D4LensPINN,15,244,1,r90,H16_after_gap,5.315700531005859,1.0233783721923828,-3.774073362350464,3.600797176361084,False
D4LensPINN,15,244,1,r90,H17_pre_linear,5.315700531005859,1.0233783721923828,-3.774073362350464,3.600797176361084,False
D4LensPINN,15,244,1,r180,H00_preprocess,4.611388206481934,-4.254918098449707,1.2769074440002441,1.2369637489318848,False
D4LensPINN,15,244,1,r180,H01_enc1,4.611388206481934,-4.254918098449707,1.2769074440002441,1.2369637489318848,False
D4LensPINN,15,244,1,r180,H02_enc2,4.820041179656982,-4.404968738555908,1.7961077690124512,0.7765591144561768,False
D4LensPINN,15,244,1,r180,H03_enc3,0.17011266946792603,0.017384052276611328,0.04535818099975586,-0.16302990913391113,False
D4LensPINN,15,244,1,r180,H04_bot,0.28021714091300964,0.03695392608642578,0.10072803497314453,-0.2588627338409424,False
D4LensPINN,15,244,1,r180,H08_kappa_out,4.611388206481934,-4.254918098449707,1.2769074440002441,1.2369637489318848,False
D4LensPINN,15,244,1,r180,H09_poisson,0.41293829679489136,-0.23812055587768555,0.2958087921142578,-0.1622152328491211,False
D4LensPINN,15,244,1,r180,H10_deflection,0.41293829679489136,-0.23812055587768555,0.2958087921142578,-0.1622152328491211,False
D4LensPINN,15,244,1,r180,H11_inv_lens,33.843353271484375,-16.099748611450195,-17.783592224121094,23.87288475036621,False
D4LensPINN,15,244,1,r180,H12_HANDOFF,0.777180016040802,-0.5160670280456543,0.5331926345825195,-0.23106098175048828,False
D4LensPINN,15,244,1,r180,H12b_input_proj,0.777180016040802,-0.5160670280456543,0.5331926345825195,-0.23106098175048828,False
D4LensPINN,15,244,1,r180,H13_eff3,0.777180016040802,-0.5160670280456543,0.5331926345825195,-0.23106098175048828,False
D4LensPINN,15,244,1,r180,H13b_eff4,0.777180016040802,-0.5160670280456543,0.5331926345825195,-0.23106098175048828,False
D4LensPINN,15,244,1,r180,H14_eff5,0.777180016040802,-0.5160670280456543,0.5331926345825195,-0.23106098175048828,False
D4LensPINN,15,244,1,r180,H14b_eff6,0.777180016040802,-0.5160670280456543,0.5331926345825195,-0.23106098175048828,False
D4LensPINN,15,244,1,r180,H15_before_gap,0.777180016040802,-0.5160670280456543,0.5331926345825195,-0.23106098175048828,False
D4LensPINN,15,244,1,r180,H16_after_gap,0.777180016040802,-0.5160670280456543,0.5331926345825195,-0.23106098175048828,False
D4LensPINN,15,244,1,r180,H17_pre_linear,0.777180016040802,-0.5160670280456543,0.5331926345825195,-0.23106098175048828,False
D4LensPINN,15,244,1,r270,H00_preprocess,0.6894892454147339,0.0622715950012207,-0.4725947380065918,0.4981684684753418,False
D4LensPINN,15,244,1,r270,H01_enc1,0.6894892454147339,0.0622715950012207,-0.4725947380065918,0.4981684684753418,False
D4LensPINN,15,244,1,r270,H02_enc2,0.6896189451217651,0.13106989860534668,-0.47333812713623047,0.48409295082092285,False
D4LensPINN,15,244,1,r270,H03_enc3,1.1616309881210327,-1.0395517349243164,0.4956326484680176,0.15187811851501465,False
D4LensPINN,15,244,1,r270,H04_bot,1.474677324295044,-1.3362970352172852,0.5715928077697754,0.24952983856201172,False
D4LensPINN,15,244,1,r270,H08_kappa_out,0.6894892454147339,0.0622715950012207,-0.4725947380065918,0.4981684684753418,False
D4LensPINN,15,244,1,r270,H09_poisson,0.15442483127117157,-0.12368392944335938,0.0842752456665039,-0.038039445877075195,False
D4LensPINN,15,244,1,r270,H10_deflection,0.15442483127117157,-0.12368392944335938,0.0842752456665039,-0.038039445877075195,False
D4LensPINN,15,244,1,r270,H11_inv_lens,12.064620018005371,-1.0897979736328125,-8.322225570678711,8.666484832763672,False
D4LensPINN,15,244,1,r270,H12_HANDOFF,4.7245354652404785,0.7837920188903809,-3.325216054916382,3.2634103298187256,False
D4LensPINN,15,244,1,r270,H12b_input_proj,4.7245354652404785,0.7837920188903809,-3.325216054916382,3.2634103298187256,False
D4LensPINN,15,244,1,r270,H13_eff3,4.7245354652404785,0.7837920188903809,-3.325216054916382,3.2634103298187256,False
D4LensPINN,15,244,1,r270,H13b_eff4,4.7245354652404785,0.7837920188903809,-3.325216054916382,3.2634103298187256,False
D4LensPINN,15,244,1,r270,H14_eff5,4.7245354652404785,0.7837920188903809,-3.325216054916382,3.2634103298187256,False
D4LensPINN,15,244,1,r270,H14b_eff6,4.7245354652404785,0.7837920188903809,-3.325216054916382,3.2634103298187256,False
D4LensPINN,15,244,1,r270,H15_before_gap,4.7245354652404785,0.7837920188903809,-3.325216054916382,3.2634103298187256,False
D4LensPINN,15,244,1,r270,H16_after_gap,4.7245354652404785,0.7837920188903809,-3.325216054916382,3.2634103298187256,False
D4LensPINN,15,244,1,r270,H17_pre_linear,4.7245354652404785,0.7837920188903809,-3.325216054916382,3.2634103298187256,False
D4LensPINN,15,244,1,flip_h,H00_preprocess,1.5121484994888306,0.9755511283874512,0.14234304428100586,-1.146573781967163,False
D4LensPINN,15,244,1,flip_h,H01_enc1,1.5121484994888306,0.9755511283874512,0.14234304428100586,-1.146573781967163,False
D4LensPINN,15,244,1,flip_h,H02_enc2,1.3975114822387695,1.1730761528015137,-0.6035161018371582,-0.4611930847167969,False
D4LensPINN,15,244,1,flip_h,H03_enc3,0.14986997842788696,-0.12700533866882324,0.07951879501342773,-0.002723217010498047,False
D4LensPINN,15,244,1,flip_h,H04_bot,0.024086659774184227,-0.020650386810302734,-0.007203102111816406,0.010091781616210938,False
D4LensPINN,15,244,1,flip_h,H08_kappa_out,1.5121484994888306,0.9755511283874512,0.14234304428100586,-1.146573781967163,False
D4LensPINN,15,244,1,flip_h,H09_poisson,0.3916168510913849,-0.14560270309448242,0.28557491302490234,-0.22496795654296875,False
D4LensPINN,15,244,1,flip_h,H10_deflection,0.3916168510913849,-0.14560270309448242,0.28557491302490234,-0.22496795654296875,False
D4LensPINN,15,244,1,flip_h,H11_inv_lens,24.577409744262695,-11.343263626098633,-12.919157028198242,17.563451766967773,False
D4LensPINN,15,244,1,flip_h,H12_HANDOFF,1.5965218544006348,-1.3057670593261719,0.903954029083252,-0.1634669303894043,False
D4LensPINN,15,244,1,flip_h,H12b_input_proj,1.5965218544006348,-1.3057670593261719,0.903954029083252,-0.1634669303894043,False
D4LensPINN,15,244,1,flip_h,H13_eff3,1.5965218544006348,-1.3057670593261719,0.903954029083252,-0.1634669303894043,False
D4LensPINN,15,244,1,flip_h,H13b_eff4,1.5965218544006348,-1.3057670593261719,0.903954029083252,-0.1634669303894043,False
D4LensPINN,15,244,1,flip_h,H14_eff5,1.5965218544006348,-1.3057670593261719,0.903954029083252,-0.1634669303894043,False
D4LensPINN,15,244,1,flip_h,H14b_eff6,1.5965218544006348,-1.3057670593261719,0.903954029083252,-0.1634669303894043,False
D4LensPINN,15,244,1,flip_h,H15_before_gap,1.5965218544006348,-1.3057670593261719,0.903954029083252,-0.1634669303894043,False
D4LensPINN,15,244,1,flip_h,H16_after_gap,1.5965218544006348,-1.3057670593261719,0.903954029083252,-0.1634669303894043,False
D4LensPINN,15,244,1,flip_h,H17_pre_linear,1.5965218544006348,-1.3057670593261719,0.903954029083252,-0.1634669303894043,False
D4LensPINN,15,244,1,flip_h_r90,H00_preprocess,0.5289227962493896,-0.4842681884765625,0.06537485122680664,0.20240998268127441,False
D4LensPINN,15,244,1,flip_h_r90,H01_enc1,0.5289227962493896,-0.4842681884765625,0.06537485122680664,0.20240998268127441,False
D4LensPINN,15,244,1,flip_h_r90,H02_enc2,0.4424245059490204,-0.3247859477996826,0.26401710510253906,-0.14334750175476074,False
D4LensPINN,15,244,1,flip_h_r90,H03_enc3,1.1014600992202759,-1.0065326690673828,0.27536964416503906,0.35253071784973145,False
D4LensPINN,15,244,1,flip_h_r90,H04_bot,1.2443993091583252,-1.1228280067443848,0.25256967544555664,0.4732816219329834,False
D4LensPINN,15,244,1,flip_h_r90,H08_kappa_out,0.5289227962493896,-0.4842681884765625,0.06537485122680664,0.20240998268127441,False
D4LensPINN,15,244,1,flip_h_r90,H09_poisson,0.5195246934890747,-0.435330867767334,0.28156280517578125,-0.03339648246765137,False
D4LensPINN,15,244,1,flip_h_r90,H10_deflection,0.5195246934890747,-0.435330867767334,0.28156280517578125,-0.03339648246765137,False
D4LensPINN,15,244,1,flip_h_r90,H11_inv_lens,10.100419044494629,0.24890398979187012,-7.090885162353516,7.188592910766602,False
D4LensPINN,15,244,1,flip_h_r90,H12_HANDOFF,5.706439018249512,-0.6936392784118652,-3.6963162422180176,4.2918009757995605,False
D4LensPINN,15,244,1,flip_h_r90,H12b_input_proj,5.706439018249512,-0.6936392784118652,-3.6963162422180176,4.2918009757995605,False
D4LensPINN,15,244,1,flip_h_r90,H13_eff3,5.706439018249512,-0.6936392784118652,-3.6963162422180176,4.2918009757995605,False
D4LensPINN,15,244,1,flip_h_r90,H13b_eff4,5.706439018249512,-0.6936392784118652,-3.6963162422180176,4.2918009757995605,False
D4LensPINN,15,244,1,flip_h_r90,H14_eff5,5.706439018249512,-0.6936392784118652,-3.6963162422180176,4.2918009757995605,False
D4LensPINN,15,244,1,flip_h_r90,H14b_eff6,5.706439018249512,-0.6936392784118652,-3.6963162422180176,4.2918009757995605,False
D4LensPINN,15,244,1,flip_h_r90,H15_before_gap,5.706439018249512,-0.6936392784118652,-3.6963162422180176,4.2918009757995605,False
D4LensPINN,15,244,1,flip_h_r90,H16_after_gap,5.706439018249512,-0.6936392784118652,-3.6963162422180176,4.2918009757995605,False
D4LensPINN,15,244,1,flip_h_r90,H17_pre_linear,5.706439018249512,-0.6936392784118652,-3.6963162422180176,4.2918009757995605,False
D4LensPINN,15,244,1,flip_h_r180,H00_preprocess,2.77553391456604,-1.608220100402832,-1.1080272197723389,1.9721795320510864,False
D4LensPINN,15,244,1,flip_h_r180,H01_enc1,2.77553391456604,-1.608220100402832,-1.1080272197723389,1.9721795320510864,False
D4LensPINN,15,244,1,flip_h_r180,H02_enc2,5.865513801574707,-3.2385168075561523,-2.467236042022705,4.222440719604492,False
D4LensPINN,15,244,1,flip_h_r180,H03_enc3,0.09721295535564423,-0.09485936164855957,0.019714832305908203,0.007961511611938477,False
D4LensPINN,15,244,1,flip_h_r180,H04_bot,0.2003105729818344,0.025843143463134766,0.07978487014770508,-0.18190884590148926,False
D4LensPINN,15,244,1,flip_h_r180,H08_kappa_out,2.77553391456604,-1.608220100402832,-1.1080272197723389,1.9721795320510864,False
D4LensPINN,15,244,1,flip_h_r180,H09_poisson,0.23633675277233124,0.09158205986022949,0.11148786544799805,-0.18718504905700684,False
D4LensPINN,15,244,1,flip_h_r180,H10_deflection,0.23633675277233124,0.09158205986022949,0.11148786544799805,-0.18718504905700684,False
D4LensPINN,15,244,1,flip_h_r180,H11_inv_lens,29.276968002319336,-13.478843688964844,-15.861671447753906,20.58807945251465,False
D4LensPINN,15,244,1,flip_h_r180,H12_HANDOFF,0.8741169571876526,0.7285537719726562,-0.45835065841674805,0.1523301601409912,False
D4LensPINN,15,244,1,flip_h_r180,H12b_input_proj,0.8741169571876526,0.7285537719726562,-0.45835065841674805,0.1523301601409912,False
D4LensPINN,15,244,1,flip_h_r180,H13_eff3,0.8741169571876526,0.7285537719726562,-0.45835065841674805,0.1523301601409912,False
D4LensPINN,15,244,1,flip_h_r180,H13b_eff4,0.8741169571876526,0.7285537719726562,-0.45835065841674805,0.1523301601409912,False
D4LensPINN,15,244,1,flip_h_r180,H14_eff5,0.8741169571876526,0.7285537719726562,-0.45835065841674805,0.1523301601409912,False
D4LensPINN,15,244,1,flip_h_r180,H14b_eff6,0.8741169571876526,0.7285537719726562,-0.45835065841674805,0.1523301601409912,False
D4LensPINN,15,244,1,flip_h_r180,H15_before_gap,0.8741169571876526,0.7285537719726562,-0.45835065841674805,0.1523301601409912,False
D4LensPINN,15,244,1,flip_h_r180,H16_after_gap,0.8741169571876526,0.7285537719726562,-0.45835065841674805,0.1523301601409912,False
D4LensPINN,15,244,1,flip_h_r180,H17_pre_linear,0.8741169571876526,0.7285537719726562,-0.45835065841674805,0.1523301601409912,False
D4LensPINN,15,244,1,flip_h_r270,H00_preprocess,3.344045877456665,-2.610952377319336,-0.49673986434936523,2.0294876098632812,False
D4LensPINN,15,244,1,flip_h_r270,H01_enc1,3.344045877456665,-2.610952377319336,-0.49673986434936523,2.0294876098632812,False
D4LensPINN,15,244,1,flip_h_r270,H02_enc2,3.5378036499023438,-3.0840582847595215,0.08884429931640625,1.73111093044281,False
D4LensPINN,15,244,1,flip_h_r270,H03_enc3,1.4598275423049927,-1.3021740913391113,0.2092270851135254,0.6258299350738525,False
D4LensPINN,15,244,1,flip_h_r270,H04_bot,1.639482855796814,-1.4509520530700684,0.18857145309448242,0.7396507263183594,False
D4LensPINN,15,244,1,flip_h_r270,H08_kappa_out,3.344045877456665,-2.610952377319336,-0.49673986434936523,2.0294876098632812,False
D4LensPINN,15,244,1,flip_h_r270,H09_poisson,0.36959582567214966,-0.326570987701416,0.04791879653930664,0.16630172729492188,False
D4LensPINN,15,244,1,flip_h_r270,H10_deflection,0.36959582567214966,-0.326570987701416,0.04791879653930664,0.16630172729492188,False
D4LensPINN,15,244,1,flip_h_r270,H11_inv_lens,21.990633010864258,-9.067399978637695,-12.188796997070312,15.89979362487793,False
D4LensPINN,15,244,1,flip_h_r270,H12_HANDOFF,4.249973773956299,0.6100051403045654,-2.9765186309814453,2.9716169834136963,False
D4LensPINN,15,244,1,flip_h_r270,H12b_input_proj,4.249973773956299,0.6100051403045654,-2.9765186309814453,2.9716169834136963,False
D4LensPINN,15,244,1,flip_h_r270,H13_eff3,4.249973773956299,0.6100051403045654,-2.9765186309814453,2.9716169834136963,False
D4LensPINN,15,244,1,flip_h_r270,H13b_eff4,4.249973773956299,0.6100051403045654,-2.9765186309814453,2.9716169834136963,False
D4LensPINN,15,244,1,flip_h_r270,H14_eff5,4.249973773956299,0.6100051403045654,-2.9765186309814453,2.9716169834136963,False
D4LensPINN,15,244,1,flip_h_r270,H14b_eff6,4.249973773956299,0.6100051403045654,-2.9765186309814453,2.9716169834136963,False
D4LensPINN,15,244,1,flip_h_r270,H15_before_gap,4.249973773956299,0.6100051403045654,-2.9765186309814453,2.9716169834136963,False
D4LensPINN,15,244,1,flip_h_r270,H16_after_gap,4.249973773956299,0.6100051403045654,-2.9765186309814453,2.9716169834136963,False
D4LensPINN,15,244,1,flip_h_r270,H17_pre_linear,4.249973773956299,0.6100051403045654,-2.9765186309814453,2.9716169834136963,False
D4LensPINN,16,253,0,e,H00_preprocess,0.0,0.0,0.0,0.0,False
D4LensPINN,16,253,0,e,H01_enc1,0.0,0.0,0.0,0.0,False
D4LensPINN,16,253,0,e,H02_enc2,0.0,0.0,0.0,0.0,False
D4LensPINN,16,253,0,e,H03_enc3,0.0,0.0,0.0,0.0,False
D4LensPINN,16,253,0,e,H04_bot,0.0,0.0,0.0,0.0,False
D4LensPINN,16,253,0,e,H08_kappa_out,0.0,0.0,0.0,0.0,False
D4LensPINN,16,253,0,e,H09_poisson,0.0,0.0,0.0,0.0,False
D4LensPINN,16,253,0,e,H10_deflection,0.0,0.0,0.0,0.0,False
D4LensPINN,16,253,0,e,H11_inv_lens,0.0,0.0,0.0,0.0,False
D4LensPINN,16,253,0,e,H12_HANDOFF,0.0,0.0,0.0,0.0,False
D4LensPINN,16,253,0,e,H12b_input_proj,0.0,0.0,0.0,0.0,False
D4LensPINN,16,253,0,e,H13_eff3,0.0,0.0,0.0,0.0,False
D4LensPINN,16,253,0,e,H13b_eff4,0.0,0.0,0.0,0.0,False
D4LensPINN,16,253,0,e,H14_eff5,0.0,0.0,0.0,0.0,False
D4LensPINN,16,253,0,e,H14b_eff6,0.0,0.0,0.0,0.0,False
D4LensPINN,16,253,0,e,H15_before_gap,0.0,0.0,0.0,0.0,False
D4LensPINN,16,253,0,e,H16_after_gap,0.0,0.0,0.0,0.0,False
D4LensPINN,16,253,0,e,H17_pre_linear,0.0,0.0,0.0,0.0,False
D4LensPINN,16,253,0,r90,H00_preprocess,2.0076565742492676,1.682778239250183,-0.7220332622528076,-0.8231709599494934,False
D4LensPINN,16,253,0,r90,H01_enc1,2.0076565742492676,1.682778239250183,-0.7220332622528076,-0.8231709599494934,False
D4LensPINN,16,253,0,r90,H02_enc2,1.553354263305664,1.3196552991867065,-0.6823808550834656,-0.45362502336502075,False
D4LensPINN,16,253,0,r90,H03_enc3,0.9098184108734131,-0.8344724178314209,0.2629941999912262,0.2495182454586029,False
D4LensPINN,16,253,0,r90,H04_bot,0.9541564583778381,-0.863838791847229,0.16811123490333557,0.36869460344314575,False
D4LensPINN,16,253,0,r90,H08_kappa_out,2.0076565742492676,1.682778239250183,-0.7220332622528076,-0.8231709599494934,False
D4LensPINN,16,253,0,r90,H09_poisson,0.1986827403306961,0.13011038303375244,0.05287216603755951,-0.14053702354431152,False
D4LensPINN,16,253,0,r90,H10_deflection,0.1986827403306961,0.13011038303375244,0.05287216603755951,-0.14053702354431152,False
D4LensPINN,16,253,0,r90,H11_inv_lens,47.371089935302734,-31.47370719909668,-17.5300350189209,30.75912857055664,False
D4LensPINN,16,253,0,r90,H12_HANDOFF,0.96357661485672,0.5295270681381226,-0.704685389995575,0.38922929763793945,False
D4LensPINN,16,253,0,r90,H12b_input_proj,0.96357661485672,0.5295270681381226,-0.704685389995575,0.38922929763793945,False
D4LensPINN,16,253,0,r90,H13_eff3,0.96357661485672,0.5295270681381226,-0.704685389995575,0.38922929763793945,False
D4LensPINN,16,253,0,r90,H13b_eff4,0.96357661485672,0.5295270681381226,-0.704685389995575,0.38922929763793945,False
D4LensPINN,16,253,0,r90,H14_eff5,0.96357661485672,0.5295270681381226,-0.704685389995575,0.38922929763793945,False
D4LensPINN,16,253,0,r90,H14b_eff6,0.96357661485672,0.5295270681381226,-0.704685389995575,0.38922929763793945,False
D4LensPINN,16,253,0,r90,H15_before_gap,0.96357661485672,0.5295270681381226,-0.704685389995575,0.38922929763793945,False
D4LensPINN,16,253,0,r90,H16_after_gap,0.96357661485672,0.5295270681381226,-0.704685389995575,0.38922929763793945,False
D4LensPINN,16,253,0,r90,H17_pre_linear,0.96357661485672,0.5295270681381226,-0.704685389995575,0.38922929763793945,False
D4LensPINN,16,253,0,r180,H00_preprocess,2.019148111343384,1.6870709657669067,-0.6769096851348877,-0.8789445757865906,False
D4LensPINN,16,253,0,r180,H01_enc1,2.019148111343384,1.6870709657669067,-0.6769096851348877,-0.8789445757865906,False
D4LensPINN,16,253,0,r180,H02_enc2,1.7757148742675781,1.502132773399353,-0.653702437877655,-0.6851522326469421,False
D4LensPINN,16,253,0,r180,H03_enc3,0.590764582157135,-0.48818862438201904,-0.004702374339103699,0.3326447904109955,False
D4LensPINN,16,253,0,r180,H04_bot,0.5518870949745178,-0.4605816602706909,0.006880666129291058,0.30396801233291626,False
D4LensPINN,16,253,0,r180,H08_kappa_out,2.019148111343384,1.6870709657669067,-0.6769096851348877,-0.8789445757865906,False
D4LensPINN,16,253,0,r180,H09_poisson,0.08303482830524445,0.022182703018188477,-0.05696205794811249,0.056196391582489014,False
D4LensPINN,16,253,0,r180,H10_deflection,0.08303482830524445,0.022182703018188477,-0.05696205794811249,0.056196391582489014,False
D4LensPINN,16,253,0,r180,H11_inv_lens,5.087110996246338,-4.224335670471191,-0.49898290634155273,2.7901082038879395,False
D4LensPINN,16,253,0,r180,H12_HANDOFF,0.7220162749290466,-0.1734602451324463,0.46967756748199463,-0.5202134251594543,False
D4LensPINN,16,253,0,r180,H12b_input_proj,0.7220162749290466,-0.1734602451324463,0.46967756748199463,-0.5202134251594543,False
D4LensPINN,16,253,0,r180,H13_eff3,0.7220162749290466,-0.1734602451324463,0.46967756748199463,-0.5202134251594543,False
D4LensPINN,16,253,0,r180,H13b_eff4,0.7220162749290466,-0.1734602451324463,0.46967756748199463,-0.5202134251594543,False
D4LensPINN,16,253,0,r180,H14_eff5,0.7220162749290466,-0.1734602451324463,0.46967756748199463,-0.5202134251594543,False
D4LensPINN,16,253,0,r180,H14b_eff6,0.7220162749290466,-0.1734602451324463,0.46967756748199463,-0.5202134251594543,False
D4LensPINN,16,253,0,r180,H15_before_gap,0.7220162749290466,-0.1734602451324463,0.46967756748199463,-0.5202134251594543,False
D4LensPINN,16,253,0,r180,H16_after_gap,0.7220162749290466,-0.1734602451324463,0.46967756748199463,-0.5202134251594543,False
D4LensPINN,16,253,0,r180,H17_pre_linear,0.7220162749290466,-0.1734602451324463,0.46967756748199463,-0.5202134251594543,False
D4LensPINN,16,253,0,r270,H00_preprocess,3.184154987335205,2.485940456390381,-0.6481920480728149,-1.8811671733856201,False
D4LensPINN,16,253,0,r270,H01_enc1,3.184154987335205,2.485940456390381,-0.6481920480728149,-1.8811671733856201,False
D4LensPINN,16,253,0,r270,H02_enc2,2.880075454711914,2.2714905738830566,-0.6163011193275452,-1.6599209308624268,False
D4LensPINN,16,253,0,r270,H03_enc3,0.5179281234741211,-0.4664204716682434,0.1784205138683319,0.13735932111740112,False
D4LensPINN,16,253,0,r270,H04_bot,0.6450664401054382,-0.5806138515472412,0.147077739238739,0.2395128607749939,False
D4LensPINN,16,253,0,r270,H08_kappa_out,3.184154987335205,2.485940456390381,-0.6481920480728149,-1.8811671733856201,False
D4LensPINN,16,253,0,r270,H09_poisson,0.15997833013534546,0.07555627822875977,0.06985120475292206,-0.12249541282653809,False
D4LensPINN,16,253,0,r270,H10_deflection,0.15997833013534546,0.07555627822875977,0.06985120475292206,-0.12249541282653809,False
D4LensPINN,16,253,0,r270,H11_inv_lens,46.79601287841797,-30.90825653076172,-17.49831771850586,30.468923568725586,False
D4LensPINN,16,253,0,r270,H12_HANDOFF,0.977785050868988,0.8504489660263062,-0.41694381833076477,-0.2428126335144043,False
D4LensPINN,16,253,0,r270,H12b_input_proj,0.977785050868988,0.8504489660263062,-0.41694381833076477,-0.2428126335144043,False
D4LensPINN,16,253,0,r270,H13_eff3,0.977785050868988,0.8504489660263062,-0.41694381833076477,-0.2428126335144043,False
D4LensPINN,16,253,0,r270,H13b_eff4,0.977785050868988,0.8504489660263062,-0.41694381833076477,-0.2428126335144043,False
D4LensPINN,16,253,0,r270,H14_eff5,0.977785050868988,0.8504489660263062,-0.41694381833076477,-0.2428126335144043,False
D4LensPINN,16,253,0,r270,H14b_eff6,0.977785050868988,0.8504489660263062,-0.41694381833076477,-0.2428126335144043,False
D4LensPINN,16,253,0,r270,H15_before_gap,0.977785050868988,0.8504489660263062,-0.41694381833076477,-0.2428126335144043,False
D4LensPINN,16,253,0,r270,H16_after_gap,0.977785050868988,0.8504489660263062,-0.41694381833076477,-0.2428126335144043,False
D4LensPINN,16,253,0,r270,H17_pre_linear,0.977785050868988,0.8504489660263062,-0.41694381833076477,-0.2428126335144043,False
D4LensPINN,16,253,0,flip_h,H00_preprocess,1.5659611225128174,1.337823748588562,-0.5568354725837708,-0.5936296582221985,False
D4LensPINN,16,253,0,flip_h,H01_enc1,1.5659611225128174,1.337823748588562,-0.5568354725837708,-0.5936296582221985,False
D4LensPINN,16,253,0,flip_h,H02_enc2,1.4838757514953613,1.2714589834213257,-0.5336523056030273,-0.5481739640235901,False
D4LensPINN,16,253,0,flip_h,H03_enc3,0.1142144575715065,-0.10093367099761963,0.0036396970972418785,0.05333000421524048,False
D4LensPINN,16,253,0,flip_h,H04_bot,0.0920264720916748,-0.08298206329345703,0.006742450408637524,0.03920954465866089,False
D4LensPINN,16,253,0,flip_h,H08_kappa_out,1.5659611225128174,1.337823748588562,-0.5568354725837708,-0.5936296582221985,False
D4LensPINN,16,253,0,flip_h,H09_poisson,0.2180950939655304,-0.1939777135848999,0.05343127250671387,0.08416181802749634,False
D4LensPINN,16,253,0,flip_h,H10_deflection,0.2180950939655304,-0.1939777135848999,0.05343127250671387,0.08416181802749634,False
D4LensPINN,16,253,0,flip_h,H11_inv_lens,4.5982537269592285,-4.141896724700928,0.29481613636016846,1.9752752780914307,False
D4LensPINN,16,253,0,flip_h,H12_HANDOFF,2.3264424800872803,-0.8030779361724854,-1.2465837001800537,1.7926042079925537,False
D4LensPINN,16,253,0,flip_h,H12b_input_proj,2.3264424800872803,-0.8030779361724854,-1.2465837001800537,1.7926042079925537,False
D4LensPINN,16,253,0,flip_h,H13_eff3,2.3264424800872803,-0.8030779361724854,-1.2465837001800537,1.7926042079925537,False
D4LensPINN,16,253,0,flip_h,H13b_eff4,2.3264424800872803,-0.8030779361724854,-1.2465837001800537,1.7926042079925537,False
D4LensPINN,16,253,0,flip_h,H14_eff5,2.3264424800872803,-0.8030779361724854,-1.2465837001800537,1.7926042079925537,False
D4LensPINN,16,253,0,flip_h,H14b_eff6,2.3264424800872803,-0.8030779361724854,-1.2465837001800537,1.7926042079925537,False
D4LensPINN,16,253,0,flip_h,H15_before_gap,2.3264424800872803,-0.8030779361724854,-1.2465837001800537,1.7926042079925537,False
D4LensPINN,16,253,0,flip_h,H16_after_gap,2.3264424800872803,-0.8030779361724854,-1.2465837001800537,1.7926042079925537,False
D4LensPINN,16,253,0,flip_h,H17_pre_linear,2.3264424800872803,-0.8030779361724854,-1.2465837001800537,1.7926042079925537,False
D4LensPINN,16,253,0,flip_h_r90,H00_preprocess,3.3103713989257812,2.592465400695801,-0.7508825063705444,-1.9167306423187256,False
D4LensPINN,16,253,0,flip_h_r90,H01_enc1,3.3103713989257812,2.592465400695801,-0.7508825063705444,-1.9167306423187256,False
D4LensPINN,16,253,0,flip_h_r90,H02_enc2,2.667198657989502,2.136441707611084,-0.6265923380851746,-1.4686551094055176,False
D4LensPINN,16,253,0,flip_h_r90,H03_enc3,1.2976690530776978,-1.192672610282898,0.3179413974285126,0.40048742294311523,False
D4LensPINN,16,253,0,flip_h_r90,H04_bot,1.1718016862869263,-1.0600804090499878,0.20244354009628296,0.4564703702926636,False
D4LensPINN,16,253,0,flip_h_r90,H08_kappa_out,3.3103713989257812,2.592465400695801,-0.7508825063705444,-1.9167306423187256,False
D4LensPINN,16,253,0,flip_h_r90,H09_poisson,0.19006909430027008,0.09979796409606934,0.06906995177268982,-0.14627361297607422,False
D4LensPINN,16,253,0,flip_h_r90,H10_deflection,0.19006909430027008,0.09979796409606934,0.06906995177268982,-0.14627361297607422,False
D4LensPINN,16,253,0,flip_h_r90,H11_inv_lens,38.91923522949219,-25.674592971801758,-14.477703094482422,25.414920806884766,False
D4LensPINN,16,253,0,flip_h_r90,H12_HANDOFF,1.583638072013855,1.3528941869735718,-0.48257648944854736,-0.6668635010719299,False
D4LensPINN,16,253,0,flip_h_r90,H12b_input_proj,1.583638072013855,1.3528941869735718,-0.48257648944854736,-0.6668635010719299,False
D4LensPINN,16,253,0,flip_h_r90,H13_eff3,1.583638072013855,1.3528941869735718,-0.48257648944854736,-0.6668635010719299,False
D4LensPINN,16,253,0,flip_h_r90,H13b_eff4,1.583638072013855,1.3528941869735718,-0.48257648944854736,-0.6668635010719299,False
D4LensPINN,16,253,0,flip_h_r90,H14_eff5,1.583638072013855,1.3528941869735718,-0.48257648944854736,-0.6668635010719299,False
D4LensPINN,16,253,0,flip_h_r90,H14b_eff6,1.583638072013855,1.3528941869735718,-0.48257648944854736,-0.6668635010719299,False
D4LensPINN,16,253,0,flip_h_r90,H15_before_gap,1.583638072013855,1.3528941869735718,-0.48257648944854736,-0.6668635010719299,False
D4LensPINN,16,253,0,flip_h_r90,H16_after_gap,1.583638072013855,1.3528941869735718,-0.48257648944854736,-0.6668635010719299,False
D4LensPINN,16,253,0,flip_h_r90,H17_pre_linear,1.583638072013855,1.3528941869735718,-0.48257648944854736,-0.6668635010719299,False
D4LensPINN,16,253,0,flip_h_r180,H00_preprocess,2.5426888465881348,2.068276882171631,-0.7349979281425476,-1.2834620475769043,False
D4LensPINN,16,253,0,flip_h_r180,H01_enc1,2.5426888465881348,2.068276882171631,-0.7349979281425476,-1.2834620475769043,False
D4LensPINN,16,253,0,flip_h_r180,H02_enc2,2.4627251625061035,2.0156240463256836,-0.7585594654083252,-1.1945135593414307,False
D4LensPINN,16,253,0,flip_h_r180,H03_enc3,0.2586064338684082,0.22205471992492676,-0.023127704858779907,-0.1305147409439087,False
D4LensPINN,16,253,0,flip_h_r180,H04_bot,0.25016745924949646,0.21145153045654297,-0.016352590173482895,-0.13268232345581055,False
D4LensPINN,16,253,0,flip_h_r180,H08_kappa_out,2.5426888465881348,2.068276882171631,-0.7349979281425476,-1.2834620475769043,False
D4LensPINN,16,253,0,flip_h_r180,H09_poisson,0.21432740986347198,0.18977093696594238,-0.03893066197633743,-0.09169316291809082,False
D4LensPINN,16,253,0,flip_h_r180,H10_deflection,0.21432740986347198,0.18977093696594238,-0.03893066197633743,-0.09169316291809082,False
D4LensPINN,16,253,0,flip_h_r180,H11_inv_lens,5.400613307952881,-5.039064407348633,1.7301527261734009,0.8837577104568481,False
D4LensPINN,16,253,0,flip_h_r180,H12_HANDOFF,1.7554736137390137,1.33047354221344,-0.07191260904073715,-1.1429593563079834,False
D4LensPINN,16,253,0,flip_h_r180,H12b_input_proj,1.7554736137390137,1.33047354221344,-0.07191260904073715,-1.1429593563079834,False
D4LensPINN,16,253,0,flip_h_r180,H13_eff3,1.7554736137390137,1.33047354221344,-0.07191260904073715,-1.1429593563079834,False
D4LensPINN,16,253,0,flip_h_r180,H13b_eff4,1.7554736137390137,1.33047354221344,-0.07191260904073715,-1.1429593563079834,False
D4LensPINN,16,253,0,flip_h_r180,H14_eff5,1.7554736137390137,1.33047354221344,-0.07191260904073715,-1.1429593563079834,False
D4LensPINN,16,253,0,flip_h_r180,H14b_eff6,1.7554736137390137,1.33047354221344,-0.07191260904073715,-1.1429593563079834,False
D4LensPINN,16,253,0,flip_h_r180,H15_before_gap,1.7554736137390137,1.33047354221344,-0.07191260904073715,-1.1429593563079834,False
D4LensPINN,16,253,0,flip_h_r180,H16_after_gap,1.7554736137390137,1.33047354221344,-0.07191260904073715,-1.1429593563079834,False
D4LensPINN,16,253,0,flip_h_r180,H17_pre_linear,1.7554736137390137,1.33047354221344,-0.07191260904073715,-1.1429593563079834,False
D4LensPINN,16,253,0,flip_h_r270,H00_preprocess,2.0583109855651855,1.6901530027389526,-0.5227223038673401,-1.0520401000976562,False
D4LensPINN,16,253,0,flip_h_r270,H01_enc1,2.0583109855651855,1.6901530027389526,-0.5227223038673401,-1.0520401000976562,False
D4LensPINN,16,253,0,flip_h_r270,H02_enc2,1.5811786651611328,1.3082252740859985,-0.3693493902683258,-0.8076222538948059,False
D4LensPINN,16,253,0,flip_h_r270,H03_enc3,1.8759374618530273,-1.7242941856384277,0.33849626779556274,0.6567886471748352,False
D4LensPINN,16,253,0,flip_h_r270,H04_bot,1.1719672679901123,-1.0438507795333862,0.13571465015411377,0.5152323246002197,False
D4LensPINN,16,253,0,flip_h_r270,H08_kappa_out,2.0583109855651855,1.6901530027389526,-0.5227223038673401,-1.0520401000976562,False
D4LensPINN,16,253,0,flip_h_r270,H09_poisson,0.21870830655097961,-0.16191160678863525,0.14261993765830994,-0.035742223262786865,False
D4LensPINN,16,253,0,flip_h_r270,H10_deflection,0.21870830655097961,-0.16191160678863525,0.14261993765830994,-0.035742223262786865,False
D4LensPINN,16,253,0,flip_h_r270,H11_inv_lens,49.59492874145508,-32.83422088623047,-18.41648292541504,32.28628158569336,False
D4LensPINN,16,253,0,flip_h_r270,H12_HANDOFF,0.36110928654670715,0.23503947257995605,-0.2687290906906128,0.054231345653533936,False
D4LensPINN,16,253,0,flip_h_r270,H12b_input_proj,0.36110928654670715,0.23503947257995605,-0.2687290906906128,0.054231345653533936,False
D4LensPINN,16,253,0,flip_h_r270,H13_eff3,0.36110928654670715,0.23503947257995605,-0.2687290906906128,0.054231345653533936,False
D4LensPINN,16,253,0,flip_h_r270,H13b_eff4,0.36110928654670715,0.23503947257995605,-0.2687290906906128,0.054231345653533936,False
D4LensPINN,16,253,0,flip_h_r270,H14_eff5,0.36110928654670715,0.23503947257995605,-0.2687290906906128,0.054231345653533936,False
D4LensPINN,16,253,0,flip_h_r270,H14b_eff6,0.36110928654670715,0.23503947257995605,-0.2687290906906128,0.054231345653533936,False
D4LensPINN,16,253,0,flip_h_r270,H15_before_gap,0.36110928654670715,0.23503947257995605,-0.2687290906906128,0.054231345653533936,False
D4LensPINN,16,253,0,flip_h_r270,H16_after_gap,0.36110928654670715,0.23503947257995605,-0.2687290906906128,0.054231345653533936,False
D4LensPINN,16,253,0,flip_h_r270,H17_pre_linear,0.36110928654670715,0.23503947257995605,-0.2687290906906128,0.054231345653533936,False
D4LensPINN,17,262,1,e,H00_preprocess,0.0,0.0,0.0,0.0,False
D4LensPINN,17,262,1,e,H01_enc1,0.0,0.0,0.0,0.0,False
D4LensPINN,17,262,1,e,H02_enc2,0.0,0.0,0.0,0.0,False
D4LensPINN,17,262,1,e,H03_enc3,0.0,0.0,0.0,0.0,False
D4LensPINN,17,262,1,e,H04_bot,0.0,0.0,0.0,0.0,False
D4LensPINN,17,262,1,e,H08_kappa_out,0.0,0.0,0.0,0.0,False
D4LensPINN,17,262,1,e,H09_poisson,0.0,0.0,0.0,0.0,False
D4LensPINN,17,262,1,e,H10_deflection,0.0,0.0,0.0,0.0,False
D4LensPINN,17,262,1,e,H11_inv_lens,0.0,0.0,0.0,0.0,False
D4LensPINN,17,262,1,e,H12_HANDOFF,0.0,0.0,0.0,0.0,False
D4LensPINN,17,262,1,e,H12b_input_proj,0.0,0.0,0.0,0.0,False
D4LensPINN,17,262,1,e,H13_eff3,0.0,0.0,0.0,0.0,False
D4LensPINN,17,262,1,e,H13b_eff4,0.0,0.0,0.0,0.0,False
D4LensPINN,17,262,1,e,H14_eff5,0.0,0.0,0.0,0.0,False
D4LensPINN,17,262,1,e,H14b_eff6,0.0,0.0,0.0,0.0,False
D4LensPINN,17,262,1,e,H15_before_gap,0.0,0.0,0.0,0.0,False
D4LensPINN,17,262,1,e,H16_after_gap,0.0,0.0,0.0,0.0,False
D4LensPINN,17,262,1,e,H17_pre_linear,0.0,0.0,0.0,0.0,False
D4LensPINN,17,262,1,r90,H00_preprocess,5.8421807289123535,4.9564409255981445,-3.0912837982177734,-0.09345006942749023,False
D4LensPINN,17,262,1,r90,H01_enc1,5.8421807289123535,4.9564409255981445,-3.0912837982177734,-0.09345006942749023,False
D4LensPINN,17,262,1,r90,H02_enc2,6.186269283294678,5.145877838134766,-3.433547019958496,0.024997711181640625,False
D4LensPINN,17,262,1,r90,H03_enc3,1.2736225128173828,0.37474632263183594,-0.9296107292175293,0.7858139276504517,False
D4LensPINN,17,262,1,r90,H04_bot,0.7409814596176147,-0.08923161029815674,-0.47662973403930664,0.56028151512146,False
D4LensPINN,17,262,1,r90,H08_kappa_out,5.8421807289123535,4.9564409255981445,-3.0912837982177734,-0.09345006942749023,False
D4LensPINN,17,262,1,r90,H09_poisson,0.16313520073890686,0.0512770414352417,0.08994770050048828,-0.126068115234375,False
D4LensPINN,17,262,1,r90,H10_deflection,0.16313520073890686,0.0512770414352417,0.08994770050048828,-0.126068115234375,False
D4LensPINN,17,262,1,r90,H11_inv_lens,31.317180633544922,-18.007665634155273,-13.856769561767578,21.55179214477539,False
D4LensPINN,17,262,1,r90,H12_HANDOFF,3.947646379470825,1.0621907711029053,-2.8770523071289062,2.485605239868164,False
D4LensPINN,17,262,1,r90,H12b_input_proj,3.947646379470825,1.0621907711029053,-2.8770523071289062,2.485605239868164,False
D4LensPINN,17,262,1,r90,H13_eff3,3.947646379470825,1.0621907711029053,-2.8770523071289062,2.485605239868164,False
D4LensPINN,17,262,1,r90,H13b_eff4,3.947646379470825,1.0621907711029053,-2.8770523071289062,2.485605239868164,False
D4LensPINN,17,262,1,r90,H14_eff5,3.947646379470825,1.0621907711029053,-2.8770523071289062,2.485605239868164,False
D4LensPINN,17,262,1,r90,H14b_eff6,3.947646379470825,1.0621907711029053,-2.8770523071289062,2.485605239868164,False
D4LensPINN,17,262,1,r90,H15_before_gap,3.947646379470825,1.0621907711029053,-2.8770523071289062,2.485605239868164,False
D4LensPINN,17,262,1,r90,H16_after_gap,3.947646379470825,1.0621907711029053,-2.8770523071289062,2.485605239868164,False
D4LensPINN,17,262,1,r90,H17_pre_linear,3.947646379470825,1.0621907711029053,-2.8770523071289062,2.485605239868164,False
D4LensPINN,17,262,1,r180,H00_preprocess,2.2783899307250977,1.9099128246307373,-1.2128163576126099,0.2690166234970093,False
D4LensPINN,17,262,1,r180,H01_enc1,2.2783899307250977,1.9099128246307373,-1.2128163576126099,0.2690166234970093,False
D4LensPINN,17,262,1,r180,H02_enc2,3.6892495155334473,3.13515043258667,-1.918832540512085,0.31539809703826904,False
D4LensPINN,17,262,1,r180,H03_enc3,3.5923540592193604,0.9319838285446167,-2.614095449447632,2.2809908390045166,False
D4LensPINN,17,262,1,r180,H04_bot,3.1126296520233154,1.2795945405960083,-2.2642338275909424,1.7100719213485718,False
D4LensPINN,17,262,1,r180,H08_kappa_out,2.2783899307250977,1.9099128246307373,-1.2128163576126099,0.2690166234970093,False
D4LensPINN,17,262,1,r180,H09_poisson,0.20237091183662415,0.03119981288909912,-0.138505220413208,0.14421117305755615,False
D4LensPINN,17,262,1,r180,H10_deflection,0.20237091183662415,0.03119981288909912,-0.138505220413208,0.14421117305755615,False
D4LensPINN,17,262,1,r180,H11_inv_lens,8.668495178222656,-2.1121304035186768,-5.239561557769775,6.574854850769043,False
D4LensPINN,17,262,1,r180,H12_HANDOFF,1.3452237844467163,-0.10638153553009033,-0.7939352989196777,1.0807297229766846,False
D4LensPINN,17,262,1,r180,H12b_input_proj,1.3452237844467163,-0.10638153553009033,-0.7939352989196777,1.0807297229766846,False
D4LensPINN,17,262,1,r180,H13_eff3,1.3452237844467163,-0.10638153553009033,-0.7939352989196777,1.0807297229766846,False
D4LensPINN,17,262,1,r180,H13b_eff4,1.3452237844467163,-0.10638153553009033,-0.7939352989196777,1.0807297229766846,False
D4LensPINN,17,262,1,r180,H14_eff5,1.3452237844467163,-0.10638153553009033,-0.7939352989196777,1.0807297229766846,False
D4LensPINN,17,262,1,r180,H14b_eff6,1.3452237844467163,-0.10638153553009033,-0.7939352989196777,1.0807297229766846,False
D4LensPINN,17,262,1,r180,H15_before_gap,1.3452237844467163,-0.10638153553009033,-0.7939352989196777,1.0807297229766846,False
D4LensPINN,17,262,1,r180,H16_after_gap,1.3452237844467163,-0.10638153553009033,-0.7939352989196777,1.0807297229766846,False
D4LensPINN,17,262,1,r180,H17_pre_linear,1.3452237844467163,-0.10638153553009033,-0.7939352989196777,1.0807297229766846,False
D4LensPINN,17,262,1,r270,H00_preprocess,5.958138942718506,5.1562957763671875,-2.940582752227783,-0.5147874355316162,False
D4LensPINN,17,262,1,r270,H01_enc1,5.958138942718506,5.1562957763671875,-2.940582752227783,-0.5147874355316162,False
D4LensPINN,17,262,1,r270,H02_enc2,6.008750915527344,5.159520626068115,-3.0534071922302246,-0.4014248847961426,False
D4LensPINN,17,262,1,r270,H03_enc3,2.6144235134124756,1.7544572353363037,-1.6768920421600342,0.9721745252609253,False
D4LensPINN,17,262,1,r270,H04_bot,1.921712875366211,1.1931331157684326,-1.277009129524231,0.7991628646850586,False
D4LensPINN,17,262,1,r270,H08_kappa_out,5.958138942718506,5.1562957763671875,-2.940582752227783,-0.5147874355316162,False
D4LensPINN,17,262,1,r270,H09_poisson,0.4407089054584503,-0.37165510654449463,0.234466552734375,0.033499717712402344,False
D4LensPINN,17,262,1,r270,H10_deflection,0.4407089054584503,-0.37165510654449463,0.234466552734375,0.033499717712402344,False
D4LensPINN,17,262,1,r270,H11_inv_lens,21.155715942382812,-10.242425918579102,-10.707743644714355,15.099709510803223,False
D4LensPINN,17,262,1,r270,H12_HANDOFF,1.7436466217041016,0.6428316831588745,-1.171135663986206,1.1204965114593506,False
D4LensPINN,17,262,1,r270,H12b_input_proj,1.7436466217041016,0.6428316831588745,-1.171135663986206,1.1204965114593506,False
D4LensPINN,17,262,1,r270,H13_eff3,1.7436466217041016,0.6428316831588745,-1.171135663986206,1.1204965114593506,False
D4LensPINN,17,262,1,r270,H13b_eff4,1.7436466217041016,0.6428316831588745,-1.171135663986206,1.1204965114593506,False
D4LensPINN,17,262,1,r270,H14_eff5,1.7436466217041016,0.6428316831588745,-1.171135663986206,1.1204965114593506,False
D4LensPINN,17,262,1,r270,H14b_eff6,1.7436466217041016,0.6428316831588745,-1.171135663986206,1.1204965114593506,False
D4LensPINN,17,262,1,r270,H15_before_gap,1.7436466217041016,0.6428316831588745,-1.171135663986206,1.1204965114593506,False
D4LensPINN,17,262,1,r270,H16_after_gap,1.7436466217041016,0.6428316831588745,-1.171135663986206,1.1204965114593506,False
D4LensPINN,17,262,1,r270,H17_pre_linear,1.7436466217041016,0.6428316831588745,-1.171135663986206,1.1204965114593506,False
D4LensPINN,17,262,1,flip_h,H00_preprocess,3.925513744354248,3.1396255493164062,-2.2444684505462646,0.7174749374389648,False
D4LensPINN,17,262,1,flip_h,H01_enc1,3.925513744354248,3.1396255493164062,-2.2444684505462646,0.7174749374389648,False
D4LensPINN,17,262,1,flip_h,H02_enc2,4.857599258422852,4.0560503005981445,-2.645583152770996,0.38160085678100586,False
D4LensPINN,17,262,1,flip_h,H03_enc3,3.171375036239624,0.9554659724235535,-2.2989399433135986,1.9645811319351196,False
D4LensPINN,17,262,1,flip_h,H04_bot,2.813241958618164,0.9211577773094177,-2.053936243057251,1.6873483657836914,False
D4LensPINN,17,262,1,flip_h,H08_kappa_out,3.925513744354248,3.1396255493164062,-2.2444684505462646,0.7174749374389648,False
D4LensPINN,17,262,1,flip_h,H09_poisson,0.32766932249069214,0.2730982303619385,-0.17078661918640137,0.060137152671813965,False
D4LensPINN,17,262,1,flip_h,H10_deflection,0.32766932249069214,0.2730982303619385,-0.17078661918640137,0.060137152671813965,False
D4LensPINN,17,262,1,flip_h,H11_inv_lens,7.924104690551758,-1.5085694789886475,-5.001363277435303,5.958356857299805,False
D4LensPINN,17,262,1,flip_h,H12_HANDOFF,4.184833526611328,3.1881799697875977,-2.500058650970459,1.0478768348693848,False
D4LensPINN,17,262,1,flip_h,H12b_input_proj,4.184833526611328,3.1881799697875977,-2.500058650970459,1.0478768348693848,False
D4LensPINN,17,262,1,flip_h,H13_eff3,4.184833526611328,3.1881799697875977,-2.500058650970459,1.0478768348693848,False
D4LensPINN,17,262,1,flip_h,H13b_eff4,4.184833526611328,3.1881799697875977,-2.500058650970459,1.0478768348693848,False
D4LensPINN,17,262,1,flip_h,H14_eff5,4.184833526611328,3.1881799697875977,-2.500058650970459,1.0478768348693848,False
D4LensPINN,17,262,1,flip_h,H14b_eff6,4.184833526611328,3.1881799697875977,-2.500058650970459,1.0478768348693848,False
D4LensPINN,17,262,1,flip_h,H15_before_gap,4.184833526611328,3.1881799697875977,-2.500058650970459,1.0478768348693848,False
D4LensPINN,17,262,1,flip_h,H16_after_gap,4.184833526611328,3.1881799697875977,-2.500058650970459,1.0478768348693848,False
D4LensPINN,17,262,1,flip_h,H17_pre_linear,4.184833526611328,3.1881799697875977,-2.500058650970459,1.0478768348693848,False
D4LensPINN,17,262,1,flip_h_r90,H00_preprocess,3.060488224029541,2.563162326812744,-1.6402363777160645,0.3262084722518921,False
D4LensPINN,17,262,1,flip_h_r90,H01_enc1,3.060488224029541,2.563162326812744,-1.6402363777160645,0.3262084722518921,False
D4LensPINN,17,262,1,flip_h_r90,H02_enc2,2.662351608276367,2.1549458503723145,-1.5025873184204102,0.4319213628768921,False
D4LensPINN,17,262,1,flip_h_r90,H03_enc3,2.4710700511932373,0.967843770980835,-1.7496838569641113,1.4519202709197998,False
D4LensPINN,17,262,1,flip_h_r90,H04_bot,2.034702777862549,0.8992172479629517,-1.4467328786849976,1.1128284931182861,False
D4LensPINN,17,262,1,flip_h_r90,H08_kappa_out,3.060488224029541,2.563162326812744,-1.6402363777160645,0.3262084722518921,False
D4LensPINN,17,262,1,flip_h_r90,H09_poisson,0.8286019563674927,-0.7467765808105469,0.1137545108795166,0.34053754806518555,False
D4LensPINN,17,262,1,flip_h_r90,H10_deflection,0.8286019563674927,-0.7467765808105469,0.1137545108795166,0.34053754806518555,False
D4LensPINN,17,262,1,flip_h_r90,H11_inv_lens,24.919496536254883,-12.702543258666992,-12.092360496520996,17.70315170288086,False
D4LensPINN,17,262,1,flip_h_r90,H12_HANDOFF,3.7853567600250244,1.7149333953857422,-2.5807833671569824,2.174278497695923,False
D4LensPINN,17,262,1,flip_h_r90,H12b_input_proj,3.7853567600250244,1.7149333953857422,-2.5807833671569824,2.174278497695923,False
D4LensPINN,17,262,1,flip_h_r90,H13_eff3,3.7853567600250244,1.7149333953857422,-2.5807833671569824,2.174278497695923,False
D4LensPINN,17,262,1,flip_h_r90,H13b_eff4,3.7853567600250244,1.7149333953857422,-2.5807833671569824,2.174278497695923,False
D4LensPINN,17,262,1,flip_h_r90,H14_eff5,3.7853567600250244,1.7149333953857422,-2.5807833671569824,2.174278497695923,False
D4LensPINN,17,262,1,flip_h_r90,H14b_eff6,3.7853567600250244,1.7149333953857422,-2.5807833671569824,2.174278497695923,False
D4LensPINN,17,262,1,flip_h_r90,H15_before_gap,3.7853567600250244,1.7149333953857422,-2.5807833671569824,2.174278497695923,False
D4LensPINN,17,262,1,flip_h_r90,H16_after_gap,3.7853567600250244,1.7149333953857422,-2.5807833671569824,2.174278497695923,False
D4LensPINN,17,262,1,flip_h_r90,H17_pre_linear,3.7853567600250244,1.7149333953857422,-2.5807833671569824,2.174278497695923,False
D4LensPINN,17,262,1,flip_h_r180,H00_preprocess,5.883209705352783,5.021490097045898,-3.054013252258301,-0.26419544219970703,False
D4LensPINN,17,262,1,flip_h_r180,H01_enc1,5.883209705352783,5.021490097045898,-3.054013252258301,-0.26419544219970703,False
D4LensPINN,17,262,1,flip_h_r180,H02_enc2,5.8291707038879395,4.9311418533325195,-3.1063082218170166,-0.11800193786621094,False
D4LensPINN,17,262,1,flip_h_r180,H03_enc3,0.7598274350166321,-0.3429832458496094,0.5867583751678467,-0.33972764015197754,False
D4LensPINN,17,262,1,flip_h_r180,H04_bot,1.4444866180419922,-0.8993856906890869,1.0110907554626465,-0.5053143501281738,False
D4LensPINN,17,262,1,flip_h_r180,H08_kappa_out,5.883209705352783,5.021490097045898,-3.054013252258301,-0.26419544219970703,False
D4LensPINN,17,262,1,flip_h_r180,H09_poisson,0.10990700870752335,-0.01717972755432129,0.092010498046875,-0.05760622024536133,False
D4LensPINN,17,262,1,flip_h_r180,H10_deflection,0.10990700870752335,-0.01717972755432129,0.092010498046875,-0.05760622024536133,False
D4LensPINN,17,262,1,flip_h_r180,H11_inv_lens,5.31890344619751,1.679058313369751,-3.751284122467041,3.3762941360473633,False
D4LensPINN,17,262,1,flip_h_r180,H12_HANDOFF,1.3494826555252075,1.0366675853729248,-0.7213163375854492,0.47552764415740967,False
D4LensPINN,17,262,1,flip_h_r180,H12b_input_proj,1.3494826555252075,1.0366675853729248,-0.7213163375854492,0.47552764415740967,False
D4LensPINN,17,262,1,flip_h_r180,H13_eff3,1.3494826555252075,1.0366675853729248,-0.7213163375854492,0.47552764415740967,False
D4LensPINN,17,262,1,flip_h_r180,H13b_eff4,1.3494826555252075,1.0366675853729248,-0.7213163375854492,0.47552764415740967,False
D4LensPINN,17,262,1,flip_h_r180,H14_eff5,1.3494826555252075,1.0366675853729248,-0.7213163375854492,0.47552764415740967,False
D4LensPINN,17,262,1,flip_h_r180,H14b_eff6,1.3494826555252075,1.0366675853729248,-0.7213163375854492,0.47552764415740967,False
D4LensPINN,17,262,1,flip_h_r180,H15_before_gap,1.3494826555252075,1.0366675853729248,-0.7213163375854492,0.47552764415740967,False
D4LensPINN,17,262,1,flip_h_r180,H16_after_gap,1.3494826555252075,1.0366675853729248,-0.7213163375854492,0.47552764415740967,False
D4LensPINN,17,262,1,flip_h_r180,H17_pre_linear,1.3494826555252075,1.0366675853729248,-0.7213163375854492,0.47552764415740967,False
D4LensPINN,17,262,1,flip_h_r270,H00_preprocess,5.594690799713135,4.843891143798828,-2.78139591217041,-0.3179926872253418,False
D4LensPINN,17,262,1,flip_h_r270,H01_enc1,5.594690799713135,4.843891143798828,-2.78139591217041,-0.3179926872253418,False
D4LensPINN,17,262,1,flip_h_r270,H02_enc2,5.661405563354492,4.832826614379883,-2.9458022117614746,-0.13248038291931152,False
D4LensPINN,17,262,1,flip_h_r270,H03_enc3,0.6731901168823242,-0.27826380729675293,-0.29555487632751465,0.5370302200317383,False
D4LensPINN,17,262,1,flip_h_r270,H04_bot,0.6066334247589111,-0.4888235330581665,-0.052590370178222656,0.35537290573120117,False
D4LensPINN,17,262,1,flip_h_r270,H08_kappa_out,5.594690799713135,4.843891143798828,-2.78139591217041,-0.3179926872253418,False
D4LensPINN,17,262,1,flip_h_r270,H09_poisson,0.2946006655693054,-0.11792349815368652,0.22019386291503906,-0.15619945526123047,False
D4LensPINN,17,262,1,flip_h_r270,H10_deflection,0.2946006655693054,-0.11792349815368652,0.22019386291503906,-0.15619945526123047,False
D4LensPINN,17,262,1,flip_h_r270,H11_inv_lens,14.450547218322754,-6.094593048095703,-7.648670673370361,10.638236999511719,False
D4LensPINN,17,262,1,flip_h_r270,H12_HANDOFF,3.4282467365264893,-0.17206692695617676,-2.339092254638672,2.500383138656616,False
D4LensPINN,17,262,1,flip_h_r270,H12b_input_proj,3.4282467365264893,-0.17206692695617676,-2.339092254638672,2.500383138656616,False
D4LensPINN,17,262,1,flip_h_r270,H13_eff3,3.4282467365264893,-0.17206692695617676,-2.339092254638672,2.500383138656616,False
D4LensPINN,17,262,1,flip_h_r270,H13b_eff4,3.4282467365264893,-0.17206692695617676,-2.339092254638672,2.500383138656616,False
D4LensPINN,17,262,1,flip_h_r270,H14_eff5,3.4282467365264893,-0.17206692695617676,-2.339092254638672,2.500383138656616,False
D4LensPINN,17,262,1,flip_h_r270,H14b_eff6,3.4282467365264893,-0.17206692695617676,-2.339092254638672,2.500383138656616,False
D4LensPINN,17,262,1,flip_h_r270,H15_before_gap,3.4282467365264893,-0.17206692695617676,-2.339092254638672,2.500383138656616,False
D4LensPINN,17,262,1,flip_h_r270,H16_after_gap,3.4282467365264893,-0.17206692695617676,-2.339092254638672,2.500383138656616,False
D4LensPINN,17,262,1,flip_h_r270,H17_pre_linear,3.4282467365264893,-0.17206692695617676,-2.339092254638672,2.500383138656616,False
D4LensPINN,18,271,0,e,H00_preprocess,0.0,0.0,0.0,0.0,False
D4LensPINN,18,271,0,e,H01_enc1,0.0,0.0,0.0,0.0,False
D4LensPINN,18,271,0,e,H02_enc2,0.0,0.0,0.0,0.0,False
D4LensPINN,18,271,0,e,H03_enc3,0.0,0.0,0.0,0.0,False
D4LensPINN,18,271,0,e,H04_bot,0.0,0.0,0.0,0.0,False
D4LensPINN,18,271,0,e,H08_kappa_out,0.0,0.0,0.0,0.0,False
D4LensPINN,18,271,0,e,H09_poisson,0.0,0.0,0.0,0.0,False
D4LensPINN,18,271,0,e,H10_deflection,0.0,0.0,0.0,0.0,False
D4LensPINN,18,271,0,e,H11_inv_lens,0.0,0.0,0.0,0.0,False
D4LensPINN,18,271,0,e,H12_HANDOFF,0.0,0.0,0.0,0.0,False
D4LensPINN,18,271,0,e,H12b_input_proj,0.0,0.0,0.0,0.0,False
D4LensPINN,18,271,0,e,H13_eff3,0.0,0.0,0.0,0.0,False
D4LensPINN,18,271,0,e,H13b_eff4,0.0,0.0,0.0,0.0,False
D4LensPINN,18,271,0,e,H14_eff5,0.0,0.0,0.0,0.0,False
D4LensPINN,18,271,0,e,H14b_eff6,0.0,0.0,0.0,0.0,False
D4LensPINN,18,271,0,e,H15_before_gap,0.0,0.0,0.0,0.0,False
D4LensPINN,18,271,0,e,H16_after_gap,0.0,0.0,0.0,0.0,False
D4LensPINN,18,271,0,e,H17_pre_linear,0.0,0.0,0.0,0.0,False
D4LensPINN,18,271,0,r90,H00_preprocess,7.26535701751709,-6.804201126098633,0.8373064398765564,2.405655860900879,False
D4LensPINN,18,271,0,r90,H01_enc1,7.26535701751709,-6.804201126098633,0.8373064398765564,2.405655860900879,False
D4LensPINN,18,271,0,r90,H02_enc2,6.713965892791748,-6.203335762023926,0.390919953584671,2.5383360385894775,False
D4LensPINN,18,271,0,r90,H03_enc3,4.455498695373535,-3.6569035053253174,-0.5669825673103333,2.4813413619995117,False
D4LensPINN,18,271,0,r90,H04_bot,4.441459655761719,-3.6590802669525146,-0.5495428442955017,2.456766128540039,False
D4LensPINN,18,271,0,r90,H08_kappa_out,7.26535701751709,-6.804201126098633,0.8373064398765564,2.405655860900879,False
D4LensPINN,18,271,0,r90,H09_poisson,0.1375923603773117,-0.12313330173492432,0.014265775680541992,0.0597187876701355,False
D4LensPINN,18,271,0,r90,H10_deflection,0.1375923603773117,-0.12313330173492432,0.014265775680541992,0.0597187876701355,False
D4LensPINN,18,271,0,r90,H11_inv_lens,7.326527118682861,-4.973388671875,-2.1956300735473633,4.911478042602539,False
D4LensPINN,18,271,0,r90,H12_HANDOFF,5.167308807373047,-4.10134744644165,-0.8849586248397827,3.0161030292510986,False
D4LensPINN,18,271,0,r90,H12b_input_proj,5.167308807373047,-4.10134744644165,-0.8849586248397827,3.0161030292510986,False
D4LensPINN,18,271,0,r90,H13_eff3,5.167308807373047,-4.10134744644165,-0.8849586248397827,3.0161030292510986,False
D4LensPINN,18,271,0,r90,H13b_eff4,5.167308807373047,-4.10134744644165,-0.8849586248397827,3.0161030292510986,False
D4LensPINN,18,271,0,r90,H14_eff5,5.167308807373047,-4.10134744644165,-0.8849586248397827,3.0161030292510986,False
D4LensPINN,18,271,0,r90,H14b_eff6,5.167308807373047,-4.10134744644165,-0.8849586248397827,3.0161030292510986,False
D4LensPINN,18,271,0,r90,H15_before_gap,5.167308807373047,-4.10134744644165,-0.8849586248397827,3.0161030292510986,False
D4LensPINN,18,271,0,r90,H16_after_gap,5.167308807373047,-4.10134744644165,-0.8849586248397827,3.0161030292510986,False
D4LensPINN,18,271,0,r90,H17_pre_linear,5.167308807373047,-4.10134744644165,-0.8849586248397827,3.0161030292510986,False
D4LensPINN,18,271,0,r180,H00_preprocess,4.255292892456055,-3.995943546295166,1.333979845046997,0.60037761926651,False
D4LensPINN,18,271,0,r180,H01_enc1,4.255292892456055,-3.995943546295166,1.333979845046997,0.60037761926651,False
D4LensPINN,18,271,0,r180,H02_enc2,5.211569309234619,-4.92878532409668,1.2572433948516846,1.1344016790390015,False
D4LensPINN,18,271,0,r180,H03_enc3,0.24255676567554474,0.19166362285614014,-0.022213637828826904,-0.14698773622512817,False
D4LensPINN,18,271,0,r180,H04_bot,0.4571279287338257,0.3627568483352661,-0.043106287717819214,-0.2748004198074341,False
D4LensPINN,18,271,0,r180,H08_kappa_out,4.255292892456055,-3.995943546295166,1.333979845046997,0.60037761926651,False
D4LensPINN,18,271,0,r180,H09_poisson,0.21837252378463745,-0.1952570676803589,0.02195647358894348,0.09528458118438721,False
D4LensPINN,18,271,0,r180,H10_deflection,0.21837252378463745,-0.1952570676803589,0.02195647358894348,0.09528458118438721,False
D4LensPINN,18,271,0,r180,H11_inv_lens,30.929903030395508,-19.801631927490234,-12.455348014831543,20.234094619750977,False
D4LensPINN,18,271,0,r180,H12_HANDOFF,1.62808358669281,1.2228552103042603,-0.1760387420654297,-1.0603262186050415,False
D4LensPINN,18,271,0,r180,H12b_input_proj,1.62808358669281,1.2228552103042603,-0.1760387420654297,-1.0603262186050415,False
D4LensPINN,18,271,0,r180,H13_eff3,1.62808358669281,1.2228552103042603,-0.1760387420654297,-1.0603262186050415,False
D4LensPINN,18,271,0,r180,H13b_eff4,1.62808358669281,1.2228552103042603,-0.1760387420654297,-1.0603262186050415,False
D4LensPINN,18,271,0,r180,H14_eff5,1.62808358669281,1.2228552103042603,-0.1760387420654297,-1.0603262186050415,False
D4LensPINN,18,271,0,r180,H14b_eff6,1.62808358669281,1.2228552103042603,-0.1760387420654297,-1.0603262186050415,False
D4LensPINN,18,271,0,r180,H15_before_gap,1.62808358669281,1.2228552103042603,-0.1760387420654297,-1.0603262186050415,False
D4LensPINN,18,271,0,r180,H16_after_gap,1.62808358669281,1.2228552103042603,-0.1760387420654297,-1.0603262186050415,False
D4LensPINN,18,271,0,r180,H17_pre_linear,1.62808358669281,1.2228552103042603,-0.1760387420654297,-1.0603262186050415,False
D4LensPINN,18,271,0,r270,H00_preprocess,6.070831775665283,-5.676085948944092,0.7219949960708618,2.0287346839904785,False
D4LensPINN,18,271,0,r270,H01_enc1,6.070831775665283,-5.676085948944092,0.7219949960708618,2.0287346839904785,False
D4LensPINN,18,271,0,r270,H02_enc2,5.516709327697754,-5.079046249389648,0.3626673221588135,2.122696876525879,False
D4LensPINN,18,271,0,r270,H03_enc3,6.112139701843262,-5.010765552520752,-0.8837652206420898,3.3866562843322754,False
D4LensPINN,18,271,0,r270,H04_bot,6.31696081161499,-5.2385478019714355,-0.824615478515625,3.432436466217041,False
D4LensPINN,18,271,0,r270,H08_kappa_out,6.070831775665283,-5.676085948944092,0.7219949960708618,2.0287346839904785,False
D4LensPINN,18,271,0,r270,H09_poisson,0.04718707501888275,0.035231828689575195,-0.03131076693534851,-0.0022302865982055664,False
D4LensPINN,18,271,0,r270,H10_deflection,0.04718707501888275,0.035231828689575195,-0.03131076693534851,-0.0022302865982055664,False
D4LensPINN,18,271,0,r270,H11_inv_lens,16.023393630981445,-10.57660961151123,-5.9004597663879395,10.491379737854004,False
D4LensPINN,18,271,0,r270,H12_HANDOFF,6.009002208709717,-4.5052361488342285,-1.3751131296157837,3.730954170227051,False
D4LensPINN,18,271,0,r270,H12b_input_proj,6.009002208709717,-4.5052361488342285,-1.3751131296157837,3.730954170227051,False
D4LensPINN,18,271,0,r270,H13_eff3,6.009002208709717,-4.5052361488342285,-1.3751131296157837,3.730954170227051,False
D4LensPINN,18,271,0,r270,H13b_eff4,6.009002208709717,-4.5052361488342285,-1.3751131296157837,3.730954170227051,False
D4LensPINN,18,271,0,r270,H14_eff5,6.009002208709717,-4.5052361488342285,-1.3751131296157837,3.730954170227051,False
D4LensPINN,18,271,0,r270,H14b_eff6,6.009002208709717,-4.5052361488342285,-1.3751131296157837,3.730954170227051,False
D4LensPINN,18,271,0,r270,H15_before_gap,6.009002208709717,-4.5052361488342285,-1.3751131296157837,3.730954170227051,False
D4LensPINN,18,271,0,r270,H16_after_gap,6.009002208709717,-4.5052361488342285,-1.3751131296157837,3.730954170227051,False
D4LensPINN,18,271,0,r270,H17_pre_linear,6.009002208709717,-4.5052361488342285,-1.3751131296157837,3.730954170227051,False
D4LensPINN,18,271,0,flip_h,H00_preprocess,0.23997436463832855,0.07581305503845215,-0.18975263833999634,0.12583327293395996,False
D4LensPINN,18,271,0,flip_h,H01_enc1,0.23997436463832855,0.07581305503845215,-0.18975263833999634,0.12583327293395996,False
D4LensPINN,18,271,0,flip_h,H02_enc2,0.6560589075088501,0.5591024160385132,-0.28097933530807495,-0.1971505880355835,False
D4LensPINN,18,271,0,flip_h,H03_enc3,0.46525946259498596,-0.35539793968200684,0.006160080432891846,0.3002011179924011,False
D4LensPINN,18,271,0,flip_h,H04_bot,0.47107431292533875,-0.2415236234664917,-0.14062082767486572,0.3792138397693634,False
D4LensPINN,18,271,0,flip_h,H08_kappa_out,0.23997436463832855,0.07581305503845215,-0.18975263833999634,0.12583327293395996,False
D4LensPINN,18,271,0,flip_h,H09_poisson,0.10345378518104553,0.06853759288787842,0.02149355411529541,-0.07445341348648071,False
D4LensPINN,18,271,0,flip_h,H10_deflection,0.10345378518104553,0.06853759288787842,0.02149355411529541,-0.07445341348648071,False
D4LensPINN,18,271,0,flip_h,H11_inv_lens,16.367277145385742,-10.753802299499512,-6.052933692932129,10.751998901367188,False
D4LensPINN,18,271,0,flip_h,H12_HANDOFF,1.8059028387069702,-1.3013114929199219,-0.4530085325241089,1.1673288345336914,False
D4LensPINN,18,271,0,flip_h,H12b_input_proj,1.8059028387069702,-1.3013114929199219,-0.4530085325241089,1.1673288345336914,False
D4LensPINN,18,271,0,flip_h,H13_eff3,1.8059028387069702,-1.3013114929199219,-0.4530085325241089,1.1673288345336914,False
D4LensPINN,18,271,0,flip_h,H13b_eff4,1.8059028387069702,-1.3013114929199219,-0.4530085325241089,1.1673288345336914,False
D4LensPINN,18,271,0,flip_h,H14_eff5,1.8059028387069702,-1.3013114929199219,-0.4530085325241089,1.1673288345336914,False
D4LensPINN,18,271,0,flip_h,H14b_eff6,1.8059028387069702,-1.3013114929199219,-0.4530085325241089,1.1673288345336914,False
D4LensPINN,18,271,0,flip_h,H15_before_gap,1.8059028387069702,-1.3013114929199219,-0.4530085325241089,1.1673288345336914,False
D4LensPINN,18,271,0,flip_h,H16_after_gap,1.8059028387069702,-1.3013114929199219,-0.4530085325241089,1.1673288345336914,False
D4LensPINN,18,271,0,flip_h,H17_pre_linear,1.8059028387069702,-1.3013114929199219,-0.4530085325241089,1.1673288345336914,False
D4LensPINN,18,271,0,flip_h_r90,H00_preprocess,8.199219703674316,-7.756976127624512,2.0714292526245117,1.663041591644287,False
D4LensPINN,18,271,0,flip_h_r90,H01_enc1,8.199219703674316,-7.756976127624512,2.0714292526245117,1.663041591644287,False
D4LensPINN,18,271,0,flip_h_r90,H02_enc2,7.868916988372803,-7.439311981201172,1.4871529340744019,2.0892276763916016,False
D4LensPINN,18,271,0,flip_h_r90,H03_enc3,7.531509876251221,-6.863670825958252,0.34478962421417236,3.0813608169555664,False
D4LensPINN,18,271,0,flip_h_r90,H04_bot,7.127068519592285,-6.382688999176025,0.015583127737045288,3.171142101287842,False
D4LensPINN,18,271,0,flip_h_r90,H08_kappa_out,8.199219703674316,-7.756976127624512,2.0714292526245117,1.663041591644287,False
D4LensPINN,18,271,0,flip_h_r90,H09_poisson,0.21967987716197968,-0.14204490184783936,-0.06529238820075989,0.15433534979820251,False
D4LensPINN,18,271,0,flip_h_r90,H10_deflection,0.21967987716197968,-0.14204490184783936,-0.06529238820075989,0.15433534979820251,False
D4LensPINN,18,271,0,flip_h_r90,H11_inv_lens,22.985937118530273,-15.97733211517334,-7.7231879234313965,14.609262466430664,False
D4LensPINN,18,271,0,flip_h_r90,H12_HANDOFF,4.9460978507995605,-4.061579704284668,-0.6883776783943176,2.7374422550201416,False
D4LensPINN,18,271,0,flip_h_r90,H12b_input_proj,4.9460978507995605,-4.061579704284668,-0.6883776783943176,2.7374422550201416,False
D4LensPINN,18,271,0,flip_h_r90,H13_eff3,4.9460978507995605,-4.061579704284668,-0.6883776783943176,2.7374422550201416,False
D4LensPINN,18,271,0,flip_h_r90,H13b_eff4,4.9460978507995605,-4.061579704284668,-0.6883776783943176,2.7374422550201416,False
D4LensPINN,18,271,0,flip_h_r90,H14_eff5,4.9460978507995605,-4.061579704284668,-0.6883776783943176,2.7374422550201416,False
D4LensPINN,18,271,0,flip_h_r90,H14b_eff6,4.9460978507995605,-4.061579704284668,-0.6883776783943176,2.7374422550201416,False
D4LensPINN,18,271,0,flip_h_r90,H15_before_gap,4.9460978507995605,-4.061579704284668,-0.6883776783943176,2.7374422550201416,False
D4LensPINN,18,271,0,flip_h_r90,H16_after_gap,4.9460978507995605,-4.061579704284668,-0.6883776783943176,2.7374422550201416,False
D4LensPINN,18,271,0,flip_h_r90,H17_pre_linear,4.9460978507995605,-4.061579704284668,-0.6883776783943176,2.7374422550201416,False
D4LensPINN,18,271,0,flip_h_r180,H00_preprocess,3.6567318439483643,-3.0301055908203125,1.9980865716934204,-0.4447450637817383,False
D4LensPINN,18,271,0,flip_h_r180,H01_enc1,3.6567318439483643,-3.0301055908203125,1.9980865716934204,-0.4447450637817383,False
D4LensPINN,18,271,0,flip_h_r180,H02_enc2,5.124945640563965,-4.833662033081055,1.1893689632415771,1.2190897464752197,False
D4LensPINN,18,271,0,flip_h_r180,H03_enc3,0.2157474309206009,0.17109358310699463,-0.022420108318328857,-0.12950396537780762,False
D4LensPINN,18,271,0,flip_h_r180,H04_bot,0.4608142673969269,0.3891700506210327,-0.11699146032333374,-0.2172774076461792,False
D4LensPINN,18,271,0,flip_h_r180,H08_kappa_out,3.6567318439483643,-3.0301055908203125,1.9980865716934204,-0.4447450637817383,False
D4LensPINN,18,271,0,flip_h_r180,H09_poisson,0.48120060563087463,-0.4405694007873535,0.1317102164030075,0.14179232716560364,False
D4LensPINN,18,271,0,flip_h_r180,H10_deflection,0.48120060563087463,-0.4405694007873535,0.1317102164030075,0.14179232716560364,False
D4LensPINN,18,271,0,flip_h_r180,H11_inv_lens,32.81965255737305,-21.443580627441406,-12.592119216918945,21.41823959350586,False
D4LensPINN,18,271,0,flip_h_r180,H12_HANDOFF,0.8093979358673096,0.6668697595596313,-0.24081462621688843,-0.3904075622558594,False
D4LensPINN,18,271,0,flip_h_r180,H12b_input_proj,0.8093979358673096,0.6668697595596313,-0.24081462621688843,-0.3904075622558594,False
D4LensPINN,18,271,0,flip_h_r180,H13_eff3,0.8093979358673096,0.6668697595596313,-0.24081462621688843,-0.3904075622558594,False
D4LensPINN,18,271,0,flip_h_r180,H13b_eff4,0.8093979358673096,0.6668697595596313,-0.24081462621688843,-0.3904075622558594,False
D4LensPINN,18,271,0,flip_h_r180,H14_eff5,0.8093979358673096,0.6668697595596313,-0.24081462621688843,-0.3904075622558594,False
D4LensPINN,18,271,0,flip_h_r180,H14b_eff6,0.8093979358673096,0.6668697595596313,-0.24081462621688843,-0.3904075622558594,False
D4LensPINN,18,271,0,flip_h_r180,H15_before_gap,0.8093979358673096,0.6668697595596313,-0.24081462621688843,-0.3904075622558594,False
D4LensPINN,18,271,0,flip_h_r180,H16_after_gap,0.8093979358673096,0.6668697595596313,-0.24081462621688843,-0.3904075622558594,False
D4LensPINN,18,271,0,flip_h_r180,H17_pre_linear,0.8093979358673096,0.6668697595596313,-0.24081462621688843,-0.3904075622558594,False
D4LensPINN,18,271,0,flip_h_r270,H00_preprocess,3.2131435871124268,-2.7594475746154785,-0.12777823209762573,1.6411621570587158,False
D4LensPINN,18,271,0,flip_h_r270,H01_enc1,3.2131435871124268,-2.7594475746154785,-0.12777823209762573,1.6411621570587158,False
D4LensPINN,18,271,0,flip_h_r270,H02_enc2,2.451793670654297,-1.8840959072113037,-0.4241355061531067,1.5104913711547852,False
D4LensPINN,18,271,0,flip_h_r270,H03_enc3,6.835516929626465,-5.6303863525390625,-0.9844295978546143,3.748858690261841,False
D4LensPINN,18,271,0,flip_h_r270,H04_bot,6.685858249664307,-5.574380874633789,-0.8335229158401489,3.5961387157440186,False
D4LensPINN,18,271,0,flip_h_r270,H08_kappa_out,3.2131435871124268,-2.7594475746154785,-0.12777823209762573,1.6411621570587158,False
D4LensPINN,18,271,0,flip_h_r270,H09_poisson,0.19777043163776398,-0.09875106811523438,-0.08066633343696594,0.15117642283439636,False
D4LensPINN,18,271,0,flip_h_r270,H10_deflection,0.19777043163776398,-0.09875106811523438,-0.08066633343696594,0.15117642283439636,False
D4LensPINN,18,271,0,flip_h_r270,H11_inv_lens,11.013279914855957,-7.356534004211426,-3.8580379486083984,7.231133460998535,False
D4LensPINN,18,271,0,flip_h_r270,H12_HANDOFF,4.463531970977783,-3.5896499156951904,-0.6836686730384827,2.5632262229919434,False
D4LensPINN,18,271,0,flip_h_r270,H12b_input_proj,4.463531970977783,-3.5896499156951904,-0.6836686730384827,2.5632262229919434,False
D4LensPINN,18,271,0,flip_h_r270,H13_eff3,4.463531970977783,-3.5896499156951904,-0.6836686730384827,2.5632262229919434,False
D4LensPINN,18,271,0,flip_h_r270,H13b_eff4,4.463531970977783,-3.5896499156951904,-0.6836686730384827,2.5632262229919434,False
D4LensPINN,18,271,0,flip_h_r270,H14_eff5,4.463531970977783,-3.5896499156951904,-0.6836686730384827,2.5632262229919434,False
D4LensPINN,18,271,0,flip_h_r270,H14b_eff6,4.463531970977783,-3.5896499156951904,-0.6836686730384827,2.5632262229919434,False
D4LensPINN,18,271,0,flip_h_r270,H15_before_gap,4.463531970977783,-3.5896499156951904,-0.6836686730384827,2.5632262229919434,False
D4LensPINN,18,271,0,flip_h_r270,H16_after_gap,4.463531970977783,-3.5896499156951904,-0.6836686730384827,2.5632262229919434,False
D4LensPINN,18,271,0,flip_h_r270,H17_pre_linear,4.463531970977783,-3.5896499156951904,-0.6836686730384827,2.5632262229919434,False
D4LensPINN,19,282,2,e,H00_preprocess,0.0,0.0,0.0,0.0,False
D4LensPINN,19,282,2,e,H01_enc1,0.0,0.0,0.0,0.0,False
D4LensPINN,19,282,2,e,H02_enc2,0.0,0.0,0.0,0.0,False
D4LensPINN,19,282,2,e,H03_enc3,0.0,0.0,0.0,0.0,False
D4LensPINN,19,282,2,e,H04_bot,0.0,0.0,0.0,0.0,False
D4LensPINN,19,282,2,e,H08_kappa_out,0.0,0.0,0.0,0.0,False
D4LensPINN,19,282,2,e,H09_poisson,0.0,0.0,0.0,0.0,False
D4LensPINN,19,282,2,e,H10_deflection,0.0,0.0,0.0,0.0,False
D4LensPINN,19,282,2,e,H11_inv_lens,0.0,0.0,0.0,0.0,False
D4LensPINN,19,282,2,e,H12_HANDOFF,0.0,0.0,0.0,0.0,False
D4LensPINN,19,282,2,e,H12b_input_proj,0.0,0.0,0.0,0.0,False
D4LensPINN,19,282,2,e,H13_eff3,0.0,0.0,0.0,0.0,False
D4LensPINN,19,282,2,e,H13b_eff4,0.0,0.0,0.0,0.0,False
D4LensPINN,19,282,2,e,H14_eff5,0.0,0.0,0.0,0.0,False
D4LensPINN,19,282,2,e,H14b_eff6,0.0,0.0,0.0,0.0,False
D4LensPINN,19,282,2,e,H15_before_gap,0.0,0.0,0.0,0.0,False
D4LensPINN,19,282,2,e,H16_after_gap,0.0,0.0,0.0,0.0,False
D4LensPINN,19,282,2,e,H17_pre_linear,0.0,0.0,0.0,0.0,False
D4LensPINN,19,282,2,r90,H00_preprocess,4.984315872192383,-3.962059259414673,-0.6019035577774048,2.9636471271514893,False
D4LensPINN,19,282,2,r90,H01_enc1,4.984315872192383,-3.962059259414673,-0.6019035577774048,2.9636471271514893,False
D4LensPINN,19,282,2,r90,H02_enc2,4.240436553955078,-3.243351459503174,-0.6496280431747437,2.6532912254333496,False
D4LensPINN,19,282,2,r90,H03_enc3,2.4388957023620605,2.156156301498413,-0.31361478567123413,-1.0958316326141357,False
D4LensPINN,19,282,2,r90,H04_bot,2.1499228477478027,1.952867031097412,-0.371018648147583,-0.8190381526947021,False
D4LensPINN,19,282,2,r90,H08_kappa_out,4.984315872192383,-3.962059259414673,-0.6019035577774048,2.9636471271514893,False
D4LensPINN,19,282,2,r90,H09_poisson,0.3940041661262512,-0.21284735202789307,-0.1563560664653778,0.29238343238830566,False
D4LensPINN,19,282,2,r90,H10_deflection,0.3940041661262512,-0.21284735202789307,-0.1563560664653778,0.29238343238830566,False
D4LensPINN,19,282,2,r90,H11_inv_lens,10.329952239990234,-5.7490644454956055,-4.098637104034424,7.54038143157959,False
D4LensPINN,19,282,2,r90,H12_HANDOFF,6.397139549255371,-4.5079426765441895,-1.5441639423370361,4.268185615539551,False
D4LensPINN,19,282,2,r90,H12b_input_proj,6.397139549255371,-4.5079426765441895,-1.5441639423370361,4.268185615539551,False
D4LensPINN,19,282,2,r90,H13_eff3,6.397139549255371,-4.5079426765441895,-1.5441639423370361,4.268185615539551,False
D4LensPINN,19,282,2,r90,H13b_eff4,6.397139549255371,-4.5079426765441895,-1.5441639423370361,4.268185615539551,False
D4LensPINN,19,282,2,r90,H14_eff5,6.397139549255371,-4.5079426765441895,-1.5441639423370361,4.268185615539551,False
D4LensPINN,19,282,2,r90,H14b_eff6,6.397139549255371,-4.5079426765441895,-1.5441639423370361,4.268185615539551,False
D4LensPINN,19,282,2,r90,H15_before_gap,6.397139549255371,-4.5079426765441895,-1.5441639423370361,4.268185615539551,False
D4LensPINN,19,282,2,r90,H16_after_gap,6.397139549255371,-4.5079426765441895,-1.5441639423370361,4.268185615539551,False
D4LensPINN,19,282,2,r90,H17_pre_linear,6.397139549255371,-4.5079426765441895,-1.5441639423370361,4.268185615539551,False
D4LensPINN,19,282,2,r180,H00_preprocess,2.8500733375549316,-2.2435460090637207,1.7331092357635498,-0.29283368587493896,False
D4LensPINN,19,282,2,r180,H01_enc1,2.8500733375549316,-2.2435460090637207,1.7331092357635498,-0.29283368587493896,False
D4LensPINN,19,282,2,r180,H02_enc2,1.138574242591858,-0.8978639841079712,0.09534674882888794,0.6936142444610596,False
D4LensPINN,19,282,2,r180,H03_enc3,1.2027212381362915,-0.638691782951355,0.8942513465881348,-0.4888002872467041,False
D4LensPINN,19,282,2,r180,H04_bot,0.7362498641014099,-0.17227697372436523,0.5579878091812134,-0.4483683109283447,False
D4LensPINN,19,282,2,r180,H08_kappa_out,2.8500733375549316,-2.2435460090637207,1.7331092357635498,-0.29283368587493896,False
D4LensPINN,19,282,2,r180,H09_poisson,0.29892486333847046,0.2827266454696655,-0.06715235114097595,-0.07008767127990723,False
D4LensPINN,19,282,2,r180,H10_deflection,0.29892486333847046,0.2827266454696655,-0.06715235114097595,-0.07008767127990723,False
D4LensPINN,19,282,2,r180,H11_inv_lens,40.21614456176758,-25.37289810180664,-16.01678466796875,26.77717399597168,False
D4LensPINN,19,282,2,r180,H12_HANDOFF,5.678769111633301,-3.1650733947753906,-1.9863942861557007,4.276092529296875,False
D4LensPINN,19,282,2,r180,H12b_input_proj,5.678769111633301,-3.1650733947753906,-1.9863942861557007,4.276092529296875,False
D4LensPINN,19,282,2,r180,H13_eff3,5.678769111633301,-3.1650733947753906,-1.9863942861557007,4.276092529296875,False
D4LensPINN,19,282,2,r180,H13b_eff4,5.678769111633301,-3.1650733947753906,-1.9863942861557007,4.276092529296875,False
D4LensPINN,19,282,2,r180,H14_eff5,5.678769111633301,-3.1650733947753906,-1.9863942861557007,4.276092529296875,False
D4LensPINN,19,282,2,r180,H14b_eff6,5.678769111633301,-3.1650733947753906,-1.9863942861557007,4.276092529296875,False
D4LensPINN,19,282,2,r180,H15_before_gap,5.678769111633301,-3.1650733947753906,-1.9863942861557007,4.276092529296875,False
D4LensPINN,19,282,2,r180,H16_after_gap,5.678769111633301,-3.1650733947753906,-1.9863942861557007,4.276092529296875,False
D4LensPINN,19,282,2,r180,H17_pre_linear,5.678769111633301,-3.1650733947753906,-1.9863942861557007,4.276092529296875,False
D4LensPINN,19,282,2,r270,H00_preprocess,4.762238025665283,-2.6636605262756348,-1.711559534072876,3.557300567626953,False
D4LensPINN,19,282,2,r270,H01_enc1,4.762238025665283,-2.6636605262756348,-1.711559534072876,3.557300567626953,False
D4LensPINN,19,282,2,r270,H02_enc2,2.777134418487549,-1.1884543895721436,-1.1605379581451416,2.225579261779785,False
D4LensPINN,19,282,2,r270,H03_enc3,0.8373876810073853,0.5276395082473755,-0.42702773213386536,0.49036920070648193,False
D4LensPINN,19,282,2,r270,H04_bot,1.052993655204773,0.3548167943954468,-0.5829594135284424,0.8019095063209534,False
D4LensPINN,19,282,2,r270,H08_kappa_out,4.762238025665283,-2.6636605262756348,-1.711559534072876,3.557300567626953,False
D4LensPINN,19,282,2,r270,H09_poisson,0.6914125680923462,0.6343681812286377,-0.13304898142814636,-0.24067890644073486,False
D4LensPINN,19,282,2,r270,H10_deflection,0.6914125680923462,0.6343681812286377,-0.13304898142814636,-0.24067890644073486,False
D4LensPINN,19,282,2,r270,H11_inv_lens,1.3651355504989624,0.3347073793411255,-0.8567643165588379,1.0087224245071411,False
D4LensPINN,19,282,2,r270,H12_HANDOFF,6.905372619628906,-5.0135698318481445,-1.467653751373291,4.516002655029297,False
D4LensPINN,19,282,2,r270,H12b_input_proj,6.905372619628906,-5.0135698318481445,-1.467653751373291,4.516002655029297,False
D4LensPINN,19,282,2,r270,H13_eff3,6.905372619628906,-5.0135698318481445,-1.467653751373291,4.516002655029297,False
D4LensPINN,19,282,2,r270,H13b_eff4,6.905372619628906,-5.0135698318481445,-1.467653751373291,4.516002655029297,False
D4LensPINN,19,282,2,r270,H14_eff5,6.905372619628906,-5.0135698318481445,-1.467653751373291,4.516002655029297,False
D4LensPINN,19,282,2,r270,H14b_eff6,6.905372619628906,-5.0135698318481445,-1.467653751373291,4.516002655029297,False
D4LensPINN,19,282,2,r270,H15_before_gap,6.905372619628906,-5.0135698318481445,-1.467653751373291,4.516002655029297,False
D4LensPINN,19,282,2,r270,H16_after_gap,6.905372619628906,-5.0135698318481445,-1.467653751373291,4.516002655029297,False
D4LensPINN,19,282,2,r270,H17_pre_linear,6.905372619628906,-5.0135698318481445,-1.467653751373291,4.516002655029297,False
D4LensPINN,19,282,2,flip_h,H00_preprocess,4.213998317718506,3.5624780654907227,-1.1750710010528564,-1.919828176498413,False
D4LensPINN,19,282,2,flip_h,H01_enc1,4.213998317718506,3.5624780654907227,-1.1750710010528564,-1.919828176498413,False
D4LensPINN,19,282,2,flip_h,H02_enc2,3.984891176223755,3.393890380859375,-1.1286675930023193,-1.75697922706604,False
D4LensPINN,19,282,2,flip_h,H03_enc3,0.3286476731300354,0.30930936336517334,-0.06837581098079681,-0.0875314474105835,False
D4LensPINN,19,282,2,flip_h,H04_bot,0.3625088036060333,0.3381376266479492,-0.09294351935386658,-0.09185361862182617,False
D4LensPINN,19,282,2,flip_h,H08_kappa_out,4.213998317718506,3.5624780654907227,-1.1750710010528564,-1.919828176498413,False
D4LensPINN,19,282,2,flip_h,H09_poisson,0.24817220866680145,0.012581944465637207,0.15744924545288086,-0.19141805171966553,False
D4LensPINN,19,282,2,flip_h,H10_deflection,0.24817220866680145,0.012581944465637207,0.15744924545288086,-0.19141805171966553,False
D4LensPINN,19,282,2,flip_h,H11_inv_lens,27.15167236328125,-17.351192474365234,-10.199105262756348,18.2243709564209,False
D4LensPINN,19,282,2,flip_h,H12_HANDOFF,3.1987428665161133,-1.1295602321624756,-1.511130452156067,2.583125114440918,False
D4LensPINN,19,282,2,flip_h,H12b_input_proj,3.1987428665161133,-1.1295602321624756,-1.511130452156067,2.583125114440918,False
D4LensPINN,19,282,2,flip_h,H13_eff3,3.1987428665161133,-1.1295602321624756,-1.511130452156067,2.583125114440918,False
D4LensPINN,19,282,2,flip_h,H13b_eff4,3.1987428665161133,-1.1295602321624756,-1.511130452156067,2.583125114440918,False
D4LensPINN,19,282,2,flip_h,H14_eff5,3.1987428665161133,-1.1295602321624756,-1.511130452156067,2.583125114440918,False
D4LensPINN,19,282,2,flip_h,H14b_eff6,3.1987428665161133,-1.1295602321624756,-1.511130452156067,2.583125114440918,False
D4LensPINN,19,282,2,flip_h,H15_before_gap,3.1987428665161133,-1.1295602321624756,-1.511130452156067,2.583125114440918,False
D4LensPINN,19,282,2,flip_h,H16_after_gap,3.1987428665161133,-1.1295602321624756,-1.511130452156067,2.583125114440918,False
D4LensPINN,19,282,2,flip_h,H17_pre_linear,3.1987428665161133,-1.1295602321624756,-1.511130452156067,2.583125114440918,False
D4LensPINN,19,282,2,flip_h_r90,H00_preprocess,1.0948981046676636,-0.06846415996551514,-0.5732007026672363,0.9303522706031799,False
D4LensPINN,19,282,2,flip_h_r90,H01_enc1,1.0948981046676636,-0.06846415996551514,-0.5732007026672363,0.9303522706031799,False
D4LensPINN,19,282,2,flip_h_r90,H02_enc2,1.2068907022476196,-0.06502187252044678,-0.6545625925064087,1.011881947517395,False
D4LensPINN,19,282,2,flip_h_r90,H03_enc3,1.554502010345459,1.4057481288909912,-0.07484088838100433,-0.6593539714813232,False
D4LensPINN,19,282,2,flip_h_r90,H04_bot,1.1334431171417236,1.0954642295837402,-0.22532016038894653,-0.18407094478607178,False
D4LensPINN,19,282,2,flip_h_r90,H08_kappa_out,1.0948981046676636,-0.06846415996551514,-0.5732007026672363,0.9303522706031799,False
D4LensPINN,19,282,2,flip_h_r90,H09_poisson,0.1599315106868744,-0.08009231090545654,-0.0618472546339035,0.1238476037979126,False
D4LensPINN,19,282,2,flip_h_r90,H10_deflection,0.1599315106868744,-0.08009231090545654,-0.0618472546339035,0.1238476037979126,False
D4LensPINN,19,282,2,flip_h_r90,H11_inv_lens,9.519652366638184,-5.480258464813232,-3.787360191345215,6.800474166870117,False
D4LensPINN,19,282,2,flip_h_r90,H12_HANDOFF,5.16216516494751,-3.8356759548187256,-0.9257286787033081,3.3284482955932617,False
D4LensPINN,19,282,2,flip_h_r90,H12b_input_proj,5.16216516494751,-3.8356759548187256,-0.9257286787033081,3.3284482955932617,False
D4LensPINN,19,282,2,flip_h_r90,H13_eff3,5.16216516494751,-3.8356759548187256,-0.9257286787033081,3.3284482955932617,False
D4LensPINN,19,282,2,flip_h_r90,H13b_eff4,5.16216516494751,-3.8356759548187256,-0.9257286787033081,3.3284482955932617,False
D4LensPINN,19,282,2,flip_h_r90,H14_eff5,5.16216516494751,-3.8356759548187256,-0.9257286787033081,3.3284482955932617,False
D4LensPINN,19,282,2,flip_h_r90,H14b_eff6,5.16216516494751,-3.8356759548187256,-0.9257286787033081,3.3284482955932617,False
D4LensPINN,19,282,2,flip_h_r90,H15_before_gap,5.16216516494751,-3.8356759548187256,-0.9257286787033081,3.3284482955932617,False
D4LensPINN,19,282,2,flip_h_r90,H16_after_gap,5.16216516494751,-3.8356759548187256,-0.9257286787033081,3.3284482955932617,False
D4LensPINN,19,282,2,flip_h_r90,H17_pre_linear,5.16216516494751,-3.8356759548187256,-0.9257286787033081,3.3284482955932617,False
D4LensPINN,19,282,2,flip_h_r180,H00_preprocess,3.2436647415161133,-2.8332557678222656,1.540435552597046,0.3479663133621216,False
D4LensPINN,19,282,2,flip_h_r180,H01_enc1,3.2436647415161133,-2.8332557678222656,1.540435552597046,0.3479663133621216,False
D4LensPINN,19,282,2,flip_h_r180,H02_enc2,2.1239984035491943,-1.8627885580062866,0.635570764541626,0.7983968257904053,False
D4LensPINN,19,282,2,flip_h_r180,H03_enc3,3.248716115951538,-1.7251548767089844,2.3342490196228027,-1.4592046737670898,False
D4LensPINN,19,282,2,flip_h_r180,H04_bot,1.998693823814392,-0.5370112657546997,1.455338478088379,-1.2603118419647217,False
D4LensPINN,19,282,2,flip_h_r180,H08_kappa_out,3.2436647415161133,-2.8332557678222656,1.540435552597046,0.3479663133621216,False
D4LensPINN,19,282,2,flip_h_r180,H09_poisson,0.16455277800559998,0.029769182205200195,-0.10340161621570587,0.12449705600738525,False
D4LensPINN,19,282,2,flip_h_r180,H10_deflection,0.16455277800559998,0.029769182205200195,-0.10340161621570587,0.12449705600738525,False
D4LensPINN,19,282,2,flip_h_r180,H11_inv_lens,28.67388916015625,-17.791339874267578,-11.706411361694336,19.199480056762695,False
D4LensPINN,19,282,2,flip_h_r180,H12_HANDOFF,5.545248508453369,-3.9495127201080322,-1.1294225454330444,3.724987745285034,False
D4LensPINN,19,282,2,flip_h_r180,H12b_input_proj,5.545248508453369,-3.9495127201080322,-1.1294225454330444,3.724987745285034,False
D4LensPINN,19,282,2,flip_h_r180,H13_eff3,5.545248508453369,-3.9495127201080322,-1.1294225454330444,3.724987745285034,False
D4LensPINN,19,282,2,flip_h_r180,H13b_eff4,5.545248508453369,-3.9495127201080322,-1.1294225454330444,3.724987745285034,False
D4LensPINN,19,282,2,flip_h_r180,H14_eff5,5.545248508453369,-3.9495127201080322,-1.1294225454330444,3.724987745285034,False
D4LensPINN,19,282,2,flip_h_r180,H14b_eff6,5.545248508453369,-3.9495127201080322,-1.1294225454330444,3.724987745285034,False
D4LensPINN,19,282,2,flip_h_r180,H15_before_gap,5.545248508453369,-3.9495127201080322,-1.1294225454330444,3.724987745285034,False
D4LensPINN,19,282,2,flip_h_r180,H16_after_gap,5.545248508453369,-3.9495127201080322,-1.1294225454330444,3.724987745285034,False
D4LensPINN,19,282,2,flip_h_r180,H17_pre_linear,5.545248508453369,-3.9495127201080322,-1.1294225454330444,3.724987745285034,False
D4LensPINN,19,282,2,flip_h_r270,H00_preprocess,5.619293212890625,-2.8925538063049316,-2.2499983310699463,4.259941101074219,False
D4LensPINN,19,282,2,flip_h_r270,H01_enc1,5.619293212890625,-2.8925538063049316,-2.2499983310699463,4.259941101074219,False
D4LensPINN,19,282,2,flip_h_r270,H02_enc2,2.847649574279785,-0.6742583513259888,-1.4454140663146973,2.3590807914733887,False
D4LensPINN,19,282,2,flip_h_r270,H03_enc3,0.8874053359031677,0.6526678800582886,-0.49696406722068787,0.338437020778656,False
D4LensPINN,19,282,2,flip_h_r270,H04_bot,0.860995352268219,0.41196882724761963,-0.5080466866493225,0.5598958134651184,False
D4LensPINN,19,282,2,flip_h_r270,H08_kappa_out,5.619293212890625,-2.8925538063049316,-2.2499983310699463,4.259941101074219,False
D4LensPINN,19,282,2,flip_h_r270,H09_poisson,0.7551032304763794,0.6932295560836792,-0.24517320096492767,-0.17176663875579834,False
D4LensPINN,19,282,2,flip_h_r270,H10_deflection,0.7551032304763794,0.6932295560836792,-0.24517320096492767,-0.17176663875579834,False
D4LensPINN,19,282,2,flip_h_r270,H11_inv_lens,3.176727294921875,-0.9351352453231812,-1.4880468845367432,2.646286964416504,False
D4LensPINN,19,282,2,flip_h_r270,H12_HANDOFF,5.318296432495117,-3.9345345497131348,-0.9011006355285645,3.4629080295562744,False
D4LensPINN,19,282,2,flip_h_r270,H12b_input_proj,5.318296432495117,-3.9345345497131348,-0.9011006355285645,3.4629080295562744,False
D4LensPINN,19,282,2,flip_h_r270,H13_eff3,5.318296432495117,-3.9345345497131348,-0.9011006355285645,3.4629080295562744,False
D4LensPINN,19,282,2,flip_h_r270,H13b_eff4,5.318296432495117,-3.9345345497131348,-0.9011006355285645,3.4629080295562744,False
D4LensPINN,19,282,2,flip_h_r270,H14_eff5,5.318296432495117,-3.9345345497131348,-0.9011006355285645,3.4629080295562744,False
D4LensPINN,19,282,2,flip_h_r270,H14b_eff6,5.318296432495117,-3.9345345497131348,-0.9011006355285645,3.4629080295562744,False
D4LensPINN,19,282,2,flip_h_r270,H15_before_gap,5.318296432495117,-3.9345345497131348,-0.9011006355285645,3.4629080295562744,False
D4LensPINN,19,282,2,flip_h_r270,H16_after_gap,5.318296432495117,-3.9345345497131348,-0.9011006355285645,3.4629080295562744,False
D4LensPINN,19,282,2,flip_h_r270,H17_pre_linear,5.318296432495117,-3.9345345497131348,-0.9011006355285645,3.4629080295562744,False
D4LensPINN,20,305,1,e,H00_preprocess,0.0,0.0,0.0,0.0,False
D4LensPINN,20,305,1,e,H01_enc1,0.0,0.0,0.0,0.0,False
D4LensPINN,20,305,1,e,H02_enc2,0.0,0.0,0.0,0.0,False
D4LensPINN,20,305,1,e,H03_enc3,0.0,0.0,0.0,0.0,False
D4LensPINN,20,305,1,e,H04_bot,0.0,0.0,0.0,0.0,False
D4LensPINN,20,305,1,e,H08_kappa_out,0.0,0.0,0.0,0.0,False
D4LensPINN,20,305,1,e,H09_poisson,0.0,0.0,0.0,0.0,False
D4LensPINN,20,305,1,e,H10_deflection,0.0,0.0,0.0,0.0,False
D4LensPINN,20,305,1,e,H11_inv_lens,0.0,0.0,0.0,0.0,False
D4LensPINN,20,305,1,e,H12_HANDOFF,0.0,0.0,0.0,0.0,False
D4LensPINN,20,305,1,e,H12b_input_proj,0.0,0.0,0.0,0.0,False
D4LensPINN,20,305,1,e,H13_eff3,0.0,0.0,0.0,0.0,False
D4LensPINN,20,305,1,e,H13b_eff4,0.0,0.0,0.0,0.0,False
D4LensPINN,20,305,1,e,H14_eff5,0.0,0.0,0.0,0.0,False
D4LensPINN,20,305,1,e,H14b_eff6,0.0,0.0,0.0,0.0,False
D4LensPINN,20,305,1,e,H15_before_gap,0.0,0.0,0.0,0.0,False
D4LensPINN,20,305,1,e,H16_after_gap,0.0,0.0,0.0,0.0,False
D4LensPINN,20,305,1,e,H17_pre_linear,0.0,0.0,0.0,0.0,False
D4LensPINN,20,305,1,r90,H00_preprocess,5.220518589019775,-2.7672343254089355,3.715817928314209,-2.406019449234009,False
D4LensPINN,20,305,1,r90,H01_enc1,5.220518589019775,-2.7672343254089355,3.715817928314209,-2.406019449234009,False
D4LensPINN,20,305,1,r90,H02_enc2,2.2673888206481934,-1.5063538551330566,1.4975967407226562,-0.7931923866271973,False
D4LensPINN,20,305,1,r90,H03_enc3,0.8170490860939026,-0.7016863822937012,-0.009133100509643555,0.41847580671310425,False
D4LensPINN,20,305,1,r90,H04_bot,0.9845276474952698,-0.7375640869140625,-0.1939079761505127,0.6226504445075989,False
D4LensPINN,20,305,1,r90,H08_kappa_out,5.220518589019775,-2.7672343254089355,3.715817928314209,-2.406019449234009,False
D4LensPINN,20,305,1,r90,H09_poisson,0.30786558985710144,-0.2848043441772461,0.09925317764282227,0.06177783012390137,False
D4LensPINN,20,305,1,r90,H10_deflection,0.30786558985710144,-0.2848043441772461,0.09925317764282227,0.06177783012390137,False
D4LensPINN,20,305,1,r90,H11_inv_lens,38.87459945678711,-20.35042953491211,-19.038562774658203,27.104013442993164,False
D4LensPINN,20,305,1,r90,H12_HANDOFF,1.8981043100357056,-0.4722633361816406,-1.0824451446533203,1.485960841178894,False
D4LensPINN,20,305,1,r90,H12b_input_proj,1.8981043100357056,-0.4722633361816406,-1.0824451446533203,1.485960841178894,False
D4LensPINN,20,305,1,r90,H13_eff3,1.8981043100357056,-0.4722633361816406,-1.0824451446533203,1.485960841178894,False
D4LensPINN,20,305,1,r90,H13b_eff4,1.8981043100357056,-0.4722633361816406,-1.0824451446533203,1.485960841178894,False
D4LensPINN,20,305,1,r90,H14_eff5,1.8981043100357056,-0.4722633361816406,-1.0824451446533203,1.485960841178894,False
D4LensPINN,20,305,1,r90,H14b_eff6,1.8981043100357056,-0.4722633361816406,-1.0824451446533203,1.485960841178894,False
D4LensPINN,20,305,1,r90,H15_before_gap,1.8981043100357056,-0.4722633361816406,-1.0824451446533203,1.485960841178894,False
D4LensPINN,20,305,1,r90,H16_after_gap,1.8981043100357056,-0.4722633361816406,-1.0824451446533203,1.485960841178894,False
D4LensPINN,20,305,1,r90,H17_pre_linear,1.8981043100357056,-0.4722633361816406,-1.0824451446533203,1.485960841178894,False
D4LensPINN,20,305,1,r180,H00_preprocess,3.350485324859619,-2.26641845703125,2.2209854125976562,-1.0753250122070312,False
D4LensPINN,20,305,1,r180,H01_enc1,3.350485324859619,-2.26641845703125,2.2209854125976562,-1.0753250122070312,False
D4LensPINN,20,305,1,r180,H02_enc2,2.9309942722320557,-2.0722031593322754,1.8925962448120117,-0.8454465866088867,False
D4LensPINN,20,305,1,r180,H03_enc3,0.28711289167404175,-0.05440044403076172,0.21237778663635254,-0.18539166450500488,False
D4LensPINN,20,305,1,r180,H04_bot,0.512794554233551,-0.09146833419799805,0.3755042552947998,-0.33702874183654785,False
D4LensPINN,20,305,1,r180,H08_kappa_out,3.350485324859619,-2.26641845703125,2.2209854125976562,-1.0753250122070312,False
D4LensPINN,20,305,1,r180,H09_poisson,0.514641523361206,-0.44025659561157227,0.26611948013305664,-0.014505863189697266,False
D4LensPINN,20,305,1,r180,H10_deflection,0.514641523361206,-0.44025659561157227,0.26611948013305664,-0.014505863189697266,False
D4LensPINN,20,305,1,r180,H11_inv_lens,6.833302021026611,4.577548503875732,-4.54463005065918,2.255305528640747,False
D4LensPINN,20,305,1,r180,H12_HANDOFF,1.9097927808761597,1.3964509963989258,0.33433103561401367,-1.2591488361358643,False
D4LensPINN,20,305,1,r180,H12b_input_proj,1.9097927808761597,1.3964509963989258,0.33433103561401367,-1.2591488361358643,False
D4LensPINN,20,305,1,r180,H13_eff3,1.9097927808761597,1.3964509963989258,0.33433103561401367,-1.2591488361358643,False
D4LensPINN,20,305,1,r180,H13b_eff4,1.9097927808761597,1.3964509963989258,0.33433103561401367,-1.2591488361358643,False
D4LensPINN,20,305,1,r180,H14_eff5,1.9097927808761597,1.3964509963989258,0.33433103561401367,-1.2591488361358643,False
D4LensPINN,20,305,1,r180,H14b_eff6,1.9097927808761597,1.3964509963989258,0.33433103561401367,-1.2591488361358643,False
D4LensPINN,20,305,1,r180,H15_before_gap,1.9097927808761597,1.3964509963989258,0.33433103561401367,-1.2591488361358643,False
D4LensPINN,20,305,1,r180,H16_after_gap,1.9097927808761597,1.3964509963989258,0.33433103561401367,-1.2591488361358643,False
D4LensPINN,20,305,1,r180,H17_pre_linear,1.9097927808761597,1.3964509963989258,0.33433103561401367,-1.2591488361358643,False
D4LensPINN,20,305,1,r270,H00_preprocess,2.0835981369018555,-0.6522016525268555,-1.2885127067565918,1.5019153356552124,False
D4LensPINN,20,305,1,r270,H01_enc1,2.0835981369018555,-0.6522016525268555,-1.2885127067565918,1.5019153356552124,False
D4LensPINN,20,305,1,r270,H02_enc2,3.388446807861328,-0.696406364440918,-2.226938247680664,2.457098960876465,False
D4LensPINN,20,305,1,r270,H03_enc3,0.822195827960968,-0.7539076805114746,0.08848214149475098,0.3159116506576538,False
D4LensPINN,20,305,1,r270,H04_bot,1.1049920320510864,-0.9839568138122559,0.02482151985168457,0.5022153258323669,False
D4LensPINN,20,305,1,r270,H08_kappa_out,2.0835981369018555,-0.6522016525268555,-1.2885127067565918,1.5019153356552124,False
D4LensPINN,20,305,1,r270,H09_poisson,0.2570374011993408,0.11267328262329102,0.0906667709350586,-0.21249115467071533,False
D4LensPINN,20,305,1,r270,H10_deflection,0.2570374011993408,0.11267328262329102,0.0906667709350586,-0.21249115467071533,False
D4LensPINN,20,305,1,r270,H11_inv_lens,33.995849609375,-17.17865753173828,-17.043794631958008,23.877197265625,False
D4LensPINN,20,305,1,r270,H12_HANDOFF,1.8410799503326416,0.4223904609680176,-1.3583781719207764,1.1687474250793457,False
D4LensPINN,20,305,1,r270,H12b_input_proj,1.8410799503326416,0.4223904609680176,-1.3583781719207764,1.1687474250793457,False
D4LensPINN,20,305,1,r270,H13_eff3,1.8410799503326416,0.4223904609680176,-1.3583781719207764,1.1687474250793457,False
D4LensPINN,20,305,1,r270,H13b_eff4,1.8410799503326416,0.4223904609680176,-1.3583781719207764,1.1687474250793457,False
D4LensPINN,20,305,1,r270,H14_eff5,1.8410799503326416,0.4223904609680176,-1.3583781719207764,1.1687474250793457,False
D4LensPINN,20,305,1,r270,H14b_eff6,1.8410799503326416,0.4223904609680176,-1.3583781719207764,1.1687474250793457,False
D4LensPINN,20,305,1,r270,H15_before_gap,1.8410799503326416,0.4223904609680176,-1.3583781719207764,1.1687474250793457,False
D4LensPINN,20,305,1,r270,H16_after_gap,1.8410799503326416,0.4223904609680176,-1.3583781719207764,1.1687474250793457,False
D4LensPINN,20,305,1,r270,H17_pre_linear,1.8410799503326416,0.4223904609680176,-1.3583781719207764,1.1687474250793457,False
D4LensPINN,20,305,1,flip_h,H00_preprocess,2.69123911857605,-1.2436909675598145,1.9278531074523926,-1.4069056510925293,False
D4LensPINN,20,305,1,flip_h,H01_enc1,2.69123911857605,-1.2436909675598145,1.9278531074523926,-1.4069056510925293,False
D4LensPINN,20,305,1,flip_h,H02_enc2,2.1699588298797607,-1.01513671875,1.542963981628418,-1.1390702724456787,False
D4LensPINN,20,305,1,flip_h,H03_enc3,0.5102317929267883,-0.2784276008605957,0.36547040939331055,-0.2219141721725464,False
D4LensPINN,20,305,1,flip_h,H04_bot,0.5339328646659851,-0.2797994613647461,0.3832979202270508,-0.24470233917236328,False
D4LensPINN,20,305,1,flip_h,H08_kappa_out,2.69123911857605,-1.2436909675598145,1.9278531074523926,-1.4069056510925293,False
D4LensPINN,20,305,1,flip_h,H09_poisson,0.2354765087366104,-0.18064546585083008,0.1401057243347168,-0.05645167827606201,False
D4LensPINN,20,305,1,flip_h,H10_deflection,0.2354765087366104,-0.18064546585083008,0.1401057243347168,-0.05645167827606201,False
D4LensPINN,20,305,1,flip_h,H11_inv_lens,6.9778571128845215,3.3843560218811035,-5.068178176879883,3.39855694770813,False
D4LensPINN,20,305,1,flip_h,H12_HANDOFF,1.1295381784439087,-0.07548856735229492,-0.8323297500610352,0.7598585486412048,False
D4LensPINN,20,305,1,flip_h,H12b_input_proj,1.1295381784439087,-0.07548856735229492,-0.8323297500610352,0.7598585486412048,False
D4LensPINN,20,305,1,flip_h,H13_eff3,1.1295381784439087,-0.07548856735229492,-0.8323297500610352,0.7598585486412048,False
D4LensPINN,20,305,1,flip_h,H13b_eff4,1.1295381784439087,-0.07548856735229492,-0.8323297500610352,0.7598585486412048,False
D4LensPINN,20,305,1,flip_h,H14_eff5,1.1295381784439087,-0.07548856735229492,-0.8323297500610352,0.7598585486412048,False
D4LensPINN,20,305,1,flip_h,H14b_eff6,1.1295381784439087,-0.07548856735229492,-0.8323297500610352,0.7598585486412048,False
D4LensPINN,20,305,1,flip_h,H15_before_gap,1.1295381784439087,-0.07548856735229492,-0.8323297500610352,0.7598585486412048,False
D4LensPINN,20,305,1,flip_h,H16_after_gap,1.1295381784439087,-0.07548856735229492,-0.8323297500610352,0.7598585486412048,False
D4LensPINN,20,305,1,flip_h,H17_pre_linear,1.1295381784439087,-0.07548856735229492,-0.8323297500610352,0.7598585486412048,False
D4LensPINN,20,305,1,flip_h_r90,H00_preprocess,3.6902108192443848,-3.1898770332336426,1.8439393043518066,-0.20549380779266357,False
D4LensPINN,20,305,1,flip_h_r90,H01_enc1,3.6902108192443848,-3.1898770332336426,1.8439393043518066,-0.20549380779266357,False
D4LensPINN,20,305,1,flip_h_r90,H02_enc2,2.808023452758789,-2.4292235374450684,1.3994112014770508,-0.1597425937652588,False
D4LensPINN,20,305,1,flip_h_r90,H03_enc3,0.6799344420433044,-0.5938630104064941,0.006236076354980469,0.33105695247650146,False
D4LensPINN,20,305,1,flip_h_r90,H04_bot,0.9291338324546814,-0.771782398223877,-0.07847929000854492,0.5113536715507507,False
D4LensPINN,20,305,1,flip_h_r90,H08_kappa_out,3.6902108192443848,-3.1898770332336426,1.8439393043518066,-0.20549380779266357,False
D4LensPINN,20,305,1,flip_h_r90,H09_poisson,0.116974838078022,-0.09889888763427734,0.060652732849121094,-0.014945507049560547,False
D4LensPINN,20,305,1,flip_h_r90,H10_deflection,0.116974838078022,-0.09889888763427734,0.060652732849121094,-0.014945507049560547,False
D4LensPINN,20,305,1,flip_h_r90,H11_inv_lens,28.815898895263672,-14.068183898925781,-14.81725788116455,20.319721221923828,False
D4LensPINN,20,305,1,flip_h_r90,H12_HANDOFF,4.048305034637451,-0.7910151481628418,-2.5416412353515625,3.050103187561035,False
D4LensPINN,20,305,1,flip_h_r90,H12b_input_proj,4.048305034637451,-0.7910151481628418,-2.5416412353515625,3.050103187561035,False
D4LensPINN,20,305,1,flip_h_r90,H13_eff3,4.048305034637451,-0.7910151481628418,-2.5416412353515625,3.050103187561035,False
D4LensPINN,20,305,1,flip_h_r90,H13b_eff4,4.048305034637451,-0.7910151481628418,-2.5416412353515625,3.050103187561035,False
D4LensPINN,20,305,1,flip_h_r90,H14_eff5,4.048305034637451,-0.7910151481628418,-2.5416412353515625,3.050103187561035,False
D4LensPINN,20,305,1,flip_h_r90,H14b_eff6,4.048305034637451,-0.7910151481628418,-2.5416412353515625,3.050103187561035,False
D4LensPINN,20,305,1,flip_h_r90,H15_before_gap,4.048305034637451,-0.7910151481628418,-2.5416412353515625,3.050103187561035,False
D4LensPINN,20,305,1,flip_h_r90,H16_after_gap,4.048305034637451,-0.7910151481628418,-2.5416412353515625,3.050103187561035,False
D4LensPINN,20,305,1,flip_h_r90,H17_pre_linear,4.048305034637451,-0.7910151481628418,-2.5416412353515625,3.050103187561035,False
D4LensPINN,20,305,1,flip_h_r180,H00_preprocess,4.708454608917236,-3.167407512664795,-1.5414867401123047,3.1242427825927734,False
D4LensPINN,20,305,1,flip_h_r180,H01_enc1,4.708454608917236,-3.167407512664795,-1.5414867401123047,3.1242427825927734,False
D4LensPINN,20,305,1,flip_h_r180,H02_enc2,3.3213932514190674,-1.9200153350830078,-1.3512284755706787,2.349335193634033,False
D4LensPINN,20,305,1,flip_h_r180,H03_enc3,0.19685152173042297,-0.06987237930297852,-0.0926964282989502,0.15898346900939941,False
D4LensPINN,20,305,1,flip_h_r180,H04_bot,0.1245836541056633,-0.0673227310180664,-0.037764787673950195,0.09778833389282227,False
D4LensPINN,20,305,1,flip_h_r180,H08_kappa_out,4.708454608917236,-3.167407512664795,-1.5414867401123047,3.1242427825927734,False
D4LensPINN,20,305,1,flip_h_r180,H09_poisson,0.23495277762413025,-0.2172222137451172,0.060546875,0.06596505641937256,False
D4LensPINN,20,305,1,flip_h_r180,H10_deflection,0.23495277762413025,-0.2172222137451172,0.060546875,0.06596505641937256,False
D4LensPINN,20,305,1,flip_h_r180,H11_inv_lens,5.8383965492248535,1.364994764328003,-4.205719470977783,3.8125569820404053,False
D4LensPINN,20,305,1,flip_h_r180,H12_HANDOFF,0.9366744756698608,0.3612370491027832,0.30555105209350586,-0.8083968162536621,False
D4LensPINN,20,305,1,flip_h_r180,H12b_input_proj,0.9366744756698608,0.3612370491027832,0.30555105209350586,-0.8083968162536621,False
D4LensPINN,20,305,1,flip_h_r180,H13_eff3,0.9366744756698608,0.3612370491027832,0.30555105209350586,-0.8083968162536621,False
D4LensPINN,20,305,1,flip_h_r180,H13b_eff4,0.9366744756698608,0.3612370491027832,0.30555105209350586,-0.8083968162536621,False
D4LensPINN,20,305,1,flip_h_r180,H14_eff5,0.9366744756698608,0.3612370491027832,0.30555105209350586,-0.8083968162536621,False
D4LensPINN,20,305,1,flip_h_r180,H14b_eff6,0.9366744756698608,0.3612370491027832,0.30555105209350586,-0.8083968162536621,False
D4LensPINN,20,305,1,flip_h_r180,H15_before_gap,0.9366744756698608,0.3612370491027832,0.30555105209350586,-0.8083968162536621,False
D4LensPINN,20,305,1,flip_h_r180,H16_after_gap,0.9366744756698608,0.3612370491027832,0.30555105209350586,-0.8083968162536621,False
D4LensPINN,20,305,1,flip_h_r180,H17_pre_linear,0.9366744756698608,0.3612370491027832,0.30555105209350586,-0.8083968162536621,False
D4LensPINN,20,305,1,flip_h_r270,H00_preprocess,0.17676770687103271,0.039166927337646484,-0.17228960990905762,0.005391240119934082,False
D4LensPINN,20,305,1,flip_h_r270,H01_enc1,0.17676770687103271,0.039166927337646484,-0.17228960990905762,0.005391240119934082,False
D4LensPINN,20,305,1,flip_h_r270,H02_enc2,0.41967469453811646,0.002414226531982422,0.19664239883422852,-0.3707462549209595,False
D4LensPINN,20,305,1,flip_h_r270,H03_enc3,1.0226471424102783,-0.9321656227111816,0.09749579429626465,0.40910762548446655,False
D4LensPINN,20,305,1,flip_h_r270,H04_bot,1.2138903141021729,-1.0292963981628418,-0.08220410346984863,0.6382171511650085,False
D4LensPINN,20,305,1,flip_h_r270,H08_kappa_out,0.17676770687103271,0.039166927337646484,-0.17228960990905762,0.005391240119934082,False
D4LensPINN,20,305,1,flip_h_r270,H09_poisson,0.5268343687057495,-0.0797433853149414,0.3689241409301758,-0.3675464391708374,False
D4LensPINN,20,305,1,flip_h_r270,H10_deflection,0.5268343687057495,-0.0797433853149414,0.3689241409301758,-0.3675464391708374,False
D4LensPINN,20,305,1,flip_h_r270,H11_inv_lens,37.0716552734375,-19.15184783935547,-18.3620548248291,25.891103744506836,False
D4LensPINN,20,305,1,flip_h_r270,H12_HANDOFF,3.447113513946533,-1.8721957206726074,-1.4788081645965576,2.4880919456481934,False
D4LensPINN,20,305,1,flip_h_r270,H12b_input_proj,3.447113513946533,-1.8721957206726074,-1.4788081645965576,2.4880919456481934,False
D4LensPINN,20,305,1,flip_h_r270,H13_eff3,3.447113513946533,-1.8721957206726074,-1.4788081645965576,2.4880919456481934,False
D4LensPINN,20,305,1,flip_h_r270,H13b_eff4,3.447113513946533,-1.8721957206726074,-1.4788081645965576,2.4880919456481934,False
D4LensPINN,20,305,1,flip_h_r270,H14_eff5,3.447113513946533,-1.8721957206726074,-1.4788081645965576,2.4880919456481934,False
D4LensPINN,20,305,1,flip_h_r270,H14b_eff6,3.447113513946533,-1.8721957206726074,-1.4788081645965576,2.4880919456481934,False
D4LensPINN,20,305,1,flip_h_r270,H15_before_gap,3.447113513946533,-1.8721957206726074,-1.4788081645965576,2.4880919456481934,False
D4LensPINN,20,305,1,flip_h_r270,H16_after_gap,3.447113513946533,-1.8721957206726074,-1.4788081645965576,2.4880919456481934,False
D4LensPINN,20,305,1,flip_h_r270,H17_pre_linear,3.447113513946533,-1.8721957206726074,-1.4788081645965576,2.4880919456481934,False
D4LensPINN,21,310,1,e,H00_preprocess,0.0,0.0,0.0,0.0,False
D4LensPINN,21,310,1,e,H01_enc1,0.0,0.0,0.0,0.0,False
D4LensPINN,21,310,1,e,H02_enc2,0.0,0.0,0.0,0.0,False
D4LensPINN,21,310,1,e,H03_enc3,0.0,0.0,0.0,0.0,False
D4LensPINN,21,310,1,e,H04_bot,0.0,0.0,0.0,0.0,False
D4LensPINN,21,310,1,e,H08_kappa_out,0.0,0.0,0.0,0.0,False
D4LensPINN,21,310,1,e,H09_poisson,0.0,0.0,0.0,0.0,False
D4LensPINN,21,310,1,e,H10_deflection,0.0,0.0,0.0,0.0,False
D4LensPINN,21,310,1,e,H11_inv_lens,0.0,0.0,0.0,0.0,False
D4LensPINN,21,310,1,e,H12_HANDOFF,0.0,0.0,0.0,0.0,False
D4LensPINN,21,310,1,e,H12b_input_proj,0.0,0.0,0.0,0.0,False
D4LensPINN,21,310,1,e,H13_eff3,0.0,0.0,0.0,0.0,False
D4LensPINN,21,310,1,e,H13b_eff4,0.0,0.0,0.0,0.0,False
D4LensPINN,21,310,1,e,H14_eff5,0.0,0.0,0.0,0.0,False
D4LensPINN,21,310,1,e,H14b_eff6,0.0,0.0,0.0,0.0,False
D4LensPINN,21,310,1,e,H15_before_gap,0.0,0.0,0.0,0.0,False
D4LensPINN,21,310,1,e,H16_after_gap,0.0,0.0,0.0,0.0,False
D4LensPINN,21,310,1,e,H17_pre_linear,0.0,0.0,0.0,0.0,False
D4LensPINN,21,310,1,r90,H00_preprocess,6.30245304107666,3.0477800369262695,-4.575100421905518,3.08227276802063,False
D4LensPINN,21,310,1,r90,H01_enc1,6.30245304107666,3.0477800369262695,-4.575100421905518,3.08227276802063,False
D4LensPINN,21,310,1,r90,H02_enc2,6.4346394538879395,3.4805243015289307,-4.580438613891602,2.8827269077301025,False
D4LensPINN,21,310,1,r90,H03_enc3,1.1709532737731934,-0.8608174324035645,0.7419571876525879,-0.2821779251098633,False
D4LensPINN,21,310,1,r90,H04_bot,1.274322748184204,-0.991114616394043,0.7649555206298828,-0.23755693435668945,False
D4LensPINN,21,310,1,r90,H08_kappa_out,6.30245304107666,3.0477800369262695,-4.575100421905518,3.08227276802063,False
D4LensPINN,21,310,1,r90,H09_poisson,0.4090363383293152,0.004757404327392578,0.29418420791625977,-0.28415441513061523,False
D4LensPINN,21,310,1,r90,H10_deflection,0.4090363383293152,0.004757404327392578,0.29418420791625977,-0.28415441513061523,False
D4LensPINN,21,310,1,r90,H11_inv_lens,13.663000106811523,0.9824156761169434,-9.83465576171875,9.433555603027344,False
D4LensPINN,21,310,1,r90,H12_HANDOFF,5.465656757354736,3.4589271545410156,-3.766589641571045,1.9292560815811157,False
D4LensPINN,21,310,1,r90,H12b_input_proj,5.465656757354736,3.4589271545410156,-3.766589641571045,1.9292560815811157,False
D4LensPINN,21,310,1,r90,H13_eff3,5.465656757354736,3.4589271545410156,-3.766589641571045,1.9292560815811157,False
D4LensPINN,21,310,1,r90,H13b_eff4,5.465656757354736,3.4589271545410156,-3.766589641571045,1.9292560815811157,False
D4LensPINN,21,310,1,r90,H14_eff5,5.465656757354736,3.4589271545410156,-3.766589641571045,1.9292560815811157,False
D4LensPINN,21,310,1,r90,H14b_eff6,5.465656757354736,3.4589271545410156,-3.766589641571045,1.9292560815811157,False
D4LensPINN,21,310,1,r90,H15_before_gap,5.465656757354736,3.4589271545410156,-3.766589641571045,1.9292560815811157,False
D4LensPINN,21,310,1,r90,H16_after_gap,5.465656757354736,3.4589271545410156,-3.766589641571045,1.9292560815811157,False
D4LensPINN,21,310,1,r90,H17_pre_linear,5.465656757354736,3.4589271545410156,-3.766589641571045,1.9292560815811157,False
D4LensPINN,21,310,1,r180,H00_preprocess,7.1184258460998535,5.066819190979004,-4.560135364532471,2.050487756729126,False
D4LensPINN,21,310,1,r180,H01_enc1,7.1184258460998535,5.066819190979004,-4.560135364532471,2.050487756729126,False
D4LensPINN,21,310,1,r180,H02_enc2,6.335417747497559,3.7726149559020996,-4.413813591003418,2.534392833709717,False
D4LensPINN,21,310,1,r180,H03_enc3,0.7075183391571045,0.08284330368041992,-0.5231680870056152,0.4690568447113037,False
D4LensPINN,21,310,1,r180,H04_bot,0.4946194291114807,0.20244455337524414,-0.36841726303100586,0.26064014434814453,False
D4LensPINN,21,310,1,r180,H08_kappa_out,7.1184258460998535,5.066819190979004,-4.560135364532471,2.050487756729126,False
D4LensPINN,21,310,1,r180,H09_poisson,0.4017336666584015,-0.05555868148803711,0.30146265029907227,-0.2596602439880371,False
D4LensPINN,21,310,1,r180,H10_deflection,0.4017336666584015,-0.05555868148803711,0.30146265029907227,-0.2596602439880371,False
D4LensPINN,21,310,1,r180,H11_inv_lens,19.127422332763672,-2.7717809677124023,-13.017197608947754,13.737834930419922,False
D4LensPINN,21,310,1,r180,H12_HANDOFF,3.9347994327545166,2.0978798866271973,-2.7912545204162598,1.8139584064483643,False
D4LensPINN,21,310,1,r180,H12b_input_proj,3.9347994327545166,2.0978798866271973,-2.7912545204162598,1.8139584064483643,False
D4LensPINN,21,310,1,r180,H13_eff3,3.9347994327545166,2.0978798866271973,-2.7912545204162598,1.8139584064483643,False
D4LensPINN,21,310,1,r180,H13b_eff4,3.9347994327545166,2.0978798866271973,-2.7912545204162598,1.8139584064483643,False
D4LensPINN,21,310,1,r180,H14_eff5,3.9347994327545166,2.0978798866271973,-2.7912545204162598,1.8139584064483643,False
D4LensPINN,21,310,1,r180,H14b_eff6,3.9347994327545166,2.0978798866271973,-2.7912545204162598,1.8139584064483643,False
D4LensPINN,21,310,1,r180,H15_before_gap,3.9347994327545166,2.0978798866271973,-2.7912545204162598,1.8139584064483643,False
D4LensPINN,21,310,1,r180,H16_after_gap,3.9347994327545166,2.0978798866271973,-2.7912545204162598,1.8139584064483643,False
D4LensPINN,21,310,1,r180,H17_pre_linear,3.9347994327545166,2.0978798866271973,-2.7912545204162598,1.8139584064483643,False
D4LensPINN,21,310,1,r270,H00_preprocess,6.140380859375,5.460253715515137,-2.8084404468536377,-0.050667643547058105,False
D4LensPINN,21,310,1,r270,H01_enc1,6.140380859375,5.460253715515137,-2.8084404468536377,-0.050667643547058105,False
D4LensPINN,21,310,1,r270,H02_enc2,5.894350051879883,5.19027042388916,-2.7902214527130127,0.1382664442062378,False
D4LensPINN,21,310,1,r270,H03_enc3,1.3610079288482666,-1.0270605087280273,-0.3248414993286133,0.8318456411361694,False
D4LensPINN,21,310,1,r270,H04_bot,1.0445427894592285,-0.907444953918457,-0.06294775009155273,0.5134695768356323,False
D4LensPINN,21,310,1,r270,H08_kappa_out,6.140380859375,5.460253715515137,-2.8084404468536377,-0.050667643547058105,False
D4LensPINN,21,310,1,r270,H09_poisson,0.5143235325813293,0.017259597778320312,0.3601212501525879,-0.36680173873901367,False
D4LensPINN,21,310,1,r270,H10_deflection,0.5143235325813293,0.017259597778320312,0.3601212501525879,-0.36680173873901367,False
D4LensPINN,21,310,1,r270,H11_inv_lens,9.743011474609375,5.090847015380859,-6.856513023376465,4.690179347991943,False
D4LensPINN,21,310,1,r270,H12_HANDOFF,5.651139259338379,4.768642425537109,-2.9845778942108154,0.5363953113555908,False
D4LensPINN,21,310,1,r270,H12b_input_proj,5.651139259338379,4.768642425537109,-2.9845778942108154,0.5363953113555908,False
D4LensPINN,21,310,1,r270,H13_eff3,5.651139259338379,4.768642425537109,-2.9845778942108154,0.5363953113555908,False
D4LensPINN,21,310,1,r270,H13b_eff4,5.651139259338379,4.768642425537109,-2.9845778942108154,0.5363953113555908,False
D4LensPINN,21,310,1,r270,H14_eff5,5.651139259338379,4.768642425537109,-2.9845778942108154,0.5363953113555908,False
D4LensPINN,21,310,1,r270,H14b_eff6,5.651139259338379,4.768642425537109,-2.9845778942108154,0.5363953113555908,False
D4LensPINN,21,310,1,r270,H15_before_gap,5.651139259338379,4.768642425537109,-2.9845778942108154,0.5363953113555908,False
D4LensPINN,21,310,1,r270,H16_after_gap,5.651139259338379,4.768642425537109,-2.9845778942108154,0.5363953113555908,False
D4LensPINN,21,310,1,r270,H17_pre_linear,5.651139259338379,4.768642425537109,-2.9845778942108154,0.5363953113555908,False
D4LensPINN,21,310,1,flip_h,H00_preprocess,6.44685697555542,4.257318496704102,-4.302556991577148,2.2192814350128174,False
D4LensPINN,21,310,1,flip_h,H01_enc1,6.44685697555542,4.257318496704102,-4.302556991577148,2.2192814350128174,False
D4LensPINN,21,310,1,flip_h,H02_enc2,6.597596168518066,4.2984442710876465,-4.426894187927246,2.335435628890991,False
D4LensPINN,21,310,1,flip_h,H03_enc3,0.7399285435676575,-0.3298649787902832,-0.38433408737182617,0.539417028427124,False
D4LensPINN,21,310,1,flip_h,H04_bot,0.5737749934196472,-0.22029733657836914,-0.32114505767822266,0.4213700294494629,False
D4LensPINN,21,310,1,flip_h,H08_kappa_out,6.44685697555542,4.257318496704102,-4.302556991577148,2.2192814350128174,False
D4LensPINN,21,310,1,flip_h,H09_poisson,0.16888336837291718,-0.13547468185424805,-0.022066593170166016,0.09839344024658203,False
D4LensPINN,21,310,1,flip_h,H10_deflection,0.16888336837291718,-0.13547468185424805,-0.022066593170166016,0.09839344024658203,False
D4LensPINN,21,310,1,flip_h,H11_inv_lens,8.386804580688477,4.980741500854492,-5.700026035308838,3.6111512184143066,False
D4LensPINN,21,310,1,flip_h,H12_HANDOFF,4.7553839683532715,1.443554401397705,-3.58781361579895,2.7672042846679688,False
D4LensPINN,21,310,1,flip_h,H12b_input_proj,4.7553839683532715,1.443554401397705,-3.58781361579895,2.7672042846679688,False
D4LensPINN,21,310,1,flip_h,H13_eff3,4.7553839683532715,1.443554401397705,-3.58781361579895,2.7672042846679688,False
D4LensPINN,21,310,1,flip_h,H13b_eff4,4.7553839683532715,1.443554401397705,-3.58781361579895,2.7672042846679688,False
D4LensPINN,21,310,1,flip_h,H14_eff5,4.7553839683532715,1.443554401397705,-3.58781361579895,2.7672042846679688,False
D4LensPINN,21,310,1,flip_h,H14b_eff6,4.7553839683532715,1.443554401397705,-3.58781361579895,2.7672042846679688,False
D4LensPINN,21,310,1,flip_h,H15_before_gap,4.7553839683532715,1.443554401397705,-3.58781361579895,2.7672042846679688,False
D4LensPINN,21,310,1,flip_h,H16_after_gap,4.7553839683532715,1.443554401397705,-3.58781361579895,2.7672042846679688,False
D4LensPINN,21,310,1,flip_h,H17_pre_linear,4.7553839683532715,1.443554401397705,-3.58781361579895,2.7672042846679688,False
D4LensPINN,21,310,1,flip_h_r90,H00_preprocess,2.882922887802124,2.6360878944396973,-1.1462090015411377,-0.22020626068115234,False
D4LensPINN,21,310,1,flip_h_r90,H01_enc1,2.882922887802124,2.6360878944396973,-1.1462090015411377,-0.22020626068115234,False
D4LensPINN,21,310,1,flip_h_r90,H02_enc2,2.828277826309204,2.4624319076538086,-1.3841807842254639,0.1401005983352661,False
D4LensPINN,21,310,1,flip_h_r90,H03_enc3,1.6257224082946777,-1.1370830535888672,1.0722393989562988,-0.44756901264190674,False
D4LensPINN,21,310,1,flip_h_r90,H04_bot,1.6500035524368286,-1.1543426513671875,1.0868382453918457,-0.4569326639175415,False
D4LensPINN,21,310,1,flip_h_r90,H08_kappa_out,2.882922887802124,2.6360878944396973,-1.1462090015411377,-0.22020626068115234,False
D4LensPINN,21,310,1,flip_h_r90,H09_poisson,0.09579519927501678,0.057305335998535156,0.0422515869140625,-0.06409072875976562,False
D4LensPINN,21,310,1,flip_h_r90,H10_deflection,0.09579519927501678,0.057305335998535156,0.0422515869140625,-0.06409072875976562,False
D4LensPINN,21,310,1,flip_h_r90,H11_inv_lens,7.791179180145264,4.491469383239746,-5.363652229309082,3.4293456077575684,False
D4LensPINN,21,310,1,flip_h_r90,H12_HANDOFF,3.429551839828491,2.910642147064209,-1.7919883728027344,0.2806509733200073,False
D4LensPINN,21,310,1,flip_h_r90,H12b_input_proj,3.429551839828491,2.910642147064209,-1.7919883728027344,0.2806509733200073,False
D4LensPINN,21,310,1,flip_h_r90,H13_eff3,3.429551839828491,2.910642147064209,-1.7919883728027344,0.2806509733200073,False
D4LensPINN,21,310,1,flip_h_r90,H13b_eff4,3.429551839828491,2.910642147064209,-1.7919883728027344,0.2806509733200073,False
D4LensPINN,21,310,1,flip_h_r90,H14_eff5,3.429551839828491,2.910642147064209,-1.7919883728027344,0.2806509733200073,False
D4LensPINN,21,310,1,flip_h_r90,H14b_eff6,3.429551839828491,2.910642147064209,-1.7919883728027344,0.2806509733200073,False
D4LensPINN,21,310,1,flip_h_r90,H15_before_gap,3.429551839828491,2.910642147064209,-1.7919883728027344,0.2806509733200073,False
D4LensPINN,21,310,1,flip_h_r90,H16_after_gap,3.429551839828491,2.910642147064209,-1.7919883728027344,0.2806509733200073,False
D4LensPINN,21,310,1,flip_h_r90,H17_pre_linear,3.429551839828491,2.910642147064209,-1.7919883728027344,0.2806509733200073,False
D4LensPINN,21,310,1,flip_h_r180,H00_preprocess,5.191057205200195,3.7804994583129883,-3.262773275375366,1.417465329170227,False
D4LensPINN,21,310,1,flip_h_r180,H01_enc1,5.191057205200195,3.7804994583129883,-3.262773275375366,1.417465329170227,False
D4LensPINN,21,310,1,flip_h_r180,H02_enc2,5.461001396179199,3.9708313941955566,-3.4334871768951416,1.505391001701355,False
D4LensPINN,21,310,1,flip_h_r180,H03_enc3,0.37167784571647644,0.3493027687072754,-0.04139423370361328,-0.12007713317871094,False
D4LensPINN,21,310,1,flip_h_r180,H04_bot,0.4855967164039612,0.38571596145629883,-0.2779965400695801,0.09871828556060791,False
D4LensPINN,21,310,1,flip_h_r180,H08_kappa_out,5.191057205200195,3.7804994583129883,-3.262773275375366,1.417465329170227,False
D4LensPINN,21,310,1,flip_h_r180,H09_poisson,0.4808200001716614,-0.03708934783935547,0.3519773483276367,-0.32545995712280273,False
D4LensPINN,21,310,1,flip_h_r180,H10_deflection,0.4808200001716614,-0.03708934783935547,0.3519773483276367,-0.32545995712280273,False
D4LensPINN,21,310,1,flip_h_r180,H11_inv_lens,25.793508529663086,-7.582490921020508,-16.12803840637207,18.646642684936523,False
D4LensPINN,21,310,1,flip_h_r180,H12_HANDOFF,4.870885848999023,1.961906909942627,-3.622049331665039,2.59946346282959,False
D4LensPINN,21,310,1,flip_h_r180,H12b_input_proj,4.870885848999023,1.961906909942627,-3.622049331665039,2.59946346282959,False
D4LensPINN,21,310,1,flip_h_r180,H13_eff3,4.870885848999023,1.961906909942627,-3.622049331665039,2.59946346282959,False
D4LensPINN,21,310,1,flip_h_r180,H13b_eff4,4.870885848999023,1.961906909942627,-3.622049331665039,2.59946346282959,False
D4LensPINN,21,310,1,flip_h_r180,H14_eff5,4.870885848999023,1.961906909942627,-3.622049331665039,2.59946346282959,False
D4LensPINN,21,310,1,flip_h_r180,H14b_eff6,4.870885848999023,1.961906909942627,-3.622049331665039,2.59946346282959,False
D4LensPINN,21,310,1,flip_h_r180,H15_before_gap,4.870885848999023,1.961906909942627,-3.622049331665039,2.59946346282959,False
D4LensPINN,21,310,1,flip_h_r180,H16_after_gap,4.870885848999023,1.961906909942627,-3.622049331665039,2.59946346282959,False
D4LensPINN,21,310,1,flip_h_r180,H17_pre_linear,4.870885848999023,1.961906909942627,-3.622049331665039,2.59946346282959,False
D4LensPINN,21,310,1,flip_h_r270,H00_preprocess,6.179703712463379,1.8504080772399902,-4.625298976898193,3.656684398651123,False
D4LensPINN,21,310,1,flip_h_r270,H01_enc1,6.179703712463379,1.8504080772399902,-4.625298976898193,3.656684398651123,False
D4LensPINN,21,310,1,flip_h_r270,H02_enc2,8.207406044006348,0.10503530502319336,-5.878252029418945,5.726834774017334,False
D4LensPINN,21,310,1,flip_h_r270,H03_enc3,1.1265367269515991,-1.0100221633911133,-0.012359142303466797,0.49878597259521484,False
D4LensPINN,21,310,1,flip_h_r270,H04_bot,0.9874066114425659,-0.9167308807373047,0.08201313018798828,0.35756146907806396,False
D4LensPINN,21,310,1,flip_h_r270,H08_kappa_out,6.179703712463379,1.8504080772399902,-4.625298976898193,3.656684398651123,False
D4LensPINN,21,310,1,flip_h_r270,H09_poisson,0.7001360058784485,0.009494304656982422,0.49289369583129883,-0.49714791774749756,False
D4LensPINN,21,310,1,flip_h_r270,H10_deflection,0.7001360058784485,0.009494304656982422,0.49289369583129883,-0.49714791774749756,False
D4LensPINN,21,310,1,flip_h_r270,H11_inv_lens,11.29549503326416,4.440825462341309,-8.237821578979492,6.324996471405029,False
D4LensPINN,21,310,1,flip_h_r270,H12_HANDOFF,5.5986785888671875,4.034058094024658,-3.5727720260620117,1.5188405513763428,False
D4LensPINN,21,310,1,flip_h_r270,H12b_input_proj,5.5986785888671875,4.034058094024658,-3.5727720260620117,1.5188405513763428,False
D4LensPINN,21,310,1,flip_h_r270,H13_eff3,5.5986785888671875,4.034058094024658,-3.5727720260620117,1.5188405513763428,False
D4LensPINN,21,310,1,flip_h_r270,H13b_eff4,5.5986785888671875,4.034058094024658,-3.5727720260620117,1.5188405513763428,False
D4LensPINN,21,310,1,flip_h_r270,H14_eff5,5.5986785888671875,4.034058094024658,-3.5727720260620117,1.5188405513763428,False
D4LensPINN,21,310,1,flip_h_r270,H14b_eff6,5.5986785888671875,4.034058094024658,-3.5727720260620117,1.5188405513763428,False
D4LensPINN,21,310,1,flip_h_r270,H15_before_gap,5.5986785888671875,4.034058094024658,-3.5727720260620117,1.5188405513763428,False
D4LensPINN,21,310,1,flip_h_r270,H16_after_gap,5.5986785888671875,4.034058094024658,-3.5727720260620117,1.5188405513763428,False
D4LensPINN,21,310,1,flip_h_r270,H17_pre_linear,5.5986785888671875,4.034058094024658,-3.5727720260620117,1.5188405513763428,False
D4LensPINN,22,337,1,e,H00_preprocess,0.0,0.0,0.0,0.0,False
D4LensPINN,22,337,1,e,H01_enc1,0.0,0.0,0.0,0.0,False
D4LensPINN,22,337,1,e,H02_enc2,0.0,0.0,0.0,0.0,False
D4LensPINN,22,337,1,e,H03_enc3,0.0,0.0,0.0,0.0,False
D4LensPINN,22,337,1,e,H04_bot,0.0,0.0,0.0,0.0,False
D4LensPINN,22,337,1,e,H08_kappa_out,0.0,0.0,0.0,0.0,False
D4LensPINN,22,337,1,e,H09_poisson,0.0,0.0,0.0,0.0,False
D4LensPINN,22,337,1,e,H10_deflection,0.0,0.0,0.0,0.0,False
D4LensPINN,22,337,1,e,H11_inv_lens,0.0,0.0,0.0,0.0,False
D4LensPINN,22,337,1,e,H12_HANDOFF,0.0,0.0,0.0,0.0,False
D4LensPINN,22,337,1,e,H12b_input_proj,0.0,0.0,0.0,0.0,False
D4LensPINN,22,337,1,e,H13_eff3,0.0,0.0,0.0,0.0,False
D4LensPINN,22,337,1,e,H13b_eff4,0.0,0.0,0.0,0.0,False
D4LensPINN,22,337,1,e,H14_eff5,0.0,0.0,0.0,0.0,False
D4LensPINN,22,337,1,e,H14b_eff6,0.0,0.0,0.0,0.0,False
D4LensPINN,22,337,1,e,H15_before_gap,0.0,0.0,0.0,0.0,False
D4LensPINN,22,337,1,e,H16_after_gap,0.0,0.0,0.0,0.0,False
D4LensPINN,22,337,1,e,H17_pre_linear,0.0,0.0,0.0,0.0,False
D4LensPINN,22,337,1,r90,H00_preprocess,0.5326449871063232,0.16011667251586914,0.1364707350730896,-0.489335298538208,False
D4LensPINN,22,337,1,r90,H01_enc1,0.5326449871063232,0.16011667251586914,0.1364707350730896,-0.489335298538208,False
D4LensPINN,22,337,1,r90,H02_enc2,0.6219671368598938,0.4057176113128662,-0.09314030408859253,-0.46212685108184814,False
D4LensPINN,22,337,1,r90,H03_enc3,0.600380003452301,0.3224351406097412,0.10967463254928589,-0.4944322109222412,False
D4LensPINN,22,337,1,r90,H04_bot,0.4518827497959137,0.23082828521728516,0.09866076707839966,-0.37574243545532227,False
D4LensPINN,22,337,1,r90,H08_kappa_out,0.5326449871063232,0.16011667251586914,0.1364707350730896,-0.489335298538208,False
D4LensPINN,22,337,1,r90,H09_poisson,0.7386060357093811,0.41896653175354004,0.1011468768119812,-0.5998126268386841,False
D4LensPINN,22,337,1,r90,H10_deflection,0.7386060357093811,0.41896653175354004,0.1011468768119812,-0.5998126268386841,False
D4LensPINN,22,337,1,r90,H11_inv_lens,26.493249893188477,-18.28879165649414,-8.673118591308594,17.093549728393555,False
D4LensPINN,22,337,1,r90,H12_HANDOFF,2.4027938842773438,-2.0906713008880615,0.5491374135017395,1.0492668151855469,False
D4LensPINN,22,337,1,r90,H12b_input_proj,2.4027938842773438,-2.0906713008880615,0.5491374135017395,1.0492668151855469,False
D4LensPINN,22,337,1,r90,H13_eff3,2.4027938842773438,-2.0906713008880615,0.5491374135017395,1.0492668151855469,False
D4LensPINN,22,337,1,r90,H13b_eff4,2.4027938842773438,-2.0906713008880615,0.5491374135017395,1.0492668151855469,False
D4LensPINN,22,337,1,r90,H14_eff5,2.4027938842773438,-2.0906713008880615,0.5491374135017395,1.0492668151855469,False
D4LensPINN,22,337,1,r90,H14b_eff6,2.4027938842773438,-2.0906713008880615,0.5491374135017395,1.0492668151855469,False
D4LensPINN,22,337,1,r90,H15_before_gap,2.4027938842773438,-2.0906713008880615,0.5491374135017395,1.0492668151855469,False
D4LensPINN,22,337,1,r90,H16_after_gap,2.4027938842773438,-2.0906713008880615,0.5491374135017395,1.0492668151855469,False
D4LensPINN,22,337,1,r90,H17_pre_linear,2.4027938842773438,-2.0906713008880615,0.5491374135017395,1.0492668151855469,False
D4LensPINN,22,337,1,r180,H00_preprocess,0.7681187391281128,-0.19271492958068848,-0.4406019449234009,0.5989468097686768,False
D4LensPINN,22,337,1,r180,H01_enc1,0.7681187391281128,-0.19271492958068848,-0.4406019449234009,0.5989468097686768,False
D4LensPINN,22,337,1,r180,H02_enc2,0.5616559982299805,0.23379278182983398,-0.4844001531600952,0.16172480583190918,False
D4LensPINN,22,337,1,r180,H03_enc3,1.7673640251159668,-1.4661650657653809,0.9826074242591858,0.09174990653991699,False
D4LensPINN,22,337,1,r180,H04_bot,0.7675026655197144,-0.5481719970703125,0.5340617299079895,-0.057843685150146484,False
D4LensPINN,22,337,1,r180,H08_kappa_out,0.7681187391281128,-0.19271492958068848,-0.4406019449234009,0.5989468097686768,False
D4LensPINN,22,337,1,r180,H09_poisson,0.8101298213005066,0.2813901901245117,0.3370005190372467,-0.6808527708053589,False
D4LensPINN,22,337,1,r180,H10_deflection,0.8101298213005066,0.2813901901245117,0.3370005190372467,-0.6808527708053589,False
D4LensPINN,22,337,1,r180,H11_inv_lens,10.229132652282715,-7.386560916900635,-2.7207417488098145,6.5323381423950195,False
D4LensPINN,22,337,1,r180,H12_HANDOFF,3.3285775184631348,-2.9013400077819824,0.3564906120300293,1.5920329093933105,False
D4LensPINN,22,337,1,r180,H12b_input_proj,3.3285775184631348,-2.9013400077819824,0.3564906120300293,1.5920329093933105,False
D4LensPINN,22,337,1,r180,H13_eff3,3.3285775184631348,-2.9013400077819824,0.3564906120300293,1.5920329093933105,False
D4LensPINN,22,337,1,r180,H13b_eff4,3.3285775184631348,-2.9013400077819824,0.3564906120300293,1.5920329093933105,False
D4LensPINN,22,337,1,r180,H14_eff5,3.3285775184631348,-2.9013400077819824,0.3564906120300293,1.5920329093933105,False
D4LensPINN,22,337,1,r180,H14b_eff6,3.3285775184631348,-2.9013400077819824,0.3564906120300293,1.5920329093933105,False
D4LensPINN,22,337,1,r180,H15_before_gap,3.3285775184631348,-2.9013400077819824,0.3564906120300293,1.5920329093933105,False
D4LensPINN,22,337,1,r180,H16_after_gap,3.3285775184631348,-2.9013400077819824,0.3564906120300293,1.5920329093933105,False
D4LensPINN,22,337,1,r180,H17_pre_linear,3.3285775184631348,-2.9013400077819824,0.3564906120300293,1.5920329093933105,False
D4LensPINN,22,337,1,r270,H00_preprocess,2.749457359313965,-2.0488157272338867,-0.3189009428024292,1.805594563484192,False
D4LensPINN,22,337,1,r270,H01_enc1,2.749457359313965,-2.0488157272338867,-0.3189009428024292,1.805594563484192,False
D4LensPINN,22,337,1,r270,H02_enc2,1.8282285928726196,-1.0529897212982178,-0.4899195432662964,1.411953091621399,False
D4LensPINN,22,337,1,r270,H03_enc3,0.8408044576644897,-0.5969569683074951,0.05954551696777344,0.5891084671020508,False
D4LensPINN,22,337,1,r270,H04_bot,0.71417236328125,-0.4819202423095703,0.0072800517082214355,0.5270123481750488,False
D4LensPINN,22,337,1,r270,H08_kappa_out,2.749457359313965,-2.0488157272338867,-0.3189009428024292,1.805594563484192,False
D4LensPINN,22,337,1,r270,H09_poisson,0.30020222067832947,0.14886903762817383,0.07256221771240234,-0.25038790702819824,False
D4LensPINN,22,337,1,r270,H10_deflection,0.30020222067832947,0.14886903762817383,0.07256221771240234,-0.25038790702819824,False
D4LensPINN,22,337,1,r270,H11_inv_lens,39.418304443359375,-26.59156036376953,-13.997108459472656,25.510244369506836,False
D4LensPINN,22,337,1,r270,H12_HANDOFF,6.107857704162598,-5.477036952972412,2.6203651428222656,0.6645901799201965,False
D4LensPINN,22,337,1,r270,H12b_input_proj,6.107857704162598,-5.477036952972412,2.6203651428222656,0.6645901799201965,False
D4LensPINN,22,337,1,r270,H13_eff3,6.107857704162598,-5.477036952972412,2.6203651428222656,0.6645901799201965,False
D4LensPINN,22,337,1,r270,H13b_eff4,6.107857704162598,-5.477036952972412,2.6203651428222656,0.6645901799201965,False
D4LensPINN,22,337,1,r270,H14_eff5,6.107857704162598,-5.477036952972412,2.6203651428222656,0.6645901799201965,False
D4LensPINN,22,337,1,r270,H14b_eff6,6.107857704162598,-5.477036952972412,2.6203651428222656,0.6645901799201965,False
D4LensPINN,22,337,1,r270,H15_before_gap,6.107857704162598,-5.477036952972412,2.6203651428222656,0.6645901799201965,False
D4LensPINN,22,337,1,r270,H16_after_gap,6.107857704162598,-5.477036952972412,2.6203651428222656,0.6645901799201965,False
D4LensPINN,22,337,1,r270,H17_pre_linear,6.107857704162598,-5.477036952972412,2.6203651428222656,0.6645901799201965,False
D4LensPINN,22,337,1,flip_h,H00_preprocess,0.7237298488616943,-0.4905519485473633,-0.09010261297225952,0.5244284272193909,False
D4LensPINN,22,337,1,flip_h,H01_enc1,0.7237298488616943,-0.4905519485473633,-0.09010261297225952,0.5244284272193909,False
D4LensPINN,22,337,1,flip_h,H02_enc2,0.40956351161003113,0.2920846939086914,-0.11781865358352661,-0.2618159055709839,False
D4LensPINN,22,337,1,flip_h,H03_enc3,1.9644685983657837,-1.52324378490448,-0.029250919818878174,1.240165114402771,False
D4LensPINN,22,337,1,flip_h,H04_bot,1.057159185409546,-0.6966900825500488,-0.13463544845581055,0.7836336493492126,False
D4LensPINN,22,337,1,flip_h,H08_kappa_out,0.7237298488616943,-0.4905519485473633,-0.09010261297225952,0.5244284272193909,False
D4LensPINN,22,337,1,flip_h,H09_poisson,0.7301762700080872,0.3076620101928711,0.2431032359600067,-0.6159564256668091,False
D4LensPINN,22,337,1,flip_h,H10_deflection,0.7301762700080872,0.3076620101928711,0.2431032359600067,-0.6159564256668091,False
D4LensPINN,22,337,1,flip_h,H11_inv_lens,9.915945053100586,-7.418605804443359,-2.243067741394043,6.185377597808838,False
D4LensPINN,22,337,1,flip_h,H12_HANDOFF,4.03708028793335,-3.3908281326293945,0.23255664110183716,2.178582191467285,False
D4LensPINN,22,337,1,flip_h,H12b_input_proj,4.03708028793335,-3.3908281326293945,0.23255664110183716,2.178582191467285,False
D4LensPINN,22,337,1,flip_h,H13_eff3,4.03708028793335,-3.3908281326293945,0.23255664110183716,2.178582191467285,False
D4LensPINN,22,337,1,flip_h,H13b_eff4,4.03708028793335,-3.3908281326293945,0.23255664110183716,2.178582191467285,False
D4LensPINN,22,337,1,flip_h,H14_eff5,4.03708028793335,-3.3908281326293945,0.23255664110183716,2.178582191467285,False
D4LensPINN,22,337,1,flip_h,H14b_eff6,4.03708028793335,-3.3908281326293945,0.23255664110183716,2.178582191467285,False
D4LensPINN,22,337,1,flip_h,H15_before_gap,4.03708028793335,-3.3908281326293945,0.23255664110183716,2.178582191467285,False
D4LensPINN,22,337,1,flip_h,H16_after_gap,4.03708028793335,-3.3908281326293945,0.23255664110183716,2.178582191467285,False
D4LensPINN,22,337,1,flip_h,H17_pre_linear,4.03708028793335,-3.3908281326293945,0.23255664110183716,2.178582191467285,False
D4LensPINN,22,337,1,flip_h_r90,H00_preprocess,4.049037456512451,-3.4488062858581543,0.046200454235076904,2.120920419692993,False
D4LensPINN,22,337,1,flip_h_r90,H01_enc1,4.049037456512451,-3.4488062858581543,0.046200454235076904,2.120920419692993,False
D4LensPINN,22,337,1,flip_h_r90,H02_enc2,2.9623661041259766,-2.2528929710388184,-0.34237420558929443,1.8928461074829102,False
D4LensPINN,22,337,1,flip_h_r90,H03_enc3,2.6779568195343018,-2.2725729942321777,0.3392600417137146,1.3754154443740845,False
D4LensPINN,22,337,1,flip_h_r90,H04_bot,2.238036870956421,-1.9587482213974,0.5609334111213684,0.9259958267211914,False
D4LensPINN,22,337,1,flip_h_r90,H08_kappa_out,4.049037456512451,-3.4488062858581543,0.046200454235076904,2.120920419692993,False
D4LensPINN,22,337,1,flip_h_r90,H09_poisson,0.9620727896690369,0.4770472049713135,0.23477333784103394,-0.8018051385879517,False
D4LensPINN,22,337,1,flip_h_r90,H10_deflection,0.9620727896690369,0.4770472049713135,0.23477333784103394,-0.8018051385879517,False
D4LensPINN,22,337,1,flip_h_r90,H11_inv_lens,25.298324584960938,-17.674474716186523,-8.151838302612305,16.160621643066406,False
D4LensPINN,22,337,1,flip_h_r90,H12_HANDOFF,1.9931950569152832,-1.7526012659072876,0.8682133555412292,0.3839542865753174,False
D4LensPINN,22,337,1,flip_h_r90,H12b_input_proj,1.9931950569152832,-1.7526012659072876,0.8682133555412292,0.3839542865753174,False
D4LensPINN,22,337,1,flip_h_r90,H13_eff3,1.9931950569152832,-1.7526012659072876,0.8682133555412292,0.3839542865753174,False
D4LensPINN,22,337,1,flip_h_r90,H13b_eff4,1.9931950569152832,-1.7526012659072876,0.8682133555412292,0.3839542865753174,False
D4LensPINN,22,337,1,flip_h_r90,H14_eff5,1.9931950569152832,-1.7526012659072876,0.8682133555412292,0.3839542865753174,False
D4LensPINN,22,337,1,flip_h_r90,H14b_eff6,1.9931950569152832,-1.7526012659072876,0.8682133555412292,0.3839542865753174,False
D4LensPINN,22,337,1,flip_h_r90,H15_before_gap,1.9931950569152832,-1.7526012659072876,0.8682133555412292,0.3839542865753174,False
D4LensPINN,22,337,1,flip_h_r90,H16_after_gap,1.9931950569152832,-1.7526012659072876,0.8682133555412292,0.3839542865753174,False
D4LensPINN,22,337,1,flip_h_r90,H17_pre_linear,1.9931950569152832,-1.7526012659072876,0.8682133555412292,0.3839542865753174,False
D4LensPINN,22,337,1,flip_h_r180,H00_preprocess,0.42526161670684814,0.18805193901062012,-0.371151328086853,0.08792376518249512,False
D4LensPINN,22,337,1,flip_h_r180,H01_enc1,0.42526161670684814,0.18805193901062012,-0.371151328086853,0.08792376518249512,False
D4LensPINN,22,337,1,flip_h_r180,H02_enc2,0.9921335577964783,0.7431612014770508,-0.4724462032318115,-0.4569847583770752,False
D4LensPINN,22,337,1,flip_h_r180,H03_enc3,0.7031752467155457,0.527376651763916,-0.21685349941253662,-0.41146552562713623,False
D4LensPINN,22,337,1,flip_h_r180,H04_bot,0.9663780331611633,0.7026708126068115,-0.22997242212295532,-0.6222964525222778,False
D4LensPINN,22,337,1,flip_h_r180,H08_kappa_out,0.42526161670684814,0.18805193901062012,-0.371151328086853,0.08792376518249512,False
D4LensPINN,22,337,1,flip_h_r180,H09_poisson,0.11129654943943024,0.0731666088104248,-0.0010114312171936035,-0.08386027812957764,False
D4LensPINN,22,337,1,flip_h_r180,H10_deflection,0.11129654943943024,0.0731666088104248,-0.0010114312171936035,-0.08386027812957764,False
D4LensPINN,22,337,1,flip_h_r180,H11_inv_lens,16.27375030517578,-11.491427421569824,-4.487322807312012,10.613482475280762,False
D4LensPINN,22,337,1,flip_h_r180,H12_HANDOFF,3.155585765838623,-2.820030450820923,0.6284995675086975,1.2689120769500732,False
D4LensPINN,22,337,1,flip_h_r180,H12b_input_proj,3.155585765838623,-2.820030450820923,0.6284995675086975,1.2689120769500732,False
D4LensPINN,22,337,1,flip_h_r180,H13_eff3,3.155585765838623,-2.820030450820923,0.6284995675086975,1.2689120769500732,False
D4LensPINN,22,337,1,flip_h_r180,H13b_eff4,3.155585765838623,-2.820030450820923,0.6284995675086975,1.2689120769500732,False
D4LensPINN,22,337,1,flip_h_r180,H14_eff5,3.155585765838623,-2.820030450820923,0.6284995675086975,1.2689120769500732,False
D4LensPINN,22,337,1,flip_h_r180,H14b_eff6,3.155585765838623,-2.820030450820923,0.6284995675086975,1.2689120769500732,False
D4LensPINN,22,337,1,flip_h_r180,H15_before_gap,3.155585765838623,-2.820030450820923,0.6284995675086975,1.2689120769500732,False
D4LensPINN,22,337,1,flip_h_r180,H16_after_gap,3.155585765838623,-2.820030450820923,0.6284995675086975,1.2689120769500732,False
D4LensPINN,22,337,1,flip_h_r180,H17_pre_linear,3.155585765838623,-2.820030450820923,0.6284995675086975,1.2689120769500732,False
D4LensPINN,22,337,1,flip_h_r270,H00_preprocess,0.986571729183197,-0.5027141571044922,-0.35970938205718994,0.7689027190208435,False
D4LensPINN,22,337,1,flip_h_r270,H01_enc1,0.986571729183197,-0.5027141571044922,-0.35970938205718994,0.7689027190208435,False
D4LensPINN,22,337,1,flip_h_r270,H02_enc2,1.1047075986862183,-0.5898470878601074,-0.3664966821670532,0.8591504096984863,False
D4LensPINN,22,337,1,flip_h_r270,H03_enc3,0.3813057541847229,0.2436692714691162,0.008783876895904541,-0.29315900802612305,False
D4LensPINN,22,337,1,flip_h_r270,H04_bot,0.13463802635669708,0.08117103576660156,0.01510542631149292,-0.10635077953338623,False
D4LensPINN,22,337,1,flip_h_r270,H08_kappa_out,0.986571729183197,-0.5027141571044922,-0.35970938205718994,0.7689027190208435,False
D4LensPINN,22,337,1,flip_h_r270,H09_poisson,0.1958695501089096,0.07061147689819336,0.08610618114471436,-0.16113543510437012,False
D4LensPINN,22,337,1,flip_h_r270,H10_deflection,0.1958695501089096,0.07061147689819336,0.08610618114471436,-0.16113543510437012,False
D4LensPINN,22,337,1,flip_h_r270,H11_inv_lens,18.731809616088867,-12.491497993469238,-6.157433032989502,12.52713680267334,False
D4LensPINN,22,337,1,flip_h_r270,H12_HANDOFF,4.616232872009277,-3.402144432067871,-0.7956881523132324,3.0169355869293213,False
D4LensPINN,22,337,1,flip_h_r270,H12b_input_proj,4.616232872009277,-3.402144432067871,-0.7956881523132324,3.0169355869293213,False
D4LensPINN,22,337,1,flip_h_r270,H13_eff3,4.616232872009277,-3.402144432067871,-0.7956881523132324,3.0169355869293213,False
D4LensPINN,22,337,1,flip_h_r270,H13b_eff4,4.616232872009277,-3.402144432067871,-0.7956881523132324,3.0169355869293213,False
D4LensPINN,22,337,1,flip_h_r270,H14_eff5,4.616232872009277,-3.402144432067871,-0.7956881523132324,3.0169355869293213,False
D4LensPINN,22,337,1,flip_h_r270,H14b_eff6,4.616232872009277,-3.402144432067871,-0.7956881523132324,3.0169355869293213,False
D4LensPINN,22,337,1,flip_h_r270,H15_before_gap,4.616232872009277,-3.402144432067871,-0.7956881523132324,3.0169355869293213,False
D4LensPINN,22,337,1,flip_h_r270,H16_after_gap,4.616232872009277,-3.402144432067871,-0.7956881523132324,3.0169355869293213,False
D4LensPINN,22,337,1,flip_h_r270,H17_pre_linear,4.616232872009277,-3.402144432067871,-0.7956881523132324,3.0169355869293213,False
D4LensPINN,23,353,2,e,H00_preprocess,0.0,0.0,0.0,0.0,False
D4LensPINN,23,353,2,e,H01_enc1,0.0,0.0,0.0,0.0,False
D4LensPINN,23,353,2,e,H02_enc2,0.0,0.0,0.0,0.0,False
D4LensPINN,23,353,2,e,H03_enc3,0.0,0.0,0.0,0.0,False
D4LensPINN,23,353,2,e,H04_bot,0.0,0.0,0.0,0.0,False
D4LensPINN,23,353,2,e,H08_kappa_out,0.0,0.0,0.0,0.0,False
D4LensPINN,23,353,2,e,H09_poisson,0.0,0.0,0.0,0.0,False
D4LensPINN,23,353,2,e,H10_deflection,0.0,0.0,0.0,0.0,False
D4LensPINN,23,353,2,e,H11_inv_lens,0.0,0.0,0.0,0.0,False
D4LensPINN,23,353,2,e,H12_HANDOFF,0.0,0.0,0.0,0.0,False
D4LensPINN,23,353,2,e,H12b_input_proj,0.0,0.0,0.0,0.0,False
D4LensPINN,23,353,2,e,H13_eff3,0.0,0.0,0.0,0.0,False
D4LensPINN,23,353,2,e,H13b_eff4,0.0,0.0,0.0,0.0,False
D4LensPINN,23,353,2,e,H14_eff5,0.0,0.0,0.0,0.0,False
D4LensPINN,23,353,2,e,H14b_eff6,0.0,0.0,0.0,0.0,False
D4LensPINN,23,353,2,e,H15_before_gap,0.0,0.0,0.0,0.0,False
D4LensPINN,23,353,2,e,H16_after_gap,0.0,0.0,0.0,0.0,False
D4LensPINN,23,353,2,e,H17_pre_linear,0.0,0.0,0.0,0.0,False
D4LensPINN,23,353,2,r90,H00_preprocess,2.5147016048431396,-1.0068869590759277,1.9094462394714355,-1.2899293899536133,False
D4LensPINN,23,353,2,r90,H01_enc1,2.5147016048431396,-1.0068869590759277,1.9094462394714355,-1.2899293899536133,False
D4LensPINN,23,353,2,r90,H02_enc2,1.7130780220031738,-1.2036404609680176,1.1389141082763672,-0.4344654083251953,False
D4LensPINN,23,353,2,r90,H03_enc3,1.9752674102783203,1.511533498764038,0.38686180114746094,-1.211315631866455,False
D4LensPINN,23,353,2,r90,H04_bot,1.8535255193710327,1.4045653343200684,0.382110595703125,-1.1474947929382324,False
D4LensPINN,23,353,2,r90,H08_kappa_out,2.5147016048431396,-1.0068869590759277,1.9094462394714355,-1.2899293899536133,False
D4LensPINN,23,353,2,r90,H09_poisson,0.4113289713859558,0.3160514831542969,0.10400104522705078,-0.24184036254882812,False
D4LensPINN,23,353,2,r90,H10_deflection,0.4113289713859558,0.3160514831542969,0.10400104522705078,-0.24184036254882812,False
D4LensPINN,23,353,2,r90,H11_inv_lens,15.710514068603516,-10.24655532836914,-6.217672348022461,10.157209396362305,False
D4LensPINN,23,353,2,r90,H12_HANDOFF,2.160855770111084,0.8474016189575195,1.229607343673706,-1.5618176460266113,False
D4LensPINN,23,353,2,r90,H12b_input_proj,2.160855770111084,0.8474016189575195,1.229607343673706,-1.5618176460266113,False
D4LensPINN,23,353,2,r90,H13_eff3,2.160855770111084,0.8474016189575195,1.229607343673706,-1.5618176460266113,False
D4LensPINN,23,353,2,r90,H13b_eff4,2.160855770111084,0.8474016189575195,1.229607343673706,-1.5618176460266113,False
D4LensPINN,23,353,2,r90,H14_eff5,2.160855770111084,0.8474016189575195,1.229607343673706,-1.5618176460266113,False
D4LensPINN,23,353,2,r90,H14b_eff6,2.160855770111084,0.8474016189575195,1.229607343673706,-1.5618176460266113,False
D4LensPINN,23,353,2,r90,H15_before_gap,2.160855770111084,0.8474016189575195,1.229607343673706,-1.5618176460266113,False
D4LensPINN,23,353,2,r90,H16_after_gap,2.160855770111084,0.8474016189575195,1.229607343673706,-1.5618176460266113,False
D4LensPINN,23,353,2,r90,H17_pre_linear,2.160855770111084,0.8474016189575195,1.229607343673706,-1.5618176460266113,False
D4LensPINN,23,353,2,r180,H00_preprocess,3.2146222591400146,1.5382533073425293,1.6773176193237305,-2.2702815532684326,False
D4LensPINN,23,353,2,r180,H01_enc1,3.2146222591400146,1.5382533073425293,1.6773176193237305,-2.2702815532684326,False
D4LensPINN,23,353,2,r180,H02_enc2,2.808647632598877,1.6965065002441406,1.1996362209320068,-1.8897724151611328,False
D4LensPINN,23,353,2,r180,H03_enc3,0.6263480186462402,0.22660255432128906,0.35929417610168457,-0.460294246673584,False
D4LensPINN,23,353,2,r180,H04_bot,0.7365126013755798,0.2641716003417969,0.42597103118896484,-0.5396413803100586,False
D4LensPINN,23,353,2,r180,H08_kappa_out,3.2146222591400146,1.5382533073425293,1.6773176193237305,-2.2702815532684326,False
D4LensPINN,23,353,2,r180,H09_poisson,0.9318026304244995,0.3025650978088379,0.5497183799743652,-0.6888542175292969,False
D4LensPINN,23,353,2,r180,H10_deflection,0.9318026304244995,0.3025650978088379,0.5497183799743652,-0.6888542175292969,False
D4LensPINN,23,353,2,r180,H11_inv_lens,6.138806343078613,4.376096725463867,2.0158352851867676,-3.804093837738037,False
D4LensPINN,23,353,2,r180,H12_HANDOFF,1.7369052171707153,-1.1251049041748047,1.172849416732788,-0.612701416015625,False
D4LensPINN,23,353,2,r180,H12b_input_proj,1.7369052171707153,-1.1251049041748047,1.172849416732788,-0.612701416015625,False
D4LensPINN,23,353,2,r180,H13_eff3,1.7369052171707153,-1.1251049041748047,1.172849416732788,-0.612701416015625,False
D4LensPINN,23,353,2,r180,H13b_eff4,1.7369052171707153,-1.1251049041748047,1.172849416732788,-0.612701416015625,False
D4LensPINN,23,353,2,r180,H14_eff5,1.7369052171707153,-1.1251049041748047,1.172849416732788,-0.612701416015625,False
D4LensPINN,23,353,2,r180,H14b_eff6,1.7369052171707153,-1.1251049041748047,1.172849416732788,-0.612701416015625,False
D4LensPINN,23,353,2,r180,H15_before_gap,1.7369052171707153,-1.1251049041748047,1.172849416732788,-0.612701416015625,False
D4LensPINN,23,353,2,r180,H16_after_gap,1.7369052171707153,-1.1251049041748047,1.172849416732788,-0.612701416015625,False
D4LensPINN,23,353,2,r180,H17_pre_linear,1.7369052171707153,-1.1251049041748047,1.172849416732788,-0.612701416015625,False
D4LensPINN,23,353,2,r270,H00_preprocess,1.8191473484039307,-0.5924515724182129,1.405971646308899,-0.9907279014587402,False
D4LensPINN,23,353,2,r270,H01_enc1,1.8191473484039307,-0.5924515724182129,1.405971646308899,-0.9907279014587402,False
D4LensPINN,23,353,2,r270,H02_enc2,2.44730806350708,-0.17647600173950195,1.8107056617736816,-1.6369233131408691,False
D4LensPINN,23,353,2,r270,H03_enc3,2.254453182220459,1.6859886646270752,0.49339938163757324,-1.4129962921142578,False
D4LensPINN,23,353,2,r270,H04_bot,2.1310667991638184,1.6134402751922607,0.4305393695831299,-1.3239684104919434,False
D4LensPINN,23,353,2,r270,H08_kappa_out,1.8191473484039307,-0.5924515724182129,1.405971646308899,-0.9907279014587402,False
D4LensPINN,23,353,2,r270,H09_poisson,0.8396779894828796,-0.04030656814575195,0.6068863868713379,-0.5788984298706055,False
D4LensPINN,23,353,2,r270,H10_deflection,0.8396779894828796,-0.04030656814575195,0.6068863868713379,-0.5788984298706055,False
D4LensPINN,23,353,2,r270,H11_inv_lens,17.037107467651367,-10.815793991088867,-6.982057571411133,11.159412384033203,False
D4LensPINN,23,353,2,r270,H12_HANDOFF,0.9716324210166931,0.02588653564453125,0.7030115127563477,-0.6702046394348145,False
D4LensPINN,23,353,2,r270,H12b_input_proj,0.9716324210166931,0.02588653564453125,0.7030115127563477,-0.6702046394348145,False
D4LensPINN,23,353,2,r270,H13_eff3,0.9716324210166931,0.02588653564453125,0.7030115127563477,-0.6702046394348145,False
D4LensPINN,23,353,2,r270,H13b_eff4,0.9716324210166931,0.02588653564453125,0.7030115127563477,-0.6702046394348145,False
D4LensPINN,23,353,2,r270,H14_eff5,0.9716324210166931,0.02588653564453125,0.7030115127563477,-0.6702046394348145,False
D4LensPINN,23,353,2,r270,H14b_eff6,0.9716324210166931,0.02588653564453125,0.7030115127563477,-0.6702046394348145,False
D4LensPINN,23,353,2,r270,H15_before_gap,0.9716324210166931,0.02588653564453125,0.7030115127563477,-0.6702046394348145,False
D4LensPINN,23,353,2,r270,H16_after_gap,0.9716324210166931,0.02588653564453125,0.7030115127563477,-0.6702046394348145,False
D4LensPINN,23,353,2,r270,H17_pre_linear,0.9716324210166931,0.02588653564453125,0.7030115127563477,-0.6702046394348145,False
D4LensPINN,23,353,2,flip_h,H00_preprocess,2.2639191150665283,-2.0778160095214844,0.8575112819671631,0.26960086822509766,False
D4LensPINN,23,353,2,flip_h,H01_enc1,2.2639191150665283,-2.0778160095214844,0.8575112819671631,0.26960086822509766,False
D4LensPINN,23,353,2,flip_h,H02_enc2,1.98868989944458,-1.8541545867919922,0.4321584701538086,0.5746626853942871,False
D4LensPINN,23,353,2,flip_h,H03_enc3,0.8726942539215088,0.4884166717529297,0.3815188407897949,-0.6144003868103027,False
D4LensPINN,23,353,2,flip_h,H04_bot,0.7788835167884827,0.39938926696777344,0.3703725337982178,-0.5567512512207031,False
D4LensPINN,23,353,2,flip_h,H08_kappa_out,2.2639191150665283,-2.0778160095214844,0.8575112819671631,0.26960086822509766,False
D4LensPINN,23,353,2,flip_h,H09_poisson,0.9296090602874756,0.5776205062866211,0.3584897518157959,-0.6340446472167969,False
D4LensPINN,23,353,2,flip_h,H10_deflection,0.9296090602874756,0.5776205062866211,0.3584897518157959,-0.6340446472167969,False
D4LensPINN,23,353,2,flip_h,H11_inv_lens,1.9705708026885986,1.367666244506836,0.7515127658843994,-1.2032732963562012,False
D4LensPINN,23,353,2,flip_h,H12_HANDOFF,1.5721566677093506,-1.1767916679382324,-0.4486122131347656,0.9410552978515625,False
D4LensPINN,23,353,2,flip_h,H12b_input_proj,1.5721566677093506,-1.1767916679382324,-0.4486122131347656,0.9410552978515625,False
D4LensPINN,23,353,2,flip_h,H13_eff3,1.5721566677093506,-1.1767916679382324,-0.4486122131347656,0.9410552978515625,False
D4LensPINN,23,353,2,flip_h,H13b_eff4,1.5721566677093506,-1.1767916679382324,-0.4486122131347656,0.9410552978515625,False
D4LensPINN,23,353,2,flip_h,H14_eff5,1.5721566677093506,-1.1767916679382324,-0.4486122131347656,0.9410552978515625,False
D4LensPINN,23,353,2,flip_h,H14b_eff6,1.5721566677093506,-1.1767916679382324,-0.4486122131347656,0.9410552978515625,False
D4LensPINN,23,353,2,flip_h,H15_before_gap,1.5721566677093506,-1.1767916679382324,-0.4486122131347656,0.9410552978515625,False
D4LensPINN,23,353,2,flip_h,H16_after_gap,1.5721566677093506,-1.1767916679382324,-0.4486122131347656,0.9410552978515625,False
D4LensPINN,23,353,2,flip_h,H17_pre_linear,1.5721566677093506,-1.1767916679382324,-0.4486122131347656,0.9410552978515625,False
D4LensPINN,23,353,2,flip_h_r90,H00_preprocess,1.2299021482467651,-0.15680694580078125,0.9820401668548584,-0.7236490249633789,False
D4LensPINN,23,353,2,flip_h_r90,H01_enc1,1.2299021482467651,-0.15680694580078125,0.9820401668548584,-0.7236490249633789,False
D4LensPINN,23,353,2,flip_h_r90,H02_enc2,1.9311059713363647,1.2004413604736328,0.8877232074737549,-1.2247686386108398,False
D4LensPINN,23,353,2,flip_h_r90,H03_enc3,1.7726280689239502,1.4390254020690918,0.24179816246032715,-1.0064539909362793,False
D4LensPINN,23,353,2,flip_h_r90,H04_bot,1.7662771940231323,1.4389262199401855,0.22441935539245605,-0.9994311332702637,False
D4LensPINN,23,353,2,flip_h_r90,H08_kappa_out,1.2299021482467651,-0.15680694580078125,0.9820401668548584,-0.7236490249633789,False
D4LensPINN,23,353,2,flip_h_r90,H09_poisson,0.6940137147903442,0.010847091674804688,0.4933431148529053,-0.4880061149597168,False
D4LensPINN,23,353,2,flip_h_r90,H10_deflection,0.6940137147903442,0.010847091674804688,0.4933431148529053,-0.4880061149597168,False
D4LensPINN,23,353,2,flip_h_r90,H11_inv_lens,28.23431968688965,-18.364883422851562,-11.0988130569458,18.35004425048828,False
D4LensPINN,23,353,2,flip_h_r90,H12_HANDOFF,0.8587495684623718,0.6263599395751953,0.2553822994232178,-0.5290594100952148,False
D4LensPINN,23,353,2,flip_h_r90,H12b_input_proj,0.8587495684623718,0.6263599395751953,0.2553822994232178,-0.5290594100952148,False
D4LensPINN,23,353,2,flip_h_r90,H13_eff3,0.8587495684623718,0.6263599395751953,0.2553822994232178,-0.5290594100952148,False
D4LensPINN,23,353,2,flip_h_r90,H13b_eff4,0.8587495684623718,0.6263599395751953,0.2553822994232178,-0.5290594100952148,False
D4LensPINN,23,353,2,flip_h_r90,H14_eff5,0.8587495684623718,0.6263599395751953,0.2553822994232178,-0.5290594100952148,False
D4LensPINN,23,353,2,flip_h_r90,H14b_eff6,0.8587495684623718,0.6263599395751953,0.2553822994232178,-0.5290594100952148,False
D4LensPINN,23,353,2,flip_h_r90,H15_before_gap,0.8587495684623718,0.6263599395751953,0.2553822994232178,-0.5290594100952148,False
D4LensPINN,23,353,2,flip_h_r90,H16_after_gap,0.8587495684623718,0.6263599395751953,0.2553822994232178,-0.5290594100952148,False
D4LensPINN,23,353,2,flip_h_r90,H17_pre_linear,0.8587495684623718,0.6263599395751953,0.2553822994232178,-0.5290594100952148,False
D4LensPINN,23,353,2,flip_h_r180,H00_preprocess,2.5648815631866455,-0.9765362739562988,1.9073036909103394,-1.4096760749816895,False
D4LensPINN,23,353,2,flip_h_r180,H01_enc1,2.5648815631866455,-0.9765362739562988,1.9073036909103394,-1.4096760749816895,False
D4LensPINN,23,353,2,flip_h_r180,H02_enc2,2.3095614910125732,-0.6528534889221191,1.7280598878860474,-1.3862414360046387,False
D4LensPINN,23,353,2,flip_h_r180,H03_enc3,0.9106054306030273,0.4558119773864746,0.42780375480651855,-0.6621341705322266,False
D4LensPINN,23,353,2,flip_h_r180,H04_bot,0.9500342607498169,0.5092372894287109,0.42536044120788574,-0.6799345016479492,False
D4LensPINN,23,353,2,flip_h_r180,H08_kappa_out,2.5648815631866455,-0.9765362739562988,1.9073036909103394,-1.4096760749816895,False
D4LensPINN,23,353,2,flip_h_r180,H09_poisson,0.32822731137275696,-0.2832784652709961,0.16327309608459473,-0.028781414031982422,False
D4LensPINN,23,353,2,flip_h_r180,H10_deflection,0.32822731137275696,-0.2832784652709961,0.16327309608459473,-0.028781414031982422,False
D4LensPINN,23,353,2,flip_h_r180,H11_inv_lens,4.89669132232666,3.4119606018066406,1.601546287536621,-3.125885486602783,False
D4LensPINN,23,353,2,flip_h_r180,H12_HANDOFF,3.5535695552825928,-2.307097911834717,-1.4033715724945068,2.3099141120910645,False
D4LensPINN,23,353,2,flip_h_r180,H12b_input_proj,3.5535695552825928,-2.307097911834717,-1.4033715724945068,2.3099141120910645,False
D4LensPINN,23,353,2,flip_h_r180,H13_eff3,3.5535695552825928,-2.307097911834717,-1.4033715724945068,2.3099141120910645,False
D4LensPINN,23,353,2,flip_h_r180,H13b_eff4,3.5535695552825928,-2.307097911834717,-1.4033715724945068,2.3099141120910645,False
D4LensPINN,23,353,2,flip_h_r180,H14_eff5,3.5535695552825928,-2.307097911834717,-1.4033715724945068,2.3099141120910645,False
D4LensPINN,23,353,2,flip_h_r180,H14b_eff6,3.5535695552825928,-2.307097911834717,-1.4033715724945068,2.3099141120910645,False
D4LensPINN,23,353,2,flip_h_r180,H15_before_gap,3.5535695552825928,-2.307097911834717,-1.4033715724945068,2.3099141120910645,False
D4LensPINN,23,353,2,flip_h_r180,H16_after_gap,3.5535695552825928,-2.307097911834717,-1.4033715724945068,2.3099141120910645,False
D4LensPINN,23,353,2,flip_h_r180,H17_pre_linear,3.5535695552825928,-2.307097911834717,-1.4033715724945068,2.3099141120910645,False
D4LensPINN,23,353,2,flip_h_r270,H00_preprocess,6.428265571594238,3.531740665435791,2.737884759902954,-4.620973587036133,False
D4LensPINN,23,353,2,flip_h_r270,H01_enc1,6.428265571594238,3.531740665435791,2.737884759902954,-4.620973587036133,False
D4LensPINN,23,353,2,flip_h_r270,H02_enc2,7.1177449226379395,4.332498550415039,2.698765516281128,-4.960686683654785,False
D4LensPINN,23,353,2,flip_h_r270,H03_enc3,1.9372539520263672,1.37361478805542,0.5538017749786377,-1.2487750053405762,False
D4LensPINN,23,353,2,flip_h_r270,H04_bot,1.8002488613128662,1.3252391815185547,0.46002984046936035,-1.12827730178833,False
D4LensPINN,23,353,2,flip_h_r270,H08_kappa_out,6.428265571594238,3.531740665435791,2.737884759902954,-4.620973587036133,False
D4LensPINN,23,353,2,flip_h_r270,H09_poisson,0.5103077292442322,-0.2922697067260742,-0.22294855117797852,0.3539581298828125,False
D4LensPINN,23,353,2,flip_h_r270,H10_deflection,0.5103077292442322,-0.2922697067260742,-0.22294855117797852,0.3539581298828125,False
D4LensPINN,23,353,2,flip_h_r270,H11_inv_lens,7.445585250854492,-4.327167987823486,-3.4875524044036865,4.954728603363037,False
D4LensPINN,23,353,2,flip_h_r270,H12_HANDOFF,1.0628013610839844,0.6464014053344727,0.4312593936920166,-0.7250704765319824,False
D4LensPINN,23,353,2,flip_h_r270,H12b_input_proj,1.0628013610839844,0.6464014053344727,0.4312593936920166,-0.7250704765319824,False
D4LensPINN,23,353,2,flip_h_r270,H13_eff3,1.0628013610839844,0.6464014053344727,0.4312593936920166,-0.7250704765319824,False
D4LensPINN,23,353,2,flip_h_r270,H13b_eff4,1.0628013610839844,0.6464014053344727,0.4312593936920166,-0.7250704765319824,False
D4LensPINN,23,353,2,flip_h_r270,H14_eff5,1.0628013610839844,0.6464014053344727,0.4312593936920166,-0.7250704765319824,False
D4LensPINN,23,353,2,flip_h_r270,H14b_eff6,1.0628013610839844,0.6464014053344727,0.4312593936920166,-0.7250704765319824,False
D4LensPINN,23,353,2,flip_h_r270,H15_before_gap,1.0628013610839844,0.6464014053344727,0.4312593936920166,-0.7250704765319824,False
D4LensPINN,23,353,2,flip_h_r270,H16_after_gap,1.0628013610839844,0.6464014053344727,0.4312593936920166,-0.7250704765319824,False
D4LensPINN,23,353,2,flip_h_r270,H17_pre_linear,1.0628013610839844,0.6464014053344727,0.4312593936920166,-0.7250704765319824,False
D4LensPINN,24,370,2,e,H00_preprocess,0.0,0.0,0.0,0.0,False
D4LensPINN,24,370,2,e,H01_enc1,0.0,0.0,0.0,0.0,False
D4LensPINN,24,370,2,e,H02_enc2,0.0,0.0,0.0,0.0,False
D4LensPINN,24,370,2,e,H03_enc3,0.0,0.0,0.0,0.0,False
D4LensPINN,24,370,2,e,H04_bot,0.0,0.0,0.0,0.0,False
D4LensPINN,24,370,2,e,H08_kappa_out,0.0,0.0,0.0,0.0,False
D4LensPINN,24,370,2,e,H09_poisson,0.0,0.0,0.0,0.0,False
D4LensPINN,24,370,2,e,H10_deflection,0.0,0.0,0.0,0.0,False
D4LensPINN,24,370,2,e,H11_inv_lens,0.0,0.0,0.0,0.0,False
D4LensPINN,24,370,2,e,H12_HANDOFF,0.0,0.0,0.0,0.0,False
D4LensPINN,24,370,2,e,H12b_input_proj,0.0,0.0,0.0,0.0,False
D4LensPINN,24,370,2,e,H13_eff3,0.0,0.0,0.0,0.0,False
D4LensPINN,24,370,2,e,H13b_eff4,0.0,0.0,0.0,0.0,False
D4LensPINN,24,370,2,e,H14_eff5,0.0,0.0,0.0,0.0,False
D4LensPINN,24,370,2,e,H14b_eff6,0.0,0.0,0.0,0.0,False
D4LensPINN,24,370,2,e,H15_before_gap,0.0,0.0,0.0,0.0,False
D4LensPINN,24,370,2,e,H16_after_gap,0.0,0.0,0.0,0.0,False
D4LensPINN,24,370,2,e,H17_pre_linear,0.0,0.0,0.0,0.0,False
D4LensPINN,24,370,2,r90,H00_preprocess,1.5957180261611938,1.4154996871948242,-0.7252740263938904,0.12905168533325195,False
D4LensPINN,24,370,2,r90,H01_enc1,1.5957180261611938,1.4154996871948242,-0.7252740263938904,0.12905168533325195,False
D4LensPINN,24,370,2,r90,H02_enc2,3.1435322761535645,2.6260998249053955,0.4698169231414795,-1.6627285480499268,False
D4LensPINN,24,370,2,r90,H03_enc3,2.8487279415130615,1.9085426330566406,0.9188025593757629,-1.904867172241211,False
D4LensPINN,24,370,2,r90,H04_bot,1.7781643867492676,1.1076221466064453,0.6094204187393188,-1.2504593133926392,False
D4LensPINN,24,370,2,r90,H08_kappa_out,1.5957180261611938,1.4154996871948242,-0.7252740263938904,0.12905168533325195,False
D4LensPINN,24,370,2,r90,H09_poisson,1.1207603216171265,0.5789332389831543,0.524358332157135,-0.8037340641021729,False
D4LensPINN,24,370,2,r90,H10_deflection,1.1207603216171265,0.5789332389831543,0.524358332157135,-0.8037340641021729,False
D4LensPINN,24,370,2,r90,H11_inv_lens,6.620102882385254,-2.6055679321289062,-3.7180335521698,4.817987442016602,False
D4LensPINN,24,370,2,r90,H12_HANDOFF,1.3887296915054321,1.2197837829589844,-0.6588869690895081,0.08102869987487793,False
D4LensPINN,24,370,2,r90,H12b_input_proj,1.3887296915054321,1.2197837829589844,-0.6588869690895081,0.08102869987487793,False
D4LensPINN,24,370,2,r90,H13_eff3,1.3887296915054321,1.2197837829589844,-0.6588869690895081,0.08102869987487793,False
D4LensPINN,24,370,2,r90,H13b_eff4,1.3887296915054321,1.2197837829589844,-0.6588869690895081,0.08102869987487793,False
D4LensPINN,24,370,2,r90,H14_eff5,1.3887296915054321,1.2197837829589844,-0.6588869690895081,0.08102869987487793,False
D4LensPINN,24,370,2,r90,H14b_eff6,1.3887296915054321,1.2197837829589844,-0.6588869690895081,0.08102869987487793,False
D4LensPINN,24,370,2,r90,H15_before_gap,1.3887296915054321,1.2197837829589844,-0.6588869690895081,0.08102869987487793,False
D4LensPINN,24,370,2,r90,H16_after_gap,1.3887296915054321,1.2197837829589844,-0.6588869690895081,0.08102869987487793,False
D4LensPINN,24,370,2,r90,H17_pre_linear,1.3887296915054321,1.2197837829589844,-0.6588869690895081,0.08102869987487793,False
D4LensPINN,24,370,2,r180,H00_preprocess,5.8884124755859375,5.070939540863037,0.5876805782318115,-2.934893846511841,False
D4LensPINN,24,370,2,r180,H01_enc1,5.8884124755859375,5.070939540863037,0.5876805782318115,-2.934893846511841,False
D4LensPINN,24,370,2,r180,H02_enc2,6.638691425323486,5.661557197570801,0.65883469581604,-3.4036643505096436,False
D4LensPINN,24,370,2,r180,H03_enc3,1.846754789352417,0.9871425628662109,0.8330373167991638,-1.3198870420455933,False
D4LensPINN,24,370,2,r180,H04_bot,1.5666900873184204,0.8827626705169678,0.6725265979766846,-1.1058733463287354,False
D4LensPINN,24,370,2,r180,H08_kappa_out,5.8884124755859375,5.070939540863037,0.5876805782318115,-2.934893846511841,False
D4LensPINN,24,370,2,r180,H09_poisson,0.8684635162353516,-0.005448341369628906,0.6184877157211304,-0.6096491813659668,False
D4LensPINN,24,370,2,r180,H10_deflection,0.8684635162353516,-0.005448341369628906,0.6184877157211304,-0.6096491813659668,False
D4LensPINN,24,370,2,r180,H11_inv_lens,3.2795250415802,3.0786325931549072,-1.09041428565979,-0.29715847969055176,False
D4LensPINN,24,370,2,r180,H12_HANDOFF,4.066317558288574,0.7929363250732422,2.6274495124816895,-3.0004498958587646,False
D4LensPINN,24,370,2,r180,H12b_input_proj,4.066317558288574,0.7929363250732422,2.6274495124816895,-3.0004498958587646,False
D4LensPINN,24,370,2,r180,H13_eff3,4.066317558288574,0.7929363250732422,2.6274495124816895,-3.0004498958587646,False
D4LensPINN,24,370,2,r180,H13b_eff4,4.066317558288574,0.7929363250732422,2.6274495124816895,-3.0004498958587646,False
D4LensPINN,24,370,2,r180,H14_eff5,4.066317558288574,0.7929363250732422,2.6274495124816895,-3.0004498958587646,False
D4LensPINN,24,370,2,r180,H14b_eff6,4.066317558288574,0.7929363250732422,2.6274495124816895,-3.0004498958587646,False
D4LensPINN,24,370,2,r180,H15_before_gap,4.066317558288574,0.7929363250732422,2.6274495124816895,-3.0004498958587646,False
D4LensPINN,24,370,2,r180,H16_after_gap,4.066317558288574,0.7929363250732422,2.6274495124816895,-3.0004498958587646,False
D4LensPINN,24,370,2,r180,H17_pre_linear,4.066317558288574,0.7929363250732422,2.6274495124816895,-3.0004498958587646,False
D4LensPINN,24,370,2,r270,H00_preprocess,4.9071760177612305,2.4234118461608887,2.2954769134521484,-3.5969760417938232,False
D4LensPINN,24,370,2,r270,H01_enc1,4.9071760177612305,2.4234118461608887,2.2954769134521484,-3.5969760417938232,False
D4LensPINN,24,370,2,r270,H02_enc2,4.959157466888428,2.516493320465088,2.280304431915283,-3.6139612197875977,False
D4LensPINN,24,370,2,r270,H03_enc3,1.0433621406555176,0.35883188247680664,0.5154418349266052,-0.8331649303436279,False
D4LensPINN,24,370,2,r270,H04_bot,0.9151488542556763,0.6054062843322754,0.2357550859451294,-0.6445155143737793,False
D4LensPINN,24,370,2,r270,H08_kappa_out,4.9071760177612305,2.4234118461608887,2.2954769134521484,-3.5969760417938232,False
D4LensPINN,24,370,2,r270,H09_poisson,1.2719883918762207,0.37835073471069336,0.7588315010070801,-0.9481456279754639,False
D4LensPINN,24,370,2,r270,H10_deflection,1.2719883918762207,0.37835073471069336,0.7588315010070801,-0.9481456279754639,False
D4LensPINN,24,370,2,r270,H11_inv_lens,9.839675903320312,-4.9573493003845215,-5.06664514541626,6.824442386627197,False
D4LensPINN,24,370,2,r270,H12_HANDOFF,2.3769450187683105,2.2372775077819824,-0.7838969826698303,-0.1730949878692627,False
D4LensPINN,24,370,2,r270,H12b_input_proj,2.3769450187683105,2.2372775077819824,-0.7838969826698303,-0.1730949878692627,False
D4LensPINN,24,370,2,r270,H13_eff3,2.3769450187683105,2.2372775077819824,-0.7838969826698303,-0.1730949878692627,False
D4LensPINN,24,370,2,r270,H13b_eff4,2.3769450187683105,2.2372775077819824,-0.7838969826698303,-0.1730949878692627,False
D4LensPINN,24,370,2,r270,H14_eff5,2.3769450187683105,2.2372775077819824,-0.7838969826698303,-0.1730949878692627,False
D4LensPINN,24,370,2,r270,H14b_eff6,2.3769450187683105,2.2372775077819824,-0.7838969826698303,-0.1730949878692627,False
D4LensPINN,24,370,2,r270,H15_before_gap,2.3769450187683105,2.2372775077819824,-0.7838969826698303,-0.1730949878692627,False
D4LensPINN,24,370,2,r270,H16_after_gap,2.3769450187683105,2.2372775077819824,-0.7838969826698303,-0.1730949878692627,False
D4LensPINN,24,370,2,r270,H17_pre_linear,2.3769450187683105,2.2372775077819824,-0.7838969826698303,-0.1730949878692627,False
D4LensPINN,24,370,2,flip_h,H00_preprocess,1.4728834629058838,-0.8528180122375488,-0.5819881558418274,1.050417423248291,False
D4LensPINN,24,370,2,flip_h,H01_enc1,1.4728834629058838,-0.8528180122375488,-0.5819881558418274,1.050417423248291,False
D4LensPINN,24,370,2,flip_h,H02_enc2,1.3903694152832031,-0.8303918838500977,-0.5118313431739807,0.9907598495483398,False
D4LensPINN,24,370,2,flip_h,H03_enc3,0.3254772424697876,0.23961925506591797,0.10367375612258911,-0.19434452056884766,False
D4LensPINN,24,370,2,flip_h,H04_bot,0.3602215051651001,0.2744631767272949,0.1047738790512085,-0.2084512710571289,False
D4LensPINN,24,370,2,flip_h,H08_kappa_out,1.4728834629058838,-0.8528180122375488,-0.5819881558418274,1.050417423248291,False
D4LensPINN,24,370,2,flip_h,H09_poisson,0.24142231047153473,-0.1440110206604004,-0.09515470266342163,0.1687932014465332,False
D4LensPINN,24,370,2,flip_h,H10_deflection,0.24142231047153473,-0.1440110206604004,-0.09515470266342163,0.1687932014465332,False
D4LensPINN,24,370,2,flip_h,H11_inv_lens,4.628458499908447,4.29801607131958,-0.3855646252632141,-1.6736266613006592,False
D4LensPINN,24,370,2,flip_h,H12_HANDOFF,1.2896318435668945,-1.153752326965332,-0.021513283252716064,0.5757977962493896,False
D4LensPINN,24,370,2,flip_h,H12b_input_proj,1.2896318435668945,-1.153752326965332,-0.021513283252716064,0.5757977962493896,False
D4LensPINN,24,370,2,flip_h,H13_eff3,1.2896318435668945,-1.153752326965332,-0.021513283252716064,0.5757977962493896,False
D4LensPINN,24,370,2,flip_h,H13b_eff4,1.2896318435668945,-1.153752326965332,-0.021513283252716064,0.5757977962493896,False
D4LensPINN,24,370,2,flip_h,H14_eff5,1.2896318435668945,-1.153752326965332,-0.021513283252716064,0.5757977962493896,False
D4LensPINN,24,370,2,flip_h,H14b_eff6,1.2896318435668945,-1.153752326965332,-0.021513283252716064,0.5757977962493896,False
D4LensPINN,24,370,2,flip_h,H15_before_gap,1.2896318435668945,-1.153752326965332,-0.021513283252716064,0.5757977962493896,False
D4LensPINN,24,370,2,flip_h,H16_after_gap,1.2896318435668945,-1.153752326965332,-0.021513283252716064,0.5757977962493896,False
D4LensPINN,24,370,2,flip_h,H17_pre_linear,1.2896318435668945,-1.153752326965332,-0.021513283252716064,0.5757977962493896,False
D4LensPINN,24,370,2,flip_h_r90,H00_preprocess,3.738199472427368,3.136359453201294,0.5712651014328003,-1.9521888494491577,False
D4LensPINN,24,370,2,flip_h_r90,H01_enc1,3.738199472427368,3.136359453201294,0.5712651014328003,-1.9521888494491577,False
D4LensPINN,24,370,2,flip_h_r90,H02_enc2,4.584047317504883,4.140383720397949,0.09635722637176514,-1.9650516510009766,False
D4LensPINN,24,370,2,flip_h_r90,H03_enc3,4.350776195526123,3.0930380821228027,1.2737834453582764,-2.782057285308838,False
D4LensPINN,24,370,2,flip_h_r90,H04_bot,3.6474804878234863,2.6555349826812744,0.9912099242210388,-2.2955939769744873,False
D4LensPINN,24,370,2,flip_h_r90,H08_kappa_out,3.738199472427368,3.136359453201294,0.5712651014328003,-1.9521888494491577,False
D4LensPINN,24,370,2,flip_h_r90,H09_poisson,1.0819053649902344,0.6212735176086426,0.4673334062099457,-0.7524213790893555,False
D4LensPINN,24,370,2,flip_h_r90,H10_deflection,1.0819053649902344,0.6212735176086426,0.4673334062099457,-0.7524213790893555,False
D4LensPINN,24,370,2,flip_h_r90,H11_inv_lens,2.8641438484191895,0.418501615524292,-2.0510637760162354,1.9548182487487793,False
D4LensPINN,24,370,2,flip_h_r90,H12_HANDOFF,2.633589744567871,0.16911697387695312,-1.8912420272827148,1.8249378204345703,False
D4LensPINN,24,370,2,flip_h_r90,H12b_input_proj,2.633589744567871,0.16911697387695312,-1.8912420272827148,1.8249378204345703,False
D4LensPINN,24,370,2,flip_h_r90,H13_eff3,2.633589744567871,0.16911697387695312,-1.8912420272827148,1.8249378204345703,False
D4LensPINN,24,370,2,flip_h_r90,H13b_eff4,2.633589744567871,0.16911697387695312,-1.8912420272827148,1.8249378204345703,False
D4LensPINN,24,370,2,flip_h_r90,H14_eff5,2.633589744567871,0.16911697387695312,-1.8912420272827148,1.8249378204345703,False
D4LensPINN,24,370,2,flip_h_r90,H14b_eff6,2.633589744567871,0.16911697387695312,-1.8912420272827148,1.8249378204345703,False
D4LensPINN,24,370,2,flip_h_r90,H15_before_gap,2.633589744567871,0.16911697387695312,-1.8912420272827148,1.8249378204345703,False
D4LensPINN,24,370,2,flip_h_r90,H16_after_gap,2.633589744567871,0.16911697387695312,-1.8912420272827148,1.8249378204345703,False
D4LensPINN,24,370,2,flip_h_r90,H17_pre_linear,2.633589744567871,0.16911697387695312,-1.8912420272827148,1.8249378204345703,False
D4LensPINN,24,370,2,flip_h_r180,H00_preprocess,5.261799335479736,4.150773048400879,1.0337759256362915,-3.0641348361968994,False
D4LensPINN,24,370,2,flip_h_r180,H01_enc1,5.261799335479736,4.150773048400879,1.0337759256362915,-3.0641348361968994,False
D4LensPINN,24,370,2,flip_h_r180,H02_enc2,5.242611885070801,4.016345024108887,1.1785228252410889,-3.156744956970215,False
D4LensPINN,24,370,2,flip_h_r180,H03_enc3,1.842027187347412,0.8660426139831543,0.9329200983047485,-1.3314257860183716,False
D4LensPINN,24,370,2,flip_h_r180,H04_bot,1.5443973541259766,0.7551391124725342,0.7608186602592468,-1.111792802810669,False
D4LensPINN,24,370,2,flip_h_r180,H08_kappa_out,5.261799335479736,4.150773048400879,1.0337759256362915,-3.0641348361968994,False
D4LensPINN,24,370,2,flip_h_r180,H09_poisson,0.9000808596611023,-0.11335563659667969,0.657412588596344,-0.6042389869689941,False
D4LensPINN,24,370,2,flip_h_r180,H10_deflection,0.9000808596611023,-0.11335563659667969,0.657412588596344,-0.6042389869689941,False
D4LensPINN,24,370,2,flip_h_r180,H11_inv_lens,7.366872310638428,-4.133889675140381,-3.344802141189575,5.0984368324279785,False
D4LensPINN,24,370,2,flip_h_r180,H12_HANDOFF,1.712731957435608,1.6387958526611328,-0.2976728081703186,-0.3989858627319336,False
D4LensPINN,24,370,2,flip_h_r180,H12b_input_proj,1.712731957435608,1.6387958526611328,-0.2976728081703186,-0.3989858627319336,False
D4LensPINN,24,370,2,flip_h_r180,H13_eff3,1.712731957435608,1.6387958526611328,-0.2976728081703186,-0.3989858627319336,False
D4LensPINN,24,370,2,flip_h_r180,H13b_eff4,1.712731957435608,1.6387958526611328,-0.2976728081703186,-0.3989858627319336,False
D4LensPINN,24,370,2,flip_h_r180,H14_eff5,1.712731957435608,1.6387958526611328,-0.2976728081703186,-0.3989858627319336,False
D4LensPINN,24,370,2,flip_h_r180,H14b_eff6,1.712731957435608,1.6387958526611328,-0.2976728081703186,-0.3989858627319336,False
D4LensPINN,24,370,2,flip_h_r180,H15_before_gap,1.712731957435608,1.6387958526611328,-0.2976728081703186,-0.3989858627319336,False
D4LensPINN,24,370,2,flip_h_r180,H16_after_gap,1.712731957435608,1.6387958526611328,-0.2976728081703186,-0.3989858627319336,False
D4LensPINN,24,370,2,flip_h_r180,H17_pre_linear,1.712731957435608,1.6387958526611328,-0.2976728081703186,-0.3989858627319336,False
D4LensPINN,24,370,2,flip_h_r270,H00_preprocess,6.333240985870361,3.9193224906921387,2.3727989196777344,-4.372490882873535,False
D4LensPINN,24,370,2,flip_h_r270,H01_enc1,6.333240985870361,3.9193224906921387,2.3727989196777344,-4.372490882873535,False
D4LensPINN,24,370,2,flip_h_r270,H02_enc2,6.192681312561035,4.093463897705078,2.0491812229156494,-4.170576572418213,False
D4LensPINN,24,370,2,flip_h_r270,H03_enc3,2.5363588333129883,1.4090278148651123,1.0427563190460205,-1.8331438302993774,False
D4LensPINN,24,370,2,flip_h_r270,H04_bot,1.8030762672424316,0.7932467460632324,0.8571603298187256,-1.3737248182296753,False
D4LensPINN,24,370,2,flip_h_r270,H08_kappa_out,6.333240985870361,3.9193224906921387,2.3727989196777344,-4.372490882873535,False
D4LensPINN,24,370,2,flip_h_r270,H09_poisson,1.1260231733322144,0.4416232109069824,0.6126466989517212,-0.8352012634277344,False
D4LensPINN,24,370,2,flip_h_r270,H10_deflection,1.1260231733322144,0.4416232109069824,0.6126466989517212,-0.8352012634277344,False
D4LensPINN,24,370,2,flip_h_r270,H11_inv_lens,11.417725563049316,-5.902923107147217,-5.642901420593262,7.979825496673584,False
D4LensPINN,24,370,2,flip_h_r270,H12_HANDOFF,1.5400813817977905,1.1642146110534668,-0.9546216130256653,0.32427239418029785,False
D4LensPINN,24,370,2,flip_h_r270,H12b_input_proj,1.5400813817977905,1.1642146110534668,-0.9546216130256653,0.32427239418029785,False
D4LensPINN,24,370,2,flip_h_r270,H13_eff3,1.5400813817977905,1.1642146110534668,-0.9546216130256653,0.32427239418029785,False
D4LensPINN,24,370,2,flip_h_r270,H13b_eff4,1.5400813817977905,1.1642146110534668,-0.9546216130256653,0.32427239418029785,False
D4LensPINN,24,370,2,flip_h_r270,H14_eff5,1.5400813817977905,1.1642146110534668,-0.9546216130256653,0.32427239418029785,False
D4LensPINN,24,370,2,flip_h_r270,H14b_eff6,1.5400813817977905,1.1642146110534668,-0.9546216130256653,0.32427239418029785,False
D4LensPINN,24,370,2,flip_h_r270,H15_before_gap,1.5400813817977905,1.1642146110534668,-0.9546216130256653,0.32427239418029785,False
D4LensPINN,24,370,2,flip_h_r270,H16_after_gap,1.5400813817977905,1.1642146110534668,-0.9546216130256653,0.32427239418029785,False
D4LensPINN,24,370,2,flip_h_r270,H17_pre_linear,1.5400813817977905,1.1642146110534668,-0.9546216130256653,0.32427239418029785,False
D4LensPINN,25,386,0,e,H00_preprocess,0.0,0.0,0.0,0.0,False
D4LensPINN,25,386,0,e,H01_enc1,0.0,0.0,0.0,0.0,False
D4LensPINN,25,386,0,e,H02_enc2,0.0,0.0,0.0,0.0,False
D4LensPINN,25,386,0,e,H03_enc3,0.0,0.0,0.0,0.0,False
D4LensPINN,25,386,0,e,H04_bot,0.0,0.0,0.0,0.0,False
D4LensPINN,25,386,0,e,H08_kappa_out,0.0,0.0,0.0,0.0,False
D4LensPINN,25,386,0,e,H09_poisson,0.0,0.0,0.0,0.0,False
D4LensPINN,25,386,0,e,H10_deflection,0.0,0.0,0.0,0.0,False
D4LensPINN,25,386,0,e,H11_inv_lens,0.0,0.0,0.0,0.0,False
D4LensPINN,25,386,0,e,H12_HANDOFF,0.0,0.0,0.0,0.0,False
D4LensPINN,25,386,0,e,H12b_input_proj,0.0,0.0,0.0,0.0,False
D4LensPINN,25,386,0,e,H13_eff3,0.0,0.0,0.0,0.0,False
D4LensPINN,25,386,0,e,H13b_eff4,0.0,0.0,0.0,0.0,False
D4LensPINN,25,386,0,e,H14_eff5,0.0,0.0,0.0,0.0,False
D4LensPINN,25,386,0,e,H14b_eff6,0.0,0.0,0.0,0.0,False
D4LensPINN,25,386,0,e,H15_before_gap,0.0,0.0,0.0,0.0,False
D4LensPINN,25,386,0,e,H16_after_gap,0.0,0.0,0.0,0.0,False
D4LensPINN,25,386,0,e,H17_pre_linear,0.0,0.0,0.0,0.0,False
D4LensPINN,25,386,0,r90,H00_preprocess,1.8760186433792114,-1.2924761772155762,-0.31276658177375793,1.323302149772644,False
D4LensPINN,25,386,0,r90,H01_enc1,1.8760186433792114,-1.2924761772155762,-0.31276658177375793,1.323302149772644,False
D4LensPINN,25,386,0,r90,H02_enc2,1.8595634698867798,-1.124720573425293,-0.4520668089389801,1.4101828336715698,False
D4LensPINN,25,386,0,r90,H03_enc3,0.4336691200733185,-0.25980067253112793,-0.024723559617996216,0.34635424613952637,False
D4LensPINN,25,386,0,r90,H04_bot,0.37374845147132874,-0.20978999137878418,-0.038952261209487915,0.3068530559539795,False
D4LensPINN,25,386,0,r90,H08_kappa_out,1.8760186433792114,-1.2924761772155762,-0.31276658177375793,1.323302149772644,False
D4LensPINN,25,386,0,r90,H09_poisson,0.17535939812660217,-0.05564522743225098,0.13835200667381287,-0.09226727485656738,False
D4LensPINN,25,386,0,r90,H10_deflection,0.17535939812660217,-0.05564522743225098,0.13835200667381287,-0.09226727485656738,False
D4LensPINN,25,386,0,r90,H11_inv_lens,14.025818824768066,-9.596461296081543,-4.354689598083496,9.255711555480957,False
D4LensPINN,25,386,0,r90,H12_HANDOFF,2.8706369400024414,-2.159715175628662,-0.3151613175868988,1.8646342754364014,False
D4LensPINN,25,386,0,r90,H12b_input_proj,2.8706369400024414,-2.159715175628662,-0.3151613175868988,1.8646342754364014,False
D4LensPINN,25,386,0,r90,H13_eff3,2.8706369400024414,-2.159715175628662,-0.3151613175868988,1.8646342754364014,False
D4LensPINN,25,386,0,r90,H13b_eff4,2.8706369400024414,-2.159715175628662,-0.3151613175868988,1.8646342754364014,False
D4LensPINN,25,386,0,r90,H14_eff5,2.8706369400024414,-2.159715175628662,-0.3151613175868988,1.8646342754364014,False
D4LensPINN,25,386,0,r90,H14b_eff6,2.8706369400024414,-2.159715175628662,-0.3151613175868988,1.8646342754364014,False
D4LensPINN,25,386,0,r90,H15_before_gap,2.8706369400024414,-2.159715175628662,-0.3151613175868988,1.8646342754364014,False
D4LensPINN,25,386,0,r90,H16_after_gap,2.8706369400024414,-2.159715175628662,-0.3151613175868988,1.8646342754364014,False
D4LensPINN,25,386,0,r90,H17_pre_linear,2.8706369400024414,-2.159715175628662,-0.3151613175868988,1.8646342754364014,False
D4LensPINN,25,386,0,r180,H00_preprocess,6.37550163269043,-5.974396705627441,1.775931715965271,1.3415170907974243,False
D4LensPINN,25,386,0,r180,H01_enc1,6.37550163269043,-5.974396705627441,1.775931715965271,1.3415170907974243,False
D4LensPINN,25,386,0,r180,H02_enc2,6.054610729217529,-5.675127983093262,1.4956218004226685,1.4880681037902832,False
D4LensPINN,25,386,0,r180,H03_enc3,0.36117351055145264,0.07517266273498535,-0.26457908749580383,0.23407965898513794,False
D4LensPINN,25,386,0,r180,H04_bot,0.2942317724227905,0.18760180473327637,-0.21975544095039368,0.05554676055908203,False
D4LensPINN,25,386,0,r180,H08_kappa_out,6.37550163269043,-5.974396705627441,1.775931715965271,1.3415170907974243,False
D4LensPINN,25,386,0,r180,H09_poisson,0.23798944056034088,-0.1608598232269287,0.17405885457992554,-0.021601080894470215,False
D4LensPINN,25,386,0,r180,H10_deflection,0.23798944056034088,-0.1608598232269287,0.17405885457992554,-0.021601080894470215,False
D4LensPINN,25,386,0,r180,H11_inv_lens,39.53504943847656,-26.82402801513672,-13.69655990600586,25.61046600341797,False
D4LensPINN,25,386,0,r180,H12_HANDOFF,3.107116222381592,-2.8204195499420166,0.6414437294006348,1.1348810195922852,False
D4LensPINN,25,386,0,r180,H12b_input_proj,3.107116222381592,-2.8204195499420166,0.6414437294006348,1.1348810195922852,False
D4LensPINN,25,386,0,r180,H13_eff3,3.107116222381592,-2.8204195499420166,0.6414437294006348,1.1348810195922852,False
D4LensPINN,25,386,0,r180,H13b_eff4,3.107116222381592,-2.8204195499420166,0.6414437294006348,1.1348810195922852,False
D4LensPINN,25,386,0,r180,H14_eff5,3.107116222381592,-2.8204195499420166,0.6414437294006348,1.1348810195922852,False
D4LensPINN,25,386,0,r180,H14b_eff6,3.107116222381592,-2.8204195499420166,0.6414437294006348,1.1348810195922852,False
D4LensPINN,25,386,0,r180,H15_before_gap,3.107116222381592,-2.8204195499420166,0.6414437294006348,1.1348810195922852,False
D4LensPINN,25,386,0,r180,H16_after_gap,3.107116222381592,-2.8204195499420166,0.6414437294006348,1.1348810195922852,False
D4LensPINN,25,386,0,r180,H17_pre_linear,3.107116222381592,-2.8204195499420166,0.6414437294006348,1.1348810195922852,False
D4LensPINN,25,386,0,r270,H00_preprocess,0.30593180656433105,0.22075629234313965,-0.04476079344749451,-0.20702028274536133,False
D4LensPINN,25,386,0,r270,H01_enc1,0.30593180656433105,0.22075629234313965,-0.04476079344749451,-0.20702028274536133,False
D4LensPINN,25,386,0,r270,H02_enc2,0.18844778835773468,-0.15309357643127441,0.032433778047561646,0.10499036312103271,False
D4LensPINN,25,386,0,r270,H03_enc3,0.4654240608215332,0.07994294166564941,-0.36176106333732605,0.281704843044281,False
D4LensPINN,25,386,0,r270,H04_bot,0.47857382893562317,0.13812470436096191,-0.38661518692970276,0.24593329429626465,False
D4LensPINN,25,386,0,r270,H08_kappa_out,0.30593180656433105,0.22075629234313965,-0.04476079344749451,-0.20702028274536133,False
D4LensPINN,25,386,0,r270,H09_poisson,0.36045730113983154,-0.279904842376709,0.06949451565742493,0.2162250280380249,False
D4LensPINN,25,386,0,r270,H10_deflection,0.36045730113983154,-0.279904842376709,0.06949451565742493,0.2162250280380249,False
D4LensPINN,25,386,0,r270,H11_inv_lens,10.756193161010742,-7.758299827575684,-2.690354347229004,6.947406768798828,False
D4LensPINN,25,386,0,r270,H12_HANDOFF,1.9418998956680298,-1.486870288848877,-0.01057964563369751,1.249031662940979,False
D4LensPINN,25,386,0,r270,H12b_input_proj,1.9418998956680298,-1.486870288848877,-0.01057964563369751,1.249031662940979,False
D4LensPINN,25,386,0,r270,H13_eff3,1.9418998956680298,-1.486870288848877,-0.01057964563369751,1.249031662940979,False
D4LensPINN,25,386,0,r270,H13b_eff4,1.9418998956680298,-1.486870288848877,-0.01057964563369751,1.249031662940979,False
D4LensPINN,25,386,0,r270,H14_eff5,1.9418998956680298,-1.486870288848877,-0.01057964563369751,1.249031662940979,False
D4LensPINN,25,386,0,r270,H14b_eff6,1.9418998956680298,-1.486870288848877,-0.01057964563369751,1.249031662940979,False
D4LensPINN,25,386,0,r270,H15_before_gap,1.9418998956680298,-1.486870288848877,-0.01057964563369751,1.249031662940979,False
D4LensPINN,25,386,0,r270,H16_after_gap,1.9418998956680298,-1.486870288848877,-0.01057964563369751,1.249031662940979,False
D4LensPINN,25,386,0,r270,H17_pre_linear,1.9418998956680298,-1.486870288848877,-0.01057964563369751,1.249031662940979,False
D4LensPINN,25,386,0,flip_h,H00_preprocess,0.7884771823883057,0.6111283302307129,-0.401180237531662,-0.2954198122024536,False
D4LensPINN,25,386,0,flip_h,H01_enc1,0.7884771823883057,0.6111283302307129,-0.401180237531662,-0.2954198122024536,False
D4LensPINN,25,386,0,flip_h,H02_enc2,0.4607657790184021,0.20942187309265137,-0.3725613057613373,0.17217916250228882,False
D4LensPINN,25,386,0,flip_h,H03_enc3,0.4901816248893738,-0.23509597778320312,-0.12839993834495544,0.4105135202407837,False
D4LensPINN,25,386,0,flip_h,H04_bot,0.2464691400527954,-0.020449161529541016,-0.14209267497062683,0.20034605264663696,False
D4LensPINN,25,386,0,flip_h,H08_kappa_out,0.7884771823883057,0.6111283302307129,-0.401180237531662,-0.2954198122024536,False
D4LensPINN,25,386,0,flip_h,H09_poisson,0.25289133191108704,-0.1867830753326416,0.02990695834159851,0.1678442358970642,False
D4LensPINN,25,386,0,flip_h,H10_deflection,0.25289133191108704,-0.1867830753326416,0.02990695834159851,0.1678442358970642,False
D4LensPINN,25,386,0,flip_h,H11_inv_lens,15.719717979431152,-11.322056770324707,-4.193288803100586,10.066622734069824,False
D4LensPINN,25,386,0,flip_h,H12_HANDOFF,0.44385141134262085,0.354996919631958,-0.17620673775672913,-0.1998310089111328,False
D4LensPINN,25,386,0,flip_h,H12b_input_proj,0.44385141134262085,0.354996919631958,-0.17620673775672913,-0.1998310089111328,False
D4LensPINN,25,386,0,flip_h,H13_eff3,0.44385141134262085,0.354996919631958,-0.17620673775672913,-0.1998310089111328,False
D4LensPINN,25,386,0,flip_h,H13b_eff4,0.44385141134262085,0.354996919631958,-0.17620673775672913,-0.1998310089111328,False
D4LensPINN,25,386,0,flip_h,H14_eff5,0.44385141134262085,0.354996919631958,-0.17620673775672913,-0.1998310089111328,False
D4LensPINN,25,386,0,flip_h,H14b_eff6,0.44385141134262085,0.354996919631958,-0.17620673775672913,-0.1998310089111328,False
D4LensPINN,25,386,0,flip_h,H15_before_gap,0.44385141134262085,0.354996919631958,-0.17620673775672913,-0.1998310089111328,False
D4LensPINN,25,386,0,flip_h,H16_after_gap,0.44385141134262085,0.354996919631958,-0.17620673775672913,-0.1998310089111328,False
D4LensPINN,25,386,0,flip_h,H17_pre_linear,0.44385141134262085,0.354996919631958,-0.17620673775672913,-0.1998310089111328,False
D4LensPINN,25,386,0,flip_h_r90,H00_preprocess,1.1538082361221313,0.882803201675415,-0.43562522530555725,-0.6017996072769165,False
D4LensPINN,25,386,0,flip_h_r90,H01_enc1,1.1538082361221313,0.882803201675415,-0.43562522530555725,-0.6017996072769165,False
D4LensPINN,25,386,0,flip_h_r90,H02_enc2,0.9224257469177246,0.7127273082733154,-0.4496699869632721,-0.3750811815261841,False
D4LensPINN,25,386,0,flip_h_r90,H03_enc3,0.3540184199810028,-0.2147228717803955,-0.04589727520942688,0.27769869565963745,False
D4LensPINN,25,386,0,flip_h_r90,H04_bot,0.17413446307182312,-0.0657494068145752,-0.06470319628715515,0.14769333600997925,False
D4LensPINN,25,386,0,flip_h_r90,H08_kappa_out,1.1538082361221313,0.882803201675415,-0.43562522530555725,-0.6017996072769165,False
D4LensPINN,25,386,0,flip_h_r90,H09_poisson,0.0853431224822998,-0.06758570671081543,0.04671365022659302,0.023096680641174316,False
D4LensPINN,25,386,0,flip_h_r90,H10_deflection,0.0853431224822998,-0.06758570671081543,0.04671365022659302,0.023096680641174316,False
D4LensPINN,25,386,0,flip_h_r90,H11_inv_lens,6.670712947845459,-4.8449554443359375,-1.297921895980835,4.397751331329346,False
D4LensPINN,25,386,0,flip_h_r90,H12_HANDOFF,0.9033393263816833,-0.6953850984573364,0.0653211772441864,0.5728827118873596,False
D4LensPINN,25,386,0,flip_h_r90,H12b_input_proj,0.9033393263816833,-0.6953850984573364,0.0653211772441864,0.5728827118873596,False
D4LensPINN,25,386,0,flip_h_r90,H13_eff3,0.9033393263816833,-0.6953850984573364,0.0653211772441864,0.5728827118873596,False
D4LensPINN,25,386,0,flip_h_r90,H13b_eff4,0.9033393263816833,-0.6953850984573364,0.0653211772441864,0.5728827118873596,False
D4LensPINN,25,386,0,flip_h_r90,H14_eff5,0.9033393263816833,-0.6953850984573364,0.0653211772441864,0.5728827118873596,False
D4LensPINN,25,386,0,flip_h_r90,H14b_eff6,0.9033393263816833,-0.6953850984573364,0.0653211772441864,0.5728827118873596,False
D4LensPINN,25,386,0,flip_h_r90,H15_before_gap,0.9033393263816833,-0.6953850984573364,0.0653211772441864,0.5728827118873596,False
D4LensPINN,25,386,0,flip_h_r90,H16_after_gap,0.9033393263816833,-0.6953850984573364,0.0653211772441864,0.5728827118873596,False
D4LensPINN,25,386,0,flip_h_r90,H17_pre_linear,0.9033393263816833,-0.6953850984573364,0.0653211772441864,0.5728827118873596,False
D4LensPINN,25,386,0,flip_h_r180,H00_preprocess,0.7080097794532776,0.4823465347290039,-0.02492043375968933,-0.5176858901977539,False
D4LensPINN,25,386,0,flip_h_r180,H01_enc1,0.7080097794532776,0.4823465347290039,-0.02492043375968933,-0.5176858901977539,False
D4LensPINN,25,386,0,flip_h_r180,H02_enc2,0.5428468585014343,0.33944058418273926,0.039796143770217896,-0.4217571020126343,False
D4LensPINN,25,386,0,flip_h_r180,H03_enc3,0.23837147653102875,0.18663406372070312,-0.07287481427192688,-0.1291431188583374,False
D4LensPINN,25,386,0,flip_h_r180,H04_bot,0.28953441977500916,0.2301952838897705,-0.13826081156730652,-0.10827863216400146,False
D4LensPINN,25,386,0,flip_h_r180,H08_kappa_out,0.7080097794532776,0.4823465347290039,-0.02492043375968933,-0.5176858901977539,False
D4LensPINN,25,386,0,flip_h_r180,H09_poisson,0.16620784997940063,-0.07854914665222168,0.13149163126945496,-0.06453704833984375,False
D4LensPINN,25,386,0,flip_h_r180,H10_deflection,0.16620784997940063,-0.07854914665222168,0.13149163126945496,-0.06453704833984375,False
D4LensPINN,25,386,0,flip_h_r180,H11_inv_lens,7.701526165008545,-5.333579063415527,-1.989606499671936,5.187283039093018,False
D4LensPINN,25,386,0,flip_h_r180,H12_HANDOFF,0.33773815631866455,-0.09400725364685059,0.2176153063774109,-0.2405686378479004,False
D4LensPINN,25,386,0,flip_h_r180,H12b_input_proj,0.33773815631866455,-0.09400725364685059,0.2176153063774109,-0.2405686378479004,False
D4LensPINN,25,386,0,flip_h_r180,H13_eff3,0.33773815631866455,-0.09400725364685059,0.2176153063774109,-0.2405686378479004,False
D4LensPINN,25,386,0,flip_h_r180,H13b_eff4,0.33773815631866455,-0.09400725364685059,0.2176153063774109,-0.2405686378479004,False
D4LensPINN,25,386,0,flip_h_r180,H14_eff5,0.33773815631866455,-0.09400725364685059,0.2176153063774109,-0.2405686378479004,False
D4LensPINN,25,386,0,flip_h_r180,H14b_eff6,0.33773815631866455,-0.09400725364685059,0.2176153063774109,-0.2405686378479004,False
D4LensPINN,25,386,0,flip_h_r180,H15_before_gap,0.33773815631866455,-0.09400725364685059,0.2176153063774109,-0.2405686378479004,False
D4LensPINN,25,386,0,flip_h_r180,H16_after_gap,0.33773815631866455,-0.09400725364685059,0.2176153063774109,-0.2405686378479004,False
D4LensPINN,25,386,0,flip_h_r180,H17_pre_linear,0.33773815631866455,-0.09400725364685059,0.2176153063774109,-0.2405686378479004,False
D4LensPINN,25,386,0,flip_h_r270,H00_preprocess,6.3976545333862305,-5.98940372467041,1.8306207656860352,1.3060836791992188,False
D4LensPINN,25,386,0,flip_h_r270,H01_enc1,6.3976545333862305,-5.98940372467041,1.8306207656860352,1.3060836791992188,False
D4LensPINN,25,386,0,flip_h_r270,H02_enc2,5.662959098815918,-5.291386127471924,1.6547125577926636,1.1542381048202515,False
D4LensPINN,25,386,0,flip_h_r270,H03_enc3,0.7672499418258667,-0.4259154796600342,-0.13293662667274475,0.6241765022277832,False
D4LensPINN,25,386,0,flip_h_r270,H04_bot,0.33177125453948975,-0.022403717041015625,-0.1990172564983368,0.26450401544570923,False
D4LensPINN,25,386,0,flip_h_r270,H08_kappa_out,6.3976545333862305,-5.98940372467041,1.8306207656860352,1.3060836791992188,False
D4LensPINN,25,386,0,flip_h_r270,H09_poisson,0.24441708624362946,-0.19536280632019043,0.13677993416786194,0.053519487380981445,False
D4LensPINN,25,386,0,flip_h_r270,H10_deflection,0.24441708624362946,-0.19536280632019043,0.13677993416786194,0.053519487380981445,False
D4LensPINN,25,386,0,flip_h_r270,H11_inv_lens,28.89765167236328,-20.202983856201172,-9.2868013381958,18.45722198486328,False
D4LensPINN,25,386,0,flip_h_r270,H12_HANDOFF,3.317384719848633,-3.041837692260742,0.8653185963630676,1.001742959022522,False
D4LensPINN,25,386,0,flip_h_r270,H12b_input_proj,3.317384719848633,-3.041837692260742,0.8653185963630676,1.001742959022522,False
D4LensPINN,25,386,0,flip_h_r270,H13_eff3,3.317384719848633,-3.041837692260742,0.8653185963630676,1.001742959022522,False
D4LensPINN,25,386,0,flip_h_r270,H13b_eff4,3.317384719848633,-3.041837692260742,0.8653185963630676,1.001742959022522,False
D4LensPINN,25,386,0,flip_h_r270,H14_eff5,3.317384719848633,-3.041837692260742,0.8653185963630676,1.001742959022522,False
D4LensPINN,25,386,0,flip_h_r270,H14b_eff6,3.317384719848633,-3.041837692260742,0.8653185963630676,1.001742959022522,False
D4LensPINN,25,386,0,flip_h_r270,H15_before_gap,3.317384719848633,-3.041837692260742,0.8653185963630676,1.001742959022522,False
D4LensPINN,25,386,0,flip_h_r270,H16_after_gap,3.317384719848633,-3.041837692260742,0.8653185963630676,1.001742959022522,False
D4LensPINN,25,386,0,flip_h_r270,H17_pre_linear,3.317384719848633,-3.041837692260742,0.8653185963630676,1.001742959022522,False
D4LensPINN,26,393,0,e,H00_preprocess,0.0,0.0,0.0,0.0,False
D4LensPINN,26,393,0,e,H01_enc1,0.0,0.0,0.0,0.0,False
D4LensPINN,26,393,0,e,H02_enc2,0.0,0.0,0.0,0.0,False
D4LensPINN,26,393,0,e,H03_enc3,0.0,0.0,0.0,0.0,False
D4LensPINN,26,393,0,e,H04_bot,0.0,0.0,0.0,0.0,False
D4LensPINN,26,393,0,e,H08_kappa_out,0.0,0.0,0.0,0.0,False
D4LensPINN,26,393,0,e,H09_poisson,0.0,0.0,0.0,0.0,False
D4LensPINN,26,393,0,e,H10_deflection,0.0,0.0,0.0,0.0,False
D4LensPINN,26,393,0,e,H11_inv_lens,0.0,0.0,0.0,0.0,False
D4LensPINN,26,393,0,e,H12_HANDOFF,0.0,0.0,0.0,0.0,False
D4LensPINN,26,393,0,e,H12b_input_proj,0.0,0.0,0.0,0.0,False
D4LensPINN,26,393,0,e,H13_eff3,0.0,0.0,0.0,0.0,False
D4LensPINN,26,393,0,e,H13b_eff4,0.0,0.0,0.0,0.0,False
D4LensPINN,26,393,0,e,H14_eff5,0.0,0.0,0.0,0.0,False
D4LensPINN,26,393,0,e,H14b_eff6,0.0,0.0,0.0,0.0,False
D4LensPINN,26,393,0,e,H15_before_gap,0.0,0.0,0.0,0.0,False
D4LensPINN,26,393,0,e,H16_after_gap,0.0,0.0,0.0,0.0,False
D4LensPINN,26,393,0,e,H17_pre_linear,0.0,0.0,0.0,0.0,False
D4LensPINN,26,393,0,r90,H00_preprocess,3.832365036010742,3.200099468231201,-0.9539661407470703,-1.880514144897461,False
D4LensPINN,26,393,0,r90,H01_enc1,3.832365036010742,3.200099468231201,-0.9539661407470703,-1.880514144897461,False
D4LensPINN,26,393,0,r90,H02_enc2,3.684562921524048,3.100046157836914,-0.9763741493225098,-1.7356297969818115,False
D4LensPINN,26,393,0,r90,H03_enc3,1.4684865474700928,-1.163257360458374,0.89556884765625,-0.03523683547973633,False
D4LensPINN,26,393,0,r90,H04_bot,1.3998152017593384,-1.1070533990859985,0.8556066751480103,-0.043041110038757324,False
D4LensPINN,26,393,0,r90,H08_kappa_out,3.832365036010742,3.200099468231201,-0.9539661407470703,-1.880514144897461,False
D4LensPINN,26,393,0,r90,H09_poisson,0.5102887153625488,0.4276435375213623,0.018136635422706604,-0.2778247594833374,False
D4LensPINN,26,393,0,r90,H10_deflection,0.5102887153625488,0.4276435375213623,0.018136635422706604,-0.2778247594833374,False
D4LensPINN,26,393,0,r90,H11_inv_lens,32.0021858215332,-20.925390243530273,-11.770147323608398,21.159671783447266,False
D4LensPINN,26,393,0,r90,H12_HANDOFF,1.8271692991256714,-0.953373372554779,-0.6694053411483765,1.4076658487319946,False
D4LensPINN,26,393,0,r90,H12b_input_proj,1.8271692991256714,-0.953373372554779,-0.6694053411483765,1.4076658487319946,False
D4LensPINN,26,393,0,r90,H13_eff3,1.8271692991256714,-0.953373372554779,-0.6694053411483765,1.4076658487319946,False
D4LensPINN,26,393,0,r90,H13b_eff4,1.8271692991256714,-0.953373372554779,-0.6694053411483765,1.4076658487319946,False
D4LensPINN,26,393,0,r90,H14_eff5,1.8271692991256714,-0.953373372554779,-0.6694053411483765,1.4076658487319946,False
D4LensPINN,26,393,0,r90,H14b_eff6,1.8271692991256714,-0.953373372554779,-0.6694053411483765,1.4076658487319946,False
D4LensPINN,26,393,0,r90,H15_before_gap,1.8271692991256714,-0.953373372554779,-0.6694053411483765,1.4076658487319946,False
D4LensPINN,26,393,0,r90,H16_after_gap,1.8271692991256714,-0.953373372554779,-0.6694053411483765,1.4076658487319946,False
D4LensPINN,26,393,0,r90,H17_pre_linear,1.8271692991256714,-0.953373372554779,-0.6694053411483765,1.4076658487319946,False
D4LensPINN,26,393,0,r180,H00_preprocess,2.7341294288635254,2.3982086181640625,-0.8315045833587646,-1.0161986351013184,False
D4LensPINN,26,393,0,r180,H01_enc1,2.7341294288635254,2.3982086181640625,-0.8315045833587646,-1.0161986351013184,False
D4LensPINN,26,393,0,r180,H02_enc2,2.5816080570220947,2.2833943367004395,-0.8449658155441284,-0.858396053314209,False
D4LensPINN,26,393,0,r180,H03_enc3,1.1959041357040405,-1.01806640625,0.6155818700790405,0.12159955501556396,False
D4LensPINN,26,393,0,r180,H04_bot,0.4245253801345825,-0.30947208404541016,0.2905900776386261,-0.002499103546142578,False
D4LensPINN,26,393,0,r180,H08_kappa_out,2.7341294288635254,2.3982086181640625,-0.8315045833587646,-1.0161986351013184,False
D4LensPINN,26,393,0,r180,H09_poisson,0.3400244414806366,-0.3091423511505127,0.04979658126831055,0.13254404067993164,False
D4LensPINN,26,393,0,r180,H10_deflection,0.3400244414806366,-0.3091423511505127,0.04979658126831055,0.13254404067993164,False
D4LensPINN,26,393,0,r180,H11_inv_lens,10.766074180603027,-5.951318264007568,-4.4112629890441895,7.812228679656982,False
D4LensPINN,26,393,0,r180,H12_HANDOFF,2.144758462905884,1.8447235822677612,-0.18138264119625092,-1.0789270401000977,False
D4LensPINN,26,393,0,r180,H12b_input_proj,2.144758462905884,1.8447235822677612,-0.18138264119625092,-1.0789270401000977,False
D4LensPINN,26,393,0,r180,H13_eff3,2.144758462905884,1.8447235822677612,-0.18138264119625092,-1.0789270401000977,False
D4LensPINN,26,393,0,r180,H13b_eff4,2.144758462905884,1.8447235822677612,-0.18138264119625092,-1.0789270401000977,False
D4LensPINN,26,393,0,r180,H14_eff5,2.144758462905884,1.8447235822677612,-0.18138264119625092,-1.0789270401000977,False
D4LensPINN,26,393,0,r180,H14b_eff6,2.144758462905884,1.8447235822677612,-0.18138264119625092,-1.0789270401000977,False
D4LensPINN,26,393,0,r180,H15_before_gap,2.144758462905884,1.8447235822677612,-0.18138264119625092,-1.0789270401000977,False
D4LensPINN,26,393,0,r180,H16_after_gap,2.144758462905884,1.8447235822677612,-0.18138264119625092,-1.0789270401000977,False
D4LensPINN,26,393,0,r180,H17_pre_linear,2.144758462905884,1.8447235822677612,-0.18138264119625092,-1.0789270401000977,False
D4LensPINN,26,393,0,r270,H00_preprocess,4.224457740783691,3.5176138877868652,-1.3742966651916504,-1.8930778503417969,False
D4LensPINN,26,393,0,r270,H01_enc1,4.224457740783691,3.5176138877868652,-1.3742966651916504,-1.8930778503417969,False
D4LensPINN,26,393,0,r270,H02_enc2,4.14787483215332,3.4641809463500977,-1.4008431434631348,-1.8005425930023193,False
D4LensPINN,26,393,0,r270,H03_enc3,1.8790652751922607,-1.451294183731079,-0.03697654604911804,1.1930063962936401,False
D4LensPINN,26,393,0,r270,H04_bot,1.4558814764022827,-1.1266045570373535,0.05502934753894806,0.9205025434494019,False
D4LensPINN,26,393,0,r270,H08_kappa_out,4.224457740783691,3.5176138877868652,-1.3742966651916504,-1.8930778503417969,False
D4LensPINN,26,393,0,r270,H09_poisson,0.37857726216316223,0.3083639144897461,0.041820257902145386,-0.2156003713607788,False
D4LensPINN,26,393,0,r270,H10_deflection,0.37857726216316223,0.3083639144897461,0.041820257902145386,-0.2156003713607788,False
D4LensPINN,26,393,0,r270,H11_inv_lens,44.65889358520508,-28.79396629333496,-16.915239334106445,29.651288986206055,False
D4LensPINN,26,393,0,r270,H12_HANDOFF,1.6337499618530273,1.522454857826233,-0.5416820049285889,-0.24052190780639648,False
D4LensPINN,26,393,0,r270,H12b_input_proj,1.6337499618530273,1.522454857826233,-0.5416820049285889,-0.24052190780639648,False
D4LensPINN,26,393,0,r270,H13_eff3,1.6337499618530273,1.522454857826233,-0.5416820049285889,-0.24052190780639648,False
D4LensPINN,26,393,0,r270,H13b_eff4,1.6337499618530273,1.522454857826233,-0.5416820049285889,-0.24052190780639648,False
D4LensPINN,26,393,0,r270,H14_eff5,1.6337499618530273,1.522454857826233,-0.5416820049285889,-0.24052190780639648,False
D4LensPINN,26,393,0,r270,H14b_eff6,1.6337499618530273,1.522454857826233,-0.5416820049285889,-0.24052190780639648,False
D4LensPINN,26,393,0,r270,H15_before_gap,1.6337499618530273,1.522454857826233,-0.5416820049285889,-0.24052190780639648,False
D4LensPINN,26,393,0,r270,H16_after_gap,1.6337499618530273,1.522454857826233,-0.5416820049285889,-0.24052190780639648,False
D4LensPINN,26,393,0,r270,H17_pre_linear,1.6337499618530273,1.522454857826233,-0.5416820049285889,-0.24052190780639648,False
D4LensPINN,26,393,0,flip_h,H00_preprocess,2.7273364067077637,2.3987207412719727,-0.9073474407196045,-0.9280209541320801,False
D4LensPINN,26,393,0,flip_h,H01_enc1,2.7273364067077637,2.3987207412719727,-0.9073474407196045,-0.9280209541320801,False
D4LensPINN,26,393,0,flip_h,H02_enc2,2.8016865253448486,2.4545764923095703,-0.9520518779754639,-0.958174467086792,False
D4LensPINN,26,393,0,flip_h,H03_enc3,1.272114634513855,-1.1261661052703857,0.4764571487903595,0.35073357820510864,False
D4LensPINN,26,393,0,flip_h,H04_bot,0.5519042611122131,-0.47164618968963623,0.2048654854297638,0.2004452347755432,False
D4LensPINN,26,393,0,flip_h,H08_kappa_out,2.7273364067077637,2.3987207412719727,-0.9073474407196045,-0.9280209541320801,False
D4LensPINN,26,393,0,flip_h,H09_poisson,0.30840012431144714,-0.27635979652404785,0.0724940299987793,0.11610561609268188,False
D4LensPINN,26,393,0,flip_h,H10_deflection,0.30840012431144714,-0.27635979652404785,0.0724940299987793,0.11610561609268188,False
D4LensPINN,26,393,0,flip_h,H11_inv_lens,11.931782722473145,-6.729777812957764,-4.894439220428467,8.551139831542969,False
D4LensPINN,26,393,0,flip_h,H12_HANDOFF,3.120492696762085,2.6959381103515625,-0.935447096824646,-1.2626683712005615,False
D4LensPINN,26,393,0,flip_h,H12b_input_proj,3.120492696762085,2.6959381103515625,-0.935447096824646,-1.2626683712005615,False
D4LensPINN,26,393,0,flip_h,H13_eff3,3.120492696762085,2.6959381103515625,-0.935447096824646,-1.2626683712005615,False
D4LensPINN,26,393,0,flip_h,H13b_eff4,3.120492696762085,2.6959381103515625,-0.935447096824646,-1.2626683712005615,False
D4LensPINN,26,393,0,flip_h,H14_eff5,3.120492696762085,2.6959381103515625,-0.935447096824646,-1.2626683712005615,False
D4LensPINN,26,393,0,flip_h,H14b_eff6,3.120492696762085,2.6959381103515625,-0.935447096824646,-1.2626683712005615,False
D4LensPINN,26,393,0,flip_h,H15_before_gap,3.120492696762085,2.6959381103515625,-0.935447096824646,-1.2626683712005615,False
D4LensPINN,26,393,0,flip_h,H16_after_gap,3.120492696762085,2.6959381103515625,-0.935447096824646,-1.2626683712005615,False
D4LensPINN,26,393,0,flip_h,H17_pre_linear,3.120492696762085,2.6959381103515625,-0.935447096824646,-1.2626683712005615,False
D4LensPINN,26,393,0,flip_h_r90,H00_preprocess,2.713634967803955,2.1604466438293457,-0.12229975312948227,-1.6374762058258057,False
D4LensPINN,26,393,0,flip_h_r90,H01_enc1,2.713634967803955,2.1604466438293457,-0.12229975312948227,-1.6374762058258057,False
D4LensPINN,26,393,0,flip_h_r90,H02_enc2,2.869500160217285,2.439145565032959,-0.5337089896202087,-1.4141268730163574,False
D4LensPINN,26,393,0,flip_h_r90,H03_enc3,2.0587081909179688,-1.6288480758666992,-0.015095561742782593,1.2589303255081177,False
D4LensPINN,26,393,0,flip_h_r90,H04_bot,1.6014362573623657,-1.252834677696228,0.04616479575634003,0.9964297413825989,False
D4LensPINN,26,393,0,flip_h_r90,H08_kappa_out,2.713634967803955,2.1604466438293457,-0.12229975312948227,-1.6374762058258057,False
D4LensPINN,26,393,0,flip_h_r90,H09_poisson,0.3088078498840332,0.23528075218200684,0.054380714893341064,-0.19247853755950928,False
D4LensPINN,26,393,0,flip_h_r90,H10_deflection,0.3088078498840332,0.23528075218200684,0.054380714893341064,-0.19247853755950928,False
D4LensPINN,26,393,0,flip_h_r90,H11_inv_lens,44.4585075378418,-28.5154972076416,-16.986255645751953,29.578580856323242,False
D4LensPINN,26,393,0,flip_h_r90,H12_HANDOFF,4.6271514892578125,-2.2007055282592773,-2.0098955631256104,3.5394556522369385,False
D4LensPINN,26,393,0,flip_h_r90,H12b_input_proj,4.6271514892578125,-2.2007055282592773,-2.0098955631256104,3.5394556522369385,False
D4LensPINN,26,393,0,flip_h_r90,H13_eff3,4.6271514892578125,-2.2007055282592773,-2.0098955631256104,3.5394556522369385,False
D4LensPINN,26,393,0,flip_h_r90,H13b_eff4,4.6271514892578125,-2.2007055282592773,-2.0098955631256104,3.5394556522369385,False
D4LensPINN,26,393,0,flip_h_r90,H14_eff5,4.6271514892578125,-2.2007055282592773,-2.0098955631256104,3.5394556522369385,False
D4LensPINN,26,393,0,flip_h_r90,H14b_eff6,4.6271514892578125,-2.2007055282592773,-2.0098955631256104,3.5394556522369385,False
D4LensPINN,26,393,0,flip_h_r90,H15_before_gap,4.6271514892578125,-2.2007055282592773,-2.0098955631256104,3.5394556522369385,False
D4LensPINN,26,393,0,flip_h_r90,H16_after_gap,4.6271514892578125,-2.2007055282592773,-2.0098955631256104,3.5394556522369385,False
D4LensPINN,26,393,0,flip_h_r90,H17_pre_linear,4.6271514892578125,-2.2007055282592773,-2.0098955631256104,3.5394556522369385,False
D4LensPINN,26,393,0,flip_h_r180,H00_preprocess,4.2371954917907715,3.506315231323242,-1.206531286239624,-2.0503318309783936,False
D4LensPINN,26,393,0,flip_h_r180,H01_enc1,4.2371954917907715,3.506315231323242,-1.206531286239624,-2.0503318309783936,False
D4LensPINN,26,393,0,flip_h_r180,H02_enc2,4.227592468261719,3.501655101776123,-1.22642183303833,-2.026533603668213,False
D4LensPINN,26,393,0,flip_h_r180,H03_enc3,0.10645817220211029,0.08713269233703613,-0.002124473452568054,-0.06112873554229736,False
D4LensPINN,26,393,0,flip_h_r180,H04_bot,0.07371672242879868,0.058887481689453125,0.0005266964435577393,-0.044341206550598145,False
D4LensPINN,26,393,0,flip_h_r180,H08_kappa_out,4.2371954917907715,3.506315231323242,-1.206531286239624,-2.0503318309783936,False
D4LensPINN,26,393,0,flip_h_r180,H09_poisson,0.2817867696285248,-0.23965251445770264,0.011175662279129028,0.1478024125099182,False
D4LensPINN,26,393,0,flip_h_r180,H10_deflection,0.2817867696285248,-0.23965251445770264,0.011175662279129028,0.1478024125099182,False
D4LensPINN,26,393,0,flip_h_r180,H11_inv_lens,6.7313337326049805,-5.325398921966553,-0.8193295001983643,4.03480863571167,False
D4LensPINN,26,393,0,flip_h_r180,H12_HANDOFF,1.9193750619888306,1.6491981744766235,-0.9808791875839233,-0.04496574401855469,False
D4LensPINN,26,393,0,flip_h_r180,H12b_input_proj,1.9193750619888306,1.6491981744766235,-0.9808791875839233,-0.04496574401855469,False
D4LensPINN,26,393,0,flip_h_r180,H13_eff3,1.9193750619888306,1.6491981744766235,-0.9808791875839233,-0.04496574401855469,False
D4LensPINN,26,393,0,flip_h_r180,H13b_eff4,1.9193750619888306,1.6491981744766235,-0.9808791875839233,-0.04496574401855469,False
D4LensPINN,26,393,0,flip_h_r180,H14_eff5,1.9193750619888306,1.6491981744766235,-0.9808791875839233,-0.04496574401855469,False
D4LensPINN,26,393,0,flip_h_r180,H14b_eff6,1.9193750619888306,1.6491981744766235,-0.9808791875839233,-0.04496574401855469,False
D4LensPINN,26,393,0,flip_h_r180,H15_before_gap,1.9193750619888306,1.6491981744766235,-0.9808791875839233,-0.04496574401855469,False
D4LensPINN,26,393,0,flip_h_r180,H16_after_gap,1.9193750619888306,1.6491981744766235,-0.9808791875839233,-0.04496574401855469,False
D4LensPINN,26,393,0,flip_h_r180,H17_pre_linear,1.9193750619888306,1.6491981744766235,-0.9808791875839233,-0.04496574401855469,False
D4LensPINN,26,393,0,flip_h_r270,H00_preprocess,3.8081910610198975,3.210395336151123,-1.2619109153747559,-1.6134624481201172,False
D4LensPINN,26,393,0,flip_h_r270,H01_enc1,3.8081910610198975,3.210395336151123,-1.2619109153747559,-1.6134624481201172,False
D4LensPINN,26,393,0,flip_h_r270,H02_enc2,3.5798165798187256,3.0434622764587402,-1.2694615125656128,-1.3931591510772705,False
D4LensPINN,26,393,0,flip_h_r270,H03_enc3,1.4195184707641602,-1.048909306526184,0.9418467283248901,-0.16657257080078125,False
D4LensPINN,26,393,0,flip_h_r270,H04_bot,1.4407861232757568,-1.1030389070510864,0.9187785387039185,-0.12253773212432861,False
D4LensPINN,26,393,0,flip_h_r270,H08_kappa_out,3.8081910610198975,3.210395336151123,-1.2619109153747559,-1.6134624481201172,False
D4LensPINN,26,393,0,flip_h_r270,H09_poisson,0.6127671003341675,0.5380102396011353,-0.021817892789840698,-0.2924935817718506,False
D4LensPINN,26,393,0,flip_h_r270,H10_deflection,0.6127671003341675,0.5380102396011353,-0.021817892789840698,-0.2924935817718506,False
D4LensPINN,26,393,0,flip_h_r270,H11_inv_lens,38.74525833129883,-25.452733993530273,-14.290124893188477,25.47833824157715,False
D4LensPINN,26,393,0,flip_h_r270,H12_HANDOFF,1.957770824432373,0.741689920425415,-1.2967469692230225,1.265389323234558,False
D4LensPINN,26,393,0,flip_h_r270,H12b_input_proj,1.957770824432373,0.741689920425415,-1.2967469692230225,1.265389323234558,False
D4LensPINN,26,393,0,flip_h_r270,H13_eff3,1.957770824432373,0.741689920425415,-1.2967469692230225,1.265389323234558,False
D4LensPINN,26,393,0,flip_h_r270,H13b_eff4,1.957770824432373,0.741689920425415,-1.2967469692230225,1.265389323234558,False
D4LensPINN,26,393,0,flip_h_r270,H14_eff5,1.957770824432373,0.741689920425415,-1.2967469692230225,1.265389323234558,False
D4LensPINN,26,393,0,flip_h_r270,H14b_eff6,1.957770824432373,0.741689920425415,-1.2967469692230225,1.265389323234558,False
D4LensPINN,26,393,0,flip_h_r270,H15_before_gap,1.957770824432373,0.741689920425415,-1.2967469692230225,1.265389323234558,False
D4LensPINN,26,393,0,flip_h_r270,H16_after_gap,1.957770824432373,0.741689920425415,-1.2967469692230225,1.265389323234558,False
D4LensPINN,26,393,0,flip_h_r270,H17_pre_linear,1.957770824432373,0.741689920425415,-1.2967469692230225,1.265389323234558,False
D4LensPINN,27,447,2,e,H00_preprocess,0.0,0.0,0.0,0.0,False
D4LensPINN,27,447,2,e,H01_enc1,0.0,0.0,0.0,0.0,False
D4LensPINN,27,447,2,e,H02_enc2,0.0,0.0,0.0,0.0,False
D4LensPINN,27,447,2,e,H03_enc3,0.0,0.0,0.0,0.0,False
D4LensPINN,27,447,2,e,H04_bot,0.0,0.0,0.0,0.0,False
D4LensPINN,27,447,2,e,H08_kappa_out,0.0,0.0,0.0,0.0,False
D4LensPINN,27,447,2,e,H09_poisson,0.0,0.0,0.0,0.0,False
D4LensPINN,27,447,2,e,H10_deflection,0.0,0.0,0.0,0.0,False
D4LensPINN,27,447,2,e,H11_inv_lens,0.0,0.0,0.0,0.0,False
D4LensPINN,27,447,2,e,H12_HANDOFF,0.0,0.0,0.0,0.0,False
D4LensPINN,27,447,2,e,H12b_input_proj,0.0,0.0,0.0,0.0,False
D4LensPINN,27,447,2,e,H13_eff3,0.0,0.0,0.0,0.0,False
D4LensPINN,27,447,2,e,H13b_eff4,0.0,0.0,0.0,0.0,False
D4LensPINN,27,447,2,e,H14_eff5,0.0,0.0,0.0,0.0,False
D4LensPINN,27,447,2,e,H14b_eff6,0.0,0.0,0.0,0.0,False
D4LensPINN,27,447,2,e,H15_before_gap,0.0,0.0,0.0,0.0,False
D4LensPINN,27,447,2,e,H16_after_gap,0.0,0.0,0.0,0.0,False
D4LensPINN,27,447,2,e,H17_pre_linear,0.0,0.0,0.0,0.0,False
D4LensPINN,27,447,2,r90,H00_preprocess,2.2816619873046875,-1.2421977519989014,1.5808031558990479,-1.0788823366165161,False
D4LensPINN,27,447,2,r90,H01_enc1,2.2816619873046875,-1.2421977519989014,1.5808031558990479,-1.0788823366165161,False
D4LensPINN,27,447,2,r90,H02_enc2,1.779252052307129,-0.7539587020874023,1.2733904123306274,-0.9878060817718506,False
D4LensPINN,27,447,2,r90,H03_enc3,3.6974806785583496,-2.9827821254730225,-0.6999335289001465,2.0698952674865723,False
D4LensPINN,27,447,2,r90,H04_bot,3.7781736850738525,-3.280264139175415,-0.35616493225097656,1.8405466079711914,False
D4LensPINN,27,447,2,r90,H08_kappa_out,2.2816619873046875,-1.2421977519989014,1.5808031558990479,-1.0788823366165161,False
D4LensPINN,27,447,2,r90,H09_poisson,1.0687246322631836,-0.7801632881164551,-0.313295841217041,0.659820556640625,False
D4LensPINN,27,447,2,r90,H10_deflection,1.0687246322631836,-0.7801632881164551,-0.313295841217041,0.659820556640625,False
D4LensPINN,27,447,2,r90,H11_inv_lens,3.121049642562866,-1.1247498989105225,-1.7389366626739502,2.334949493408203,False
D4LensPINN,27,447,2,r90,H12_HANDOFF,0.48251602053642273,-0.13845276832580566,-0.2341783046722412,0.3985135555267334,False
D4LensPINN,27,447,2,r90,H12b_input_proj,0.48251602053642273,-0.13845276832580566,-0.2341783046722412,0.3985135555267334,False
D4LensPINN,27,447,2,r90,H13_eff3,0.48251602053642273,-0.13845276832580566,-0.2341783046722412,0.3985135555267334,False
D4LensPINN,27,447,2,r90,H13b_eff4,0.48251602053642273,-0.13845276832580566,-0.2341783046722412,0.3985135555267334,False
D4LensPINN,27,447,2,r90,H14_eff5,0.48251602053642273,-0.13845276832580566,-0.2341783046722412,0.3985135555267334,False
D4LensPINN,27,447,2,r90,H14b_eff6,0.48251602053642273,-0.13845276832580566,-0.2341783046722412,0.3985135555267334,False
D4LensPINN,27,447,2,r90,H15_before_gap,0.48251602053642273,-0.13845276832580566,-0.2341783046722412,0.3985135555267334,False
D4LensPINN,27,447,2,r90,H16_after_gap,0.48251602053642273,-0.13845276832580566,-0.2341783046722412,0.3985135555267334,False
D4LensPINN,27,447,2,r90,H17_pre_linear,0.48251602053642273,-0.13845276832580566,-0.2341783046722412,0.3985135555267334,False
D4LensPINN,27,447,2,r180,H00_preprocess,5.165752410888672,-4.864068031311035,1.5713632106781006,0.7460947036743164,False
D4LensPINN,27,447,2,r180,H01_enc1,5.165752410888672,-4.864068031311035,1.5713632106781006,0.7460947036743164,False
D4LensPINN,27,447,2,r180,H02_enc2,3.2253873348236084,-3.048821210861206,0.8487671613693237,0.6224195957183838,False
D4LensPINN,27,447,2,r180,H03_enc3,2.0833206176757812,-1.724966287612915,-0.3078763484954834,1.126910924911499,False
D4LensPINN,27,447,2,r180,H04_bot,1.4401607513427734,-1.2010951042175293,-0.18118047714233398,0.7736968994140625,False
D4LensPINN,27,447,2,r180,H08_kappa_out,5.165752410888672,-4.864068031311035,1.5713632106781006,0.7460947036743164,False
D4LensPINN,27,447,2,r180,H09_poisson,1.6254186630249023,-1.3689765930175781,-0.21474981307983398,0.8495712280273438,False
D4LensPINN,27,447,2,r180,H10_deflection,1.6254186630249023,-1.3689765930175781,-0.21474981307983398,0.8495712280273438,False
D4LensPINN,27,447,2,r180,H11_inv_lens,18.612247467041016,-11.389636993408203,-8.343986511230469,12.127235412597656,False
D4LensPINN,27,447,2,r180,H12_HANDOFF,1.3682600259780884,-1.2097864151000977,-0.12258410453796387,0.6273162364959717,False
D4LensPINN,27,447,2,r180,H12b_input_proj,1.3682600259780884,-1.2097864151000977,-0.12258410453796387,0.6273162364959717,False
D4LensPINN,27,447,2,r180,H13_eff3,1.3682600259780884,-1.2097864151000977,-0.12258410453796387,0.6273162364959717,False
D4LensPINN,27,447,2,r180,H13b_eff4,1.3682600259780884,-1.2097864151000977,-0.12258410453796387,0.6273162364959717,False
D4LensPINN,27,447,2,r180,H14_eff5,1.3682600259780884,-1.2097864151000977,-0.12258410453796387,0.6273162364959717,False
D4LensPINN,27,447,2,r180,H14b_eff6,1.3682600259780884,-1.2097864151000977,-0.12258410453796387,0.6273162364959717,False
D4LensPINN,27,447,2,r180,H15_before_gap,1.3682600259780884,-1.2097864151000977,-0.12258410453796387,0.6273162364959717,False
D4LensPINN,27,447,2,r180,H16_after_gap,1.3682600259780884,-1.2097864151000977,-0.12258410453796387,0.6273162364959717,False
D4LensPINN,27,447,2,r180,H17_pre_linear,1.3682600259780884,-1.2097864151000977,-0.12258410453796387,0.6273162364959717,False
D4LensPINN,27,447,2,r270,H00_preprocess,4.140137195587158,-3.920743227005005,1.202484369277954,0.5679237842559814,False
D4LensPINN,27,447,2,r270,H01_enc1,4.140137195587158,-3.920743227005005,1.202484369277954,0.5679237842559814,False
D4LensPINN,27,447,2,r270,H02_enc2,2.4710428714752197,-2.256861925125122,1.006280541419983,0.005229473114013672,False
D4LensPINN,27,447,2,r270,H03_enc3,3.7569167613983154,-2.9754559993743896,-0.7972086668014526,2.150707721710205,False
D4LensPINN,27,447,2,r270,H04_bot,3.424386501312256,-2.680405855178833,-0.7746315002441406,1.9853949546813965,False
D4LensPINN,27,447,2,r270,H08_kappa_out,4.140137195587158,-3.920743227005005,1.202484369277954,0.5679237842559814,False
D4LensPINN,27,447,2,r270,H09_poisson,0.587809145450592,-0.3840961456298828,-0.21462702751159668,0.38977551460266113,False
D4LensPINN,27,447,2,r270,H10_deflection,0.587809145450592,-0.3840961456298828,-0.21462702751159668,0.38977551460266113,False
D4LensPINN,27,447,2,r270,H11_inv_lens,6.368542671203613,-3.453313112258911,-2.999800682067871,4.4310455322265625,False
D4LensPINN,27,447,2,r270,H12_HANDOFF,0.2641003429889679,0.1320488452911377,0.16904544830322266,-0.15406405925750732,False
D4LensPINN,27,447,2,r270,H12b_input_proj,0.2641003429889679,0.1320488452911377,0.16904544830322266,-0.15406405925750732,False
D4LensPINN,27,447,2,r270,H13_eff3,0.2641003429889679,0.1320488452911377,0.16904544830322266,-0.15406405925750732,False
D4LensPINN,27,447,2,r270,H13b_eff4,0.2641003429889679,0.1320488452911377,0.16904544830322266,-0.15406405925750732,False
D4LensPINN,27,447,2,r270,H14_eff5,0.2641003429889679,0.1320488452911377,0.16904544830322266,-0.15406405925750732,False
D4LensPINN,27,447,2,r270,H14b_eff6,0.2641003429889679,0.1320488452911377,0.16904544830322266,-0.15406405925750732,False
D4LensPINN,27,447,2,r270,H15_before_gap,0.2641003429889679,0.1320488452911377,0.16904544830322266,-0.15406405925750732,False
D4LensPINN,27,447,2,r270,H16_after_gap,0.2641003429889679,0.1320488452911377,0.16904544830322266,-0.15406405925750732,False
D4LensPINN,27,447,2,r270,H17_pre_linear,0.2641003429889679,0.1320488452911377,0.16904544830322266,-0.15406405925750732,False
D4LensPINN,27,447,2,flip_h,H00_preprocess,1.223219633102417,-0.567410945892334,0.8850629329681396,-0.6252797842025757,False
D4LensPINN,27,447,2,flip_h,H01_enc1,1.223219633102417,-0.567410945892334,0.8850629329681396,-0.6252797842025757,False
D4LensPINN,27,447,2,flip_h,H02_enc2,0.9050420522689819,-0.26702237129211426,0.677828311920166,-0.5369813442230225,False
D4LensPINN,27,447,2,flip_h,H03_enc3,0.9342085123062134,-0.5594789981842041,-0.404171347618103,0.6295826435089111,False
D4LensPINN,27,447,2,flip_h,H04_bot,0.6898754239082336,-0.3839688301086426,-0.3231537342071533,0.4733579158782959,False
D4LensPINN,27,447,2,flip_h,H08_kappa_out,1.223219633102417,-0.567410945892334,0.8850629329681396,-0.6252797842025757,False
D4LensPINN,27,447,2,flip_h,H09_poisson,0.29963815212249756,-0.2796287536621094,0.021784722805023193,0.10543346405029297,False
D4LensPINN,27,447,2,flip_h,H10_deflection,0.29963815212249756,-0.2796287536621094,0.021784722805023193,0.10543346405029297,False
D4LensPINN,27,447,2,flip_h,H11_inv_lens,3.1384894847869873,-1.1507890224456787,-1.7989490032196045,2.2999095916748047,False
D4LensPINN,27,447,2,flip_h,H12_HANDOFF,1.7703709602355957,-1.4927880764007568,-0.3715059757232666,0.8762307167053223,False
D4LensPINN,27,447,2,flip_h,H12b_input_proj,1.7703709602355957,-1.4927880764007568,-0.3715059757232666,0.8762307167053223,False
D4LensPINN,27,447,2,flip_h,H13_eff3,1.7703709602355957,-1.4927880764007568,-0.3715059757232666,0.8762307167053223,False
D4LensPINN,27,447,2,flip_h,H13b_eff4,1.7703709602355957,-1.4927880764007568,-0.3715059757232666,0.8762307167053223,False
D4LensPINN,27,447,2,flip_h,H14_eff5,1.7703709602355957,-1.4927880764007568,-0.3715059757232666,0.8762307167053223,False
D4LensPINN,27,447,2,flip_h,H14b_eff6,1.7703709602355957,-1.4927880764007568,-0.3715059757232666,0.8762307167053223,False
D4LensPINN,27,447,2,flip_h,H15_before_gap,1.7703709602355957,-1.4927880764007568,-0.3715059757232666,0.8762307167053223,False
D4LensPINN,27,447,2,flip_h,H16_after_gap,1.7703709602355957,-1.4927880764007568,-0.3715059757232666,0.8762307167053223,False
D4LensPINN,27,447,2,flip_h,H17_pre_linear,1.7703709602355957,-1.4927880764007568,-0.3715059757232666,0.8762307167053223,False
D4LensPINN,27,447,2,flip_h_r90,H00_preprocess,2.4038898944854736,-2.2724907398223877,0.7277275919914246,0.291351318359375,False
D4LensPINN,27,447,2,flip_h_r90,H01_enc1,2.4038898944854736,-2.2724907398223877,0.7277275919914246,0.291351318359375,False
D4LensPINN,27,447,2,flip_h_r90,H02_enc2,1.6518648862838745,-1.3978404998779297,0.8503563404083252,-0.2271418571472168,False
D4LensPINN,27,447,2,flip_h_r90,H03_enc3,2.817978858947754,-2.458754777908325,-0.21832489967346191,1.3593616485595703,False
D4LensPINN,27,447,2,flip_h_r90,H04_bot,2.048753261566162,-1.887030839920044,0.10390728712081909,0.7910165786743164,False
D4LensPINN,27,447,2,flip_h_r90,H08_kappa_out,2.4038898944854736,-2.2724907398223877,0.7277275919914246,0.291351318359375,False
D4LensPINN,27,447,2,flip_h_r90,H09_poisson,0.5626221299171448,-0.47307705879211426,-0.07700455188751221,0.29463887214660645,False
D4LensPINN,27,447,2,flip_h_r90,H10_deflection,0.5626221299171448,-0.47307705879211426,-0.07700455188751221,0.29463887214660645,False
D4LensPINN,27,447,2,flip_h_r90,H11_inv_lens,4.982950210571289,-3.191371202468872,-1.9001951217651367,3.321776866912842,False
D4LensPINN,27,447,2,flip_h_r90,H12_HANDOFF,0.7216020822525024,0.03895378112792969,0.46126264333724976,-0.5535602569580078,False
D4LensPINN,27,447,2,flip_h_r90,H12b_input_proj,0.7216020822525024,0.03895378112792969,0.46126264333724976,-0.5535602569580078,False
D4LensPINN,27,447,2,flip_h_r90,H13_eff3,0.7216020822525024,0.03895378112792969,0.46126264333724976,-0.5535602569580078,False
D4LensPINN,27,447,2,flip_h_r90,H13b_eff4,0.7216020822525024,0.03895378112792969,0.46126264333724976,-0.5535602569580078,False
D4LensPINN,27,447,2,flip_h_r90,H14_eff5,0.7216020822525024,0.03895378112792969,0.46126264333724976,-0.5535602569580078,False
D4LensPINN,27,447,2,flip_h_r90,H14b_eff6,0.7216020822525024,0.03895378112792969,0.46126264333724976,-0.5535602569580078,False
D4LensPINN,27,447,2,flip_h_r90,H15_before_gap,0.7216020822525024,0.03895378112792969,0.46126264333724976,-0.5535602569580078,False
D4LensPINN,27,447,2,flip_h_r90,H16_after_gap,0.7216020822525024,0.03895378112792969,0.46126264333724976,-0.5535602569580078,False
D4LensPINN,27,447,2,flip_h_r90,H17_pre_linear,0.7216020822525024,0.03895378112792969,0.46126264333724976,-0.5535602569580078,False
D4LensPINN,27,447,2,flip_h_r180,H00_preprocess,3.587651252746582,-3.3569095134735107,1.2373379468917847,0.2671976089477539,False
D4LensPINN,27,447,2,flip_h_r180,H01_enc1,3.587651252746582,-3.3569095134735107,1.2373379468917847,0.2671976089477539,False
D4LensPINN,27,447,2,flip_h_r180,H02_enc2,1.827497124671936,-1.7212913036346436,0.5882280468940735,0.17575502395629883,False
D4LensPINN,27,447,2,flip_h_r180,H03_enc3,1.0065807104110718,-0.8814177513122559,-0.08207213878631592,0.47913646697998047,False
D4LensPINN,27,447,2,flip_h_r180,H04_bot,0.7744606733322144,-0.674262285232544,-0.06453704833984375,0.37549257278442383,False
D4LensPINN,27,447,2,flip_h_r180,H08_kappa_out,3.587651252746582,-3.3569095134735107,1.2373379468917847,0.2671976089477539,False
D4LensPINN,27,447,2,flip_h_r180,H09_poisson,1.23836350440979,-1.070371389389038,-0.1190042495727539,0.6112995147705078,False
D4LensPINN,27,447,2,flip_h_r180,H10_deflection,1.23836350440979,-1.070371389389038,-0.1190042495727539,0.6112995147705078,False
D4LensPINN,27,447,2,flip_h_r180,H11_inv_lens,29.103105545043945,-17.964792251586914,-12.36472225189209,19.270978927612305,False
D4LensPINN,27,447,2,flip_h_r180,H12_HANDOFF,0.4596141576766968,-0.4016392230987549,0.2234448790550232,-0.0018727779388427734,False
D4LensPINN,27,447,2,flip_h_r180,H12b_input_proj,0.4596141576766968,-0.4016392230987549,0.2234448790550232,-0.0018727779388427734,False
D4LensPINN,27,447,2,flip_h_r180,H13_eff3,0.4596141576766968,-0.4016392230987549,0.2234448790550232,-0.0018727779388427734,False
D4LensPINN,27,447,2,flip_h_r180,H13b_eff4,0.4596141576766968,-0.4016392230987549,0.2234448790550232,-0.0018727779388427734,False
D4LensPINN,27,447,2,flip_h_r180,H14_eff5,0.4596141576766968,-0.4016392230987549,0.2234448790550232,-0.0018727779388427734,False
D4LensPINN,27,447,2,flip_h_r180,H14b_eff6,0.4596141576766968,-0.4016392230987549,0.2234448790550232,-0.0018727779388427734,False
D4LensPINN,27,447,2,flip_h_r180,H15_before_gap,0.4596141576766968,-0.4016392230987549,0.2234448790550232,-0.0018727779388427734,False
D4LensPINN,27,447,2,flip_h_r180,H16_after_gap,0.4596141576766968,-0.4016392230987549,0.2234448790550232,-0.0018727779388427734,False
D4LensPINN,27,447,2,flip_h_r180,H17_pre_linear,0.4596141576766968,-0.4016392230987549,0.2234448790550232,-0.0018727779388427734,False
D4LensPINN,27,447,2,flip_h_r270,H00_preprocess,4.189337730407715,-3.98758864402771,0.7104411125183105,1.0700290203094482,False
D4LensPINN,27,447,2,flip_h_r270,H01_enc1,4.189337730407715,-3.98758864402771,0.7104411125183105,1.0700290203094482,False
D4LensPINN,27,447,2,flip_h_r270,H02_enc2,4.831516265869141,-4.076420783996582,-0.677358865737915,2.5035033226013184,False
D4LensPINN,27,447,2,flip_h_r270,H03_enc3,4.919435501098633,-3.796376943588257,-1.182755470275879,2.896455764770508,False
D4LensPINN,27,447,2,flip_h_r270,H04_bot,5.217548847198486,-4.012843132019043,-1.2718253135681152,3.0825910568237305,False
D4LensPINN,27,447,2,flip_h_r270,H08_kappa_out,4.189337730407715,-3.98758864402771,0.7104411125183105,1.0700290203094482,False
D4LensPINN,27,447,2,flip_h_r270,H09_poisson,1.436279296875,-1.0491011142730713,-0.41092193126678467,0.8907458782196045,False
D4LensPINN,27,447,2,flip_h_r270,H10_deflection,1.436279296875,-1.0491011142730713,-0.41092193126678467,0.8907458782196045,False
D4LensPINN,27,447,2,flip_h_r270,H11_inv_lens,2.0255110263824463,0.017191171646118164,-1.4327819347381592,1.4316198825836182,False
D4LensPINN,27,447,2,flip_h_r270,H12_HANDOFF,1.748166561126709,-1.0875704288482666,-0.6107057332992554,1.2248735427856445,False
D4LensPINN,27,447,2,flip_h_r270,H12b_input_proj,1.748166561126709,-1.0875704288482666,-0.6107057332992554,1.2248735427856445,False
D4LensPINN,27,447,2,flip_h_r270,H13_eff3,1.748166561126709,-1.0875704288482666,-0.6107057332992554,1.2248735427856445,False
D4LensPINN,27,447,2,flip_h_r270,H13b_eff4,1.748166561126709,-1.0875704288482666,-0.6107057332992554,1.2248735427856445,False
D4LensPINN,27,447,2,flip_h_r270,H14_eff5,1.748166561126709,-1.0875704288482666,-0.6107057332992554,1.2248735427856445,False
D4LensPINN,27,447,2,flip_h_r270,H14b_eff6,1.748166561126709,-1.0875704288482666,-0.6107057332992554,1.2248735427856445,False
D4LensPINN,27,447,2,flip_h_r270,H15_before_gap,1.748166561126709,-1.0875704288482666,-0.6107057332992554,1.2248735427856445,False
D4LensPINN,27,447,2,flip_h_r270,H16_after_gap,1.748166561126709,-1.0875704288482666,-0.6107057332992554,1.2248735427856445,False
D4LensPINN,27,447,2,flip_h_r270,H17_pre_linear,1.748166561126709,-1.0875704288482666,-0.6107057332992554,1.2248735427856445,False
D4LensPINN,28,458,2,e,H00_preprocess,0.0,0.0,0.0,0.0,False
D4LensPINN,28,458,2,e,H01_enc1,0.0,0.0,0.0,0.0,False
D4LensPINN,28,458,2,e,H02_enc2,0.0,0.0,0.0,0.0,False
D4LensPINN,28,458,2,e,H03_enc3,0.0,0.0,0.0,0.0,False
D4LensPINN,28,458,2,e,H04_bot,0.0,0.0,0.0,0.0,False
D4LensPINN,28,458,2,e,H08_kappa_out,0.0,0.0,0.0,0.0,False
D4LensPINN,28,458,2,e,H09_poisson,0.0,0.0,0.0,0.0,False
D4LensPINN,28,458,2,e,H10_deflection,0.0,0.0,0.0,0.0,False
D4LensPINN,28,458,2,e,H11_inv_lens,0.0,0.0,0.0,0.0,False
D4LensPINN,28,458,2,e,H12_HANDOFF,0.0,0.0,0.0,0.0,False
D4LensPINN,28,458,2,e,H12b_input_proj,0.0,0.0,0.0,0.0,False
D4LensPINN,28,458,2,e,H13_eff3,0.0,0.0,0.0,0.0,False
D4LensPINN,28,458,2,e,H13b_eff4,0.0,0.0,0.0,0.0,False
D4LensPINN,28,458,2,e,H14_eff5,0.0,0.0,0.0,0.0,False
D4LensPINN,28,458,2,e,H14b_eff6,0.0,0.0,0.0,0.0,False
D4LensPINN,28,458,2,e,H15_before_gap,0.0,0.0,0.0,0.0,False
D4LensPINN,28,458,2,e,H16_after_gap,0.0,0.0,0.0,0.0,False
D4LensPINN,28,458,2,e,H17_pre_linear,0.0,0.0,0.0,0.0,False
D4LensPINN,28,458,2,r90,H00_preprocess,1.3257755041122437,-0.3560943603515625,0.8940747976303101,-0.9118704199790955,False
D4LensPINN,28,458,2,r90,H01_enc1,1.3257755041122437,-0.3560943603515625,0.8940747976303101,-0.9118704199790955,False
D4LensPINN,28,458,2,r90,H02_enc2,0.5476561188697815,0.4562060832977295,-0.05824056267738342,-0.2973402738571167,False
D4LensPINN,28,458,2,r90,H03_enc3,5.7950119972229,-3.2156124114990234,-2.6173040866851807,4.048669338226318,False
D4LensPINN,28,458,2,r90,H04_bot,6.052499771118164,-3.542226791381836,-2.577897310256958,4.1761016845703125,False
D4LensPINN,28,458,2,r90,H08_kappa_out,1.3257755041122437,-0.3560943603515625,0.8940747976303101,-0.9118704199790955,False
D4LensPINN,28,458,2,r90,H09_poisson,1.223060131072998,-1.0765423774719238,-0.04702083766460419,0.5785512924194336,False
D4LensPINN,28,458,2,r90,H10_deflection,1.223060131072998,-1.0765423774719238,-0.04702083766460419,0.5785512924194336,False
D4LensPINN,28,458,2,r90,H11_inv_lens,3.4372808933258057,1.390662431716919,-2.434587240219116,1.9884018898010254,False
D4LensPINN,28,458,2,r90,H12_HANDOFF,3.3910887241363525,3.2334139347076416,-0.7839360237121582,-0.6557143926620483,False
D4LensPINN,28,458,2,r90,H12b_input_proj,3.3910887241363525,3.2334139347076416,-0.7839360237121582,-0.6557143926620483,False
D4LensPINN,28,458,2,r90,H13_eff3,3.3910887241363525,3.2334139347076416,-0.7839360237121582,-0.6557143926620483,False
D4LensPINN,28,458,2,r90,H13b_eff4,3.3910887241363525,3.2334139347076416,-0.7839360237121582,-0.6557143926620483,False
D4LensPINN,28,458,2,r90,H14_eff5,3.3910887241363525,3.2334139347076416,-0.7839360237121582,-0.6557143926620483,False
D4LensPINN,28,458,2,r90,H14b_eff6,3.3910887241363525,3.2334139347076416,-0.7839360237121582,-0.6557143926620483,False
D4LensPINN,28,458,2,r90,H15_before_gap,3.3910887241363525,3.2334139347076416,-0.7839360237121582,-0.6557143926620483,False
D4LensPINN,28,458,2,r90,H16_after_gap,3.3910887241363525,3.2334139347076416,-0.7839360237121582,-0.6557143926620483,False
D4LensPINN,28,458,2,r90,H17_pre_linear,3.3910887241363525,3.2334139347076416,-0.7839360237121582,-0.6557143926620483,False
D4LensPINN,28,458,2,r180,H00_preprocess,3.311352014541626,0.8062734603881836,2.0123016834259033,-2.5031213760375977,False
D4LensPINN,28,458,2,r180,H01_enc1,3.311352014541626,0.8062734603881836,2.0123016834259033,-2.5031213760375977,False
D4LensPINN,28,458,2,r180,H02_enc2,3.4551661014556885,2.451939344406128,0.9788292646408081,-2.228914260864258,False
D4LensPINN,28,458,2,r180,H03_enc3,1.236607551574707,-0.3013615608215332,0.9113576412200928,-0.7796195149421692,False
D4LensPINN,28,458,2,r180,H04_bot,1.5606087446212769,-0.17020797729492188,1.1421809196472168,-1.049738883972168,False
D4LensPINN,28,458,2,r180,H08_kappa_out,3.311352014541626,0.8062734603881836,2.0123016834259033,-2.5031213760375977,False
D4LensPINN,28,458,2,r180,H09_poisson,0.9714593887329102,0.5978758335113525,0.38056573271751404,-0.6644152402877808,False
D4LensPINN,28,458,2,r180,H10_deflection,0.9714593887329102,0.5978758335113525,0.38056573271751404,-0.6644152402877808,False
D4LensPINN,28,458,2,r180,H11_inv_lens,21.897016525268555,-11.647045135498047,-11.035399436950684,14.901195526123047,False
D4LensPINN,28,458,2,r180,H12_HANDOFF,0.686744213104248,0.6552515029907227,-0.0983085185289383,-0.18055057525634766,False
D4LensPINN,28,458,2,r180,H12b_input_proj,0.686744213104248,0.6552515029907227,-0.0983085185289383,-0.18055057525634766,False
D4LensPINN,28,458,2,r180,H13_eff3,0.686744213104248,0.6552515029907227,-0.0983085185289383,-0.18055057525634766,False
D4LensPINN,28,458,2,r180,H13b_eff4,0.686744213104248,0.6552515029907227,-0.0983085185289383,-0.18055057525634766,False
D4LensPINN,28,458,2,r180,H14_eff5,0.686744213104248,0.6552515029907227,-0.0983085185289383,-0.18055057525634766,False
D4LensPINN,28,458,2,r180,H14b_eff6,0.686744213104248,0.6552515029907227,-0.0983085185289383,-0.18055057525634766,False
D4LensPINN,28,458,2,r180,H15_before_gap,0.686744213104248,0.6552515029907227,-0.0983085185289383,-0.18055057525634766,False
D4LensPINN,28,458,2,r180,H16_after_gap,0.686744213104248,0.6552515029907227,-0.0983085185289383,-0.18055057525634766,False
D4LensPINN,28,458,2,r180,H17_pre_linear,0.686744213104248,0.6552515029907227,-0.0983085185289383,-0.18055057525634766,False
D4LensPINN,28,458,2,r270,H00_preprocess,0.41249948740005493,-0.39080142974853516,0.12935659289360046,-0.026399850845336914,False
D4LensPINN,28,458,2,r270,H01_enc1,0.41249948740005493,-0.39080142974853516,0.12935659289360046,-0.026399850845336914,False
D4LensPINN,28,458,2,r270,H02_enc2,1.16173255443573,0.13115644454956055,-0.8980798721313477,0.7251710891723633,False
D4LensPINN,28,458,2,r270,H03_enc3,6.51945161819458,-3.947676658630371,-2.6681759357452393,4.449711799621582,False
D4LensPINN,28,458,2,r270,H04_bot,6.365505218505859,-3.760751247406006,-2.67768931388855,4.382509231567383,False
D4LensPINN,28,458,2,r270,H08_kappa_out,0.41249948740005493,-0.39080142974853516,0.12935659289360046,-0.026399850845336914,False
D4LensPINN,28,458,2,r270,H09_poisson,1.2603795528411865,0.9234089851379395,0.36219409108161926,-0.7776167988777161,False
D4LensPINN,28,458,2,r270,H10_deflection,1.2603795528411865,0.9234089851379395,0.36219409108161926,-0.7776167988777161,False
D4LensPINN,28,458,2,r270,H11_inv_lens,9.076488494873047,-3.2914323806762695,-5.337651252746582,6.5619049072265625,False
D4LensPINN,28,458,2,r270,H12_HANDOFF,2.5244948863983154,2.202267646789551,-1.2181085348129272,0.1982511281967163,False
D4LensPINN,28,458,2,r270,H12b_input_proj,2.5244948863983154,2.202267646789551,-1.2181085348129272,0.1982511281967163,False
D4LensPINN,28,458,2,r270,H13_eff3,2.5244948863983154,2.202267646789551,-1.2181085348129272,0.1982511281967163,False
D4LensPINN,28,458,2,r270,H13b_eff4,2.5244948863983154,2.202267646789551,-1.2181085348129272,0.1982511281967163,False
D4LensPINN,28,458,2,r270,H14_eff5,2.5244948863983154,2.202267646789551,-1.2181085348129272,0.1982511281967163,False
D4LensPINN,28,458,2,r270,H14b_eff6,2.5244948863983154,2.202267646789551,-1.2181085348129272,0.1982511281967163,False
D4LensPINN,28,458,2,r270,H15_before_gap,2.5244948863983154,2.202267646789551,-1.2181085348129272,0.1982511281967163,False
D4LensPINN,28,458,2,r270,H16_after_gap,2.5244948863983154,2.202267646789551,-1.2181085348129272,0.1982511281967163,False
D4LensPINN,28,458,2,r270,H17_pre_linear,2.5244948863983154,2.202267646789551,-1.2181085348129272,0.1982511281967163,False
D4LensPINN,28,458,2,flip_h,H00_preprocess,5.4530744552612305,4.91821813583374,0.004291832447052002,-2.3552353382110596,False
D4LensPINN,28,458,2,flip_h,H01_enc1,5.4530744552612305,4.91821813583374,0.004291832447052002,-2.3552353382110596,False
D4LensPINN,28,458,2,flip_h,H02_enc2,4.928239345550537,4.379194736480713,0.17870131134986877,-2.253499746322632,False
D4LensPINN,28,458,2,flip_h,H03_enc3,0.4905991554260254,0.2696268558502197,0.22195842862129211,-0.3445625305175781,False
D4LensPINN,28,458,2,flip_h,H04_bot,0.3922913372516632,0.19230318069458008,0.1897694170475006,-0.2844284772872925,False
D4LensPINN,28,458,2,flip_h,H08_kappa_out,5.4530744552612305,4.91821813583374,0.004291832447052002,-2.3552353382110596,False
D4LensPINN,28,458,2,flip_h,H09_poisson,0.23441146314144135,0.07121944427490234,-0.1711939573287964,0.14341950416564941,False
D4LensPINN,28,458,2,flip_h,H10_deflection,0.23441146314144135,0.07121944427490234,-0.1711939573287964,0.14341950416564941,False
D4LensPINN,28,458,2,flip_h,H11_inv_lens,13.381400108337402,-5.785676956176758,-7.330794811248779,9.583697319030762,False
D4LensPINN,28,458,2,flip_h,H12_HANDOFF,1.4060826301574707,0.4689598083496094,0.8058685064315796,-1.052483320236206,False
D4LensPINN,28,458,2,flip_h,H12b_input_proj,1.4060826301574707,0.4689598083496094,0.8058685064315796,-1.052483320236206,False
D4LensPINN,28,458,2,flip_h,H13_eff3,1.4060826301574707,0.4689598083496094,0.8058685064315796,-1.052483320236206,False
D4LensPINN,28,458,2,flip_h,H13b_eff4,1.4060826301574707,0.4689598083496094,0.8058685064315796,-1.052483320236206,False
D4LensPINN,28,458,2,flip_h,H14_eff5,1.4060826301574707,0.4689598083496094,0.8058685064315796,-1.052483320236206,False
D4LensPINN,28,458,2,flip_h,H14b_eff6,1.4060826301574707,0.4689598083496094,0.8058685064315796,-1.052483320236206,False
D4LensPINN,28,458,2,flip_h,H15_before_gap,1.4060826301574707,0.4689598083496094,0.8058685064315796,-1.052483320236206,False
D4LensPINN,28,458,2,flip_h,H16_after_gap,1.4060826301574707,0.4689598083496094,0.8058685064315796,-1.052483320236206,False
D4LensPINN,28,458,2,flip_h,H17_pre_linear,1.4060826301574707,0.4689598083496094,0.8058685064315796,-1.052483320236206,False
D4LensPINN,28,458,2,flip_h_r90,H00_preprocess,1.886716365814209,-0.43739891052246094,1.3206372261047363,-1.274479627609253,False
D4LensPINN,28,458,2,flip_h_r90,H01_enc1,1.886716365814209,-0.43739891052246094,1.3206372261047363,-1.274479627609253,False
D4LensPINN,28,458,2,flip_h_r90,H02_enc2,1.6356594562530518,0.035364627838134766,1.0517709255218506,-1.2521617412567139,False
D4LensPINN,28,458,2,flip_h_r90,H03_enc3,6.884253025054932,-3.8683700561523438,-3.050421714782715,4.808698654174805,False
D4LensPINN,28,458,2,flip_h_r90,H04_bot,5.966928482055664,-3.392470359802246,-2.613069772720337,4.155387878417969,False
D4LensPINN,28,458,2,flip_h_r90,H08_kappa_out,1.886716365814209,-0.43739891052246094,1.3206372261047363,-1.274479627609253,False
D4LensPINN,28,458,2,flip_h_r90,H09_poisson,1.187363624572754,-1.0616912841796875,-0.012693047523498535,0.5314912796020508,False
D4LensPINN,28,458,2,flip_h_r90,H10_deflection,1.187363624572754,-1.0616912841796875,-0.012693047523498535,0.5314912796020508,False
D4LensPINN,28,458,2,flip_h_r90,H11_inv_lens,6.078361511230469,-1.2069158554077148,-3.896127939224243,4.506663799285889,False
D4LensPINN,28,458,2,flip_h_r90,H12_HANDOFF,2.5084285736083984,1.972198724746704,0.5126739740371704,-1.4628093242645264,False
D4LensPINN,28,458,2,flip_h_r90,H12b_input_proj,2.5084285736083984,1.972198724746704,0.5126739740371704,-1.4628093242645264,False
D4LensPINN,28,458,2,flip_h_r90,H13_eff3,2.5084285736083984,1.972198724746704,0.5126739740371704,-1.4628093242645264,False
D4LensPINN,28,458,2,flip_h_r90,H13b_eff4,2.5084285736083984,1.972198724746704,0.5126739740371704,-1.4628093242645264,False
D4LensPINN,28,458,2,flip_h_r90,H14_eff5,2.5084285736083984,1.972198724746704,0.5126739740371704,-1.4628093242645264,False
D4LensPINN,28,458,2,flip_h_r90,H14b_eff6,2.5084285736083984,1.972198724746704,0.5126739740371704,-1.4628093242645264,False
D4LensPINN,28,458,2,flip_h_r90,H15_before_gap,2.5084285736083984,1.972198724746704,0.5126739740371704,-1.4628093242645264,False
D4LensPINN,28,458,2,flip_h_r90,H16_after_gap,2.5084285736083984,1.972198724746704,0.5126739740371704,-1.4628093242645264,False
D4LensPINN,28,458,2,flip_h_r90,H17_pre_linear,2.5084285736083984,1.972198724746704,0.5126739740371704,-1.4628093242645264,False
D4LensPINN,28,458,2,flip_h_r180,H00_preprocess,2.3190865516662598,-2.111449718475342,0.9591333866119385,-0.0023049116134643555,False
D4LensPINN,28,458,2,flip_h_r180,H01_enc1,2.3190865516662598,-2.111449718475342,0.9591333866119385,-0.0023049116134643555,False
D4LensPINN,28,458,2,flip_h_r180,H02_enc2,2.50985050201416,-2.108041763305664,-0.3894299268722534,1.3053174018859863,False
D4LensPINN,28,458,2,flip_h_r180,H03_enc3,0.5231996178627014,-0.05362701416015625,-0.35959136486053467,0.3762392997741699,False
D4LensPINN,28,458,2,flip_h_r180,H04_bot,0.4042464792728424,0.0981740951538086,0.2567463219165802,-0.29640913009643555,False
D4LensPINN,28,458,2,flip_h_r180,H08_kappa_out,2.3190865516662598,-2.111449718475342,0.9591333866119385,-0.0023049116134643555,False
D4LensPINN,28,458,2,flip_h_r180,H09_poisson,0.6613894104957581,0.3413562774658203,0.299165278673172,-0.4810529947280884,False
D4LensPINN,28,458,2,flip_h_r180,H10_deflection,0.6613894104957581,0.3413562774658203,0.299165278673172,-0.4810529947280884,False
D4LensPINN,28,458,2,flip_h_r180,H11_inv_lens,20.85270881652832,-11.112035751342773,-10.45590591430664,14.213801383972168,False
D4LensPINN,28,458,2,flip_h_r180,H12_HANDOFF,4.942783832550049,4.563080787658691,-0.167280912399292,-1.8924647569656372,False
D4LensPINN,28,458,2,flip_h_r180,H12b_input_proj,4.942783832550049,4.563080787658691,-0.167280912399292,-1.8924647569656372,False
D4LensPINN,28,458,2,flip_h_r180,H13_eff3,4.942783832550049,4.563080787658691,-0.167280912399292,-1.8924647569656372,False
D4LensPINN,28,458,2,flip_h_r180,H13b_eff4,4.942783832550049,4.563080787658691,-0.167280912399292,-1.8924647569656372,False
D4LensPINN,28,458,2,flip_h_r180,H14_eff5,4.942783832550049,4.563080787658691,-0.167280912399292,-1.8924647569656372,False
D4LensPINN,28,458,2,flip_h_r180,H14b_eff6,4.942783832550049,4.563080787658691,-0.167280912399292,-1.8924647569656372,False
D4LensPINN,28,458,2,flip_h_r180,H15_before_gap,4.942783832550049,4.563080787658691,-0.167280912399292,-1.8924647569656372,False
D4LensPINN,28,458,2,flip_h_r180,H16_after_gap,4.942783832550049,4.563080787658691,-0.167280912399292,-1.8924647569656372,False
D4LensPINN,28,458,2,flip_h_r180,H17_pre_linear,4.942783832550049,4.563080787658691,-0.167280912399292,-1.8924647569656372,False
D4LensPINN,28,458,2,flip_h_r270,H00_preprocess,2.695726156234741,0.0847315788269043,1.847588062286377,-1.961167812347412,False
D4LensPINN,28,458,2,flip_h_r270,H01_enc1,2.695726156234741,0.0847315788269043,1.847588062286377,-1.961167812347412,False
D4LensPINN,28,458,2,flip_h_r270,H02_enc2,3.7494659423828125,2.798243522644043,0.908172607421875,-2.324553966522217,False
D4LensPINN,28,458,2,flip_h_r270,H03_enc3,6.925500392913818,-4.300564765930176,-2.746885061264038,4.682127475738525,False
D4LensPINN,28,458,2,flip_h_r270,H04_bot,7.077794075012207,-4.252145767211914,-2.9289252758026123,4.841055870056152,False
D4LensPINN,28,458,2,flip_h_r270,H08_kappa_out,2.695726156234741,0.0847315788269043,1.847588062286377,-1.961167812347412,False
D4LensPINN,28,458,2,flip_h_r270,H09_poisson,1.511086344718933,1.1007187366485596,0.44120892882347107,-0.9365547895431519,False
D4LensPINN,28,458,2,flip_h_r270,H10_deflection,1.511086344718933,1.1007187366485596,0.44120892882347107,-0.9365547895431519,False
D4LensPINN,28,458,2,flip_h_r270,H11_inv_lens,3.902811288833618,2.2423205375671387,-2.7381207942962646,1.645183801651001,False
D4LensPINN,28,458,2,flip_h_r270,H12_HANDOFF,2.493109941482544,1.6896462440490723,-1.610113263130188,0.8764863014221191,False
D4LensPINN,28,458,2,flip_h_r270,H12b_input_proj,2.493109941482544,1.6896462440490723,-1.610113263130188,0.8764863014221191,False
D4LensPINN,28,458,2,flip_h_r270,H13_eff3,2.493109941482544,1.6896462440490723,-1.610113263130188,0.8764863014221191,False
D4LensPINN,28,458,2,flip_h_r270,H13b_eff4,2.493109941482544,1.6896462440490723,-1.610113263130188,0.8764863014221191,False
D4LensPINN,28,458,2,flip_h_r270,H14_eff5,2.493109941482544,1.6896462440490723,-1.610113263130188,0.8764863014221191,False
D4LensPINN,28,458,2,flip_h_r270,H14b_eff6,2.493109941482544,1.6896462440490723,-1.610113263130188,0.8764863014221191,False
D4LensPINN,28,458,2,flip_h_r270,H15_before_gap,2.493109941482544,1.6896462440490723,-1.610113263130188,0.8764863014221191,False
D4LensPINN,28,458,2,flip_h_r270,H16_after_gap,2.493109941482544,1.6896462440490723,-1.610113263130188,0.8764863014221191,False
D4LensPINN,28,458,2,flip_h_r270,H17_pre_linear,2.493109941482544,1.6896462440490723,-1.610113263130188,0.8764863014221191,False
D4LensPINN,29,504,0,e,H00_preprocess,0.0,0.0,0.0,0.0,False
D4LensPINN,29,504,0,e,H01_enc1,0.0,0.0,0.0,0.0,False
D4LensPINN,29,504,0,e,H02_enc2,0.0,0.0,0.0,0.0,False
D4LensPINN,29,504,0,e,H03_enc3,0.0,0.0,0.0,0.0,False
D4LensPINN,29,504,0,e,H04_bot,0.0,0.0,0.0,0.0,False
D4LensPINN,29,504,0,e,H08_kappa_out,0.0,0.0,0.0,0.0,False
D4LensPINN,29,504,0,e,H09_poisson,0.0,0.0,0.0,0.0,False
D4LensPINN,29,504,0,e,H10_deflection,0.0,0.0,0.0,0.0,False
D4LensPINN,29,504,0,e,H11_inv_lens,0.0,0.0,0.0,0.0,False
D4LensPINN,29,504,0,e,H12_HANDOFF,0.0,0.0,0.0,0.0,False
D4LensPINN,29,504,0,e,H12b_input_proj,0.0,0.0,0.0,0.0,False
D4LensPINN,29,504,0,e,H13_eff3,0.0,0.0,0.0,0.0,False
D4LensPINN,29,504,0,e,H13b_eff4,0.0,0.0,0.0,0.0,False
D4LensPINN,29,504,0,e,H14_eff5,0.0,0.0,0.0,0.0,False
D4LensPINN,29,504,0,e,H14b_eff6,0.0,0.0,0.0,0.0,False
D4LensPINN,29,504,0,e,H15_before_gap,0.0,0.0,0.0,0.0,False
D4LensPINN,29,504,0,e,H16_after_gap,0.0,0.0,0.0,0.0,False
D4LensPINN,29,504,0,e,H17_pre_linear,0.0,0.0,0.0,0.0,False
D4LensPINN,29,504,0,r90,H00_preprocess,0.22527068853378296,-0.02538132667541504,0.16956007480621338,-0.14612340927124023,False
D4LensPINN,29,504,0,r90,H01_enc1,0.22527068853378296,-0.02538132667541504,0.16956007480621338,-0.14612340927124023,False
D4LensPINN,29,504,0,r90,H02_enc2,0.40353599190711975,0.30167627334594727,-0.2395857274532318,-0.12013077735900879,False
D4LensPINN,29,504,0,r90,H03_enc3,0.9626085758209229,-0.7420403957366943,0.3902372419834137,0.4729759693145752,False
D4LensPINN,29,504,0,r90,H04_bot,0.6182509064674377,-0.45834970474243164,0.365001916885376,0.19728994369506836,False
D4LensPINN,29,504,0,r90,H08_kappa_out,0.22527068853378296,-0.02538132667541504,0.16956007480621338,-0.14612340927124023,False
D4LensPINN,29,504,0,r90,H09_poisson,0.35764166712760925,-0.2662210464477539,0.18271957337856293,0.1537773609161377,False
D4LensPINN,29,504,0,r90,H10_deflection,0.35764166712760925,-0.2662210464477539,0.18271957337856293,0.1537773609161377,False
D4LensPINN,29,504,0,r90,H11_inv_lens,20.92873191833496,-14.211196899414062,-6.343729019165039,13.993242263793945,False
D4LensPINN,29,504,0,r90,H12_HANDOFF,4.355606555938721,-2.8117833137512207,-0.5430470705032349,3.281810760498047,False
D4LensPINN,29,504,0,r90,H12b_input_proj,4.355606555938721,-2.8117833137512207,-0.5430470705032349,3.281810760498047,False
D4LensPINN,29,504,0,r90,H13_eff3,4.355606555938721,-2.8117833137512207,-0.5430470705032349,3.281810760498047,False
D4LensPINN,29,504,0,r90,H13b_eff4,4.355606555938721,-2.8117833137512207,-0.5430470705032349,3.281810760498047,False
D4LensPINN,29,504,0,r90,H14_eff5,4.355606555938721,-2.8117833137512207,-0.5430470705032349,3.281810760498047,False
D4LensPINN,29,504,0,r90,H14b_eff6,4.355606555938721,-2.8117833137512207,-0.5430470705032349,3.281810760498047,False
D4LensPINN,29,504,0,r90,H15_before_gap,4.355606555938721,-2.8117833137512207,-0.5430470705032349,3.281810760498047,False
D4LensPINN,29,504,0,r90,H16_after_gap,4.355606555938721,-2.8117833137512207,-0.5430470705032349,3.281810760498047,False
D4LensPINN,29,504,0,r90,H17_pre_linear,4.355606555938721,-2.8117833137512207,-0.5430470705032349,3.281810760498047,False
D4LensPINN,29,504,0,r180,H00_preprocess,0.8084178566932678,0.597435474395752,-0.4283876121044159,-0.33629512786865234,False
D4LensPINN,29,504,0,r180,H01_enc1,0.8084178566932678,0.597435474395752,-0.4283876121044159,-0.33629512786865234,False
D4LensPINN,29,504,0,r180,H02_enc2,0.33882734179496765,0.19901418685913086,-0.2737258970737457,0.016475915908813477,False
D4LensPINN,29,504,0,r180,H03_enc3,0.4373661279678345,-0.3136913776397705,0.2948439419269562,0.07716155052185059,False
D4LensPINN,29,504,0,r180,H04_bot,0.2853359580039978,-0.16030502319335938,0.23258976638317108,-0.04026055335998535,False
D4LensPINN,29,504,0,r180,H08_kappa_out,0.8084178566932678,0.597435474395752,-0.4283876121044159,-0.33629512786865234,False
D4LensPINN,29,504,0,r180,H09_poisson,0.4406155049800873,-0.32090067863464355,0.2846640348434448,0.10065364837646484,False
D4LensPINN,29,504,0,r180,H10_deflection,0.4406155049800873,-0.32090067863464355,0.2846640348434448,0.10065364837646484,False
D4LensPINN,29,504,0,r180,H11_inv_lens,10.772348403930664,-7.811767101287842,-2.416419267654419,7.012894630432129,False
D4LensPINN,29,504,0,r180,H12_HANDOFF,1.164541482925415,0.45631837844848633,0.38268211483955383,-1.0007421970367432,False
D4LensPINN,29,504,0,r180,H12b_input_proj,1.164541482925415,0.45631837844848633,0.38268211483955383,-1.0007421970367432,False
D4LensPINN,29,504,0,r180,H13_eff3,1.164541482925415,0.45631837844848633,0.38268211483955383,-1.0007421970367432,False
D4LensPINN,29,504,0,r180,H13b_eff4,1.164541482925415,0.45631837844848633,0.38268211483955383,-1.0007421970367432,False
D4LensPINN,29,504,0,r180,H14_eff5,1.164541482925415,0.45631837844848633,0.38268211483955383,-1.0007421970367432,False
D4LensPINN,29,504,0,r180,H14b_eff6,1.164541482925415,0.45631837844848633,0.38268211483955383,-1.0007421970367432,False
D4LensPINN,29,504,0,r180,H15_before_gap,1.164541482925415,0.45631837844848633,0.38268211483955383,-1.0007421970367432,False
D4LensPINN,29,504,0,r180,H16_after_gap,1.164541482925415,0.45631837844848633,0.38268211483955383,-1.0007421970367432,False
D4LensPINN,29,504,0,r180,H17_pre_linear,1.164541482925415,0.45631837844848633,0.38268211483955383,-1.0007421970367432,False
D4LensPINN,29,504,0,r270,H00_preprocess,1.2670718431472778,0.6715893745422363,0.18248888850212097,-1.0588374137878418,False
D4LensPINN,29,504,0,r270,H01_enc1,1.2670718431472778,0.6715893745422363,0.18248888850212097,-1.0588374137878418,False
D4LensPINN,29,504,0,r270,H02_enc2,0.9223359227180481,0.6697359085083008,-0.29242584109306335,-0.5627117156982422,False
D4LensPINN,29,504,0,r270,H03_enc3,0.9201022982597351,-0.6984567642211914,0.3688294589519501,0.4719228744506836,False
D4LensPINN,29,504,0,r270,H04_bot,0.5971168875694275,-0.4535531997680664,0.29751795530319214,0.24964213371276855,False
D4LensPINN,29,504,0,r270,H08_kappa_out,1.2670718431472778,0.6715893745422363,0.18248888850212097,-1.0588374137878418,False
D4LensPINN,29,504,0,r270,H09_poisson,0.24744951725006104,-0.1571483612060547,0.19113531708717346,-0.0017168521881103516,False
D4LensPINN,29,504,0,r270,H10_deflection,0.24744951725006104,-0.1571483612060547,0.19113531708717346,-0.0017168521881103516,False
D4LensPINN,29,504,0,r270,H11_inv_lens,20.084247589111328,-13.517935752868652,-6.4011077880859375,13.404038429260254,False
D4LensPINN,29,504,0,r270,H12_HANDOFF,5.387328624725342,-3.7793209552764893,-0.6022050380706787,3.7917532920837402,False
D4LensPINN,29,504,0,r270,H12b_input_proj,5.387328624725342,-3.7793209552764893,-0.6022050380706787,3.7917532920837402,False
D4LensPINN,29,504,0,r270,H13_eff3,5.387328624725342,-3.7793209552764893,-0.6022050380706787,3.7917532920837402,False
D4LensPINN,29,504,0,r270,H13b_eff4,5.387328624725342,-3.7793209552764893,-0.6022050380706787,3.7917532920837402,False
D4LensPINN,29,504,0,r270,H14_eff5,5.387328624725342,-3.7793209552764893,-0.6022050380706787,3.7917532920837402,False
D4LensPINN,29,504,0,r270,H14b_eff6,5.387328624725342,-3.7793209552764893,-0.6022050380706787,3.7917532920837402,False
D4LensPINN,29,504,0,r270,H15_before_gap,5.387328624725342,-3.7793209552764893,-0.6022050380706787,3.7917532920837402,False
D4LensPINN,29,504,0,r270,H16_after_gap,5.387328624725342,-3.7793209552764893,-0.6022050380706787,3.7917532920837402,False
D4LensPINN,29,504,0,r270,H17_pre_linear,5.387328624725342,-3.7793209552764893,-0.6022050380706787,3.7917532920837402,False
D4LensPINN,29,504,0,flip_h,H00_preprocess,0.3252846896648407,0.23849058151245117,-0.11051663756370544,-0.1916205883026123,False
D4LensPINN,29,504,0,flip_h,H01_enc1,0.3252846896648407,0.23849058151245117,-0.11051663756370544,-0.1916205883026123,False
D4LensPINN,29,504,0,flip_h,H02_enc2,0.23054300248622894,0.005886554718017578,-0.16909503936767578,0.15659594535827637,False
D4LensPINN,29,504,0,flip_h,H03_enc3,2.182298421859741,-1.807200312614441,0.5341337323188782,1.100524663925171,False
D4LensPINN,29,504,0,flip_h,H04_bot,1.503945231437683,-1.214033842086792,0.40518084168434143,0.7898111343383789,False
D4LensPINN,29,504,0,flip_h,H08_kappa_out,0.3252846896648407,0.23849058151245117,-0.11051663756370544,-0.1916205883026123,False
D4LensPINN,29,504,0,flip_h,H09_poisson,0.5941426753997803,-0.452425479888916,0.3226892054080963,0.21021032333374023,False
D4LensPINN,29,504,0,flip_h,H10_deflection,0.5941426753997803,-0.452425479888916,0.3226892054080963,0.21021032333374023,False
D4LensPINN,29,504,0,flip_h,H11_inv_lens,17.397655487060547,-12.504179000854492,-4.7105255126953125,11.141582489013672,False
D4LensPINN,29,504,0,flip_h,H12_HANDOFF,0.1121688112616539,0.08379936218261719,-0.07384315133094788,-0.010329484939575195,False
D4LensPINN,29,504,0,flip_h,H12b_input_proj,0.1121688112616539,0.08379936218261719,-0.07384315133094788,-0.010329484939575195,False
D4LensPINN,29,504,0,flip_h,H13_eff3,0.1121688112616539,0.08379936218261719,-0.07384315133094788,-0.010329484939575195,False
D4LensPINN,29,504,0,flip_h,H13b_eff4,0.1121688112616539,0.08379936218261719,-0.07384315133094788,-0.010329484939575195,False
D4LensPINN,29,504,0,flip_h,H14_eff5,0.1121688112616539,0.08379936218261719,-0.07384315133094788,-0.010329484939575195,False
D4LensPINN,29,504,0,flip_h,H14b_eff6,0.1121688112616539,0.08379936218261719,-0.07384315133094788,-0.010329484939575195,False
D4LensPINN,29,504,0,flip_h,H15_before_gap,0.1121688112616539,0.08379936218261719,-0.07384315133094788,-0.010329484939575195,False
D4LensPINN,29,504,0,flip_h,H16_after_gap,0.1121688112616539,0.08379936218261719,-0.07384315133094788,-0.010329484939575195,False
D4LensPINN,29,504,0,flip_h,H17_pre_linear,0.1121688112616539,0.08379936218261719,-0.07384315133094788,-0.010329484939575195,False
D4LensPINN,29,504,0,flip_h_r90,H00_preprocess,1.1180307865142822,-0.8465886116027832,0.7246645092964172,0.09023141860961914,False
D4LensPINN,29,504,0,flip_h_r90,H01_enc1,1.1180307865142822,-0.8465886116027832,0.7246645092964172,0.09023141860961914,False
D4LensPINN,29,504,0,flip_h_r90,H02_enc2,0.4205135405063629,-0.2883110046386719,0.06443983316421509,0.2992589473724365,False
D4LensPINN,29,504,0,flip_h_r90,H03_enc3,0.8222253322601318,-0.6250791549682617,0.2968166172504425,0.4441063404083252,False
D4LensPINN,29,504,0,flip_h_r90,H04_bot,0.7718976140022278,-0.5729475021362305,0.1980254054069519,0.47785258293151855,False
D4LensPINN,29,504,0,flip_h_r90,H08_kappa_out,1.1180307865142822,-0.8465886116027832,0.7246645092964172,0.09023141860961914,False
D4LensPINN,29,504,0,flip_h_r90,H09_poisson,0.25246554613113403,-0.18329572677612305,0.16094684600830078,0.06509709358215332,False
D4LensPINN,29,504,0,flip_h_r90,H10_deflection,0.25246554613113403,-0.18329572677612305,0.16094684600830078,0.06509709358215332,False
D4LensPINN,29,504,0,flip_h_r90,H11_inv_lens,23.470510482788086,-16.072444915771484,-7.39845085144043,15.420905113220215,False
D4LensPINN,29,504,0,flip_h_r90,H12_HANDOFF,5.283452033996582,-3.4972476959228516,-0.8071686029434204,3.877190113067627,False
D4LensPINN,29,504,0,flip_h_r90,H12b_input_proj,5.283452033996582,-3.4972476959228516,-0.8071686029434204,3.877190113067627,False
D4LensPINN,29,504,0,flip_h_r90,H13_eff3,5.283452033996582,-3.4972476959228516,-0.8071686029434204,3.877190113067627,False
D4LensPINN,29,504,0,flip_h_r90,H13b_eff4,5.283452033996582,-3.4972476959228516,-0.8071686029434204,3.877190113067627,False
D4LensPINN,29,504,0,flip_h_r90,H14_eff5,5.283452033996582,-3.4972476959228516,-0.8071686029434204,3.877190113067627,False
D4LensPINN,29,504,0,flip_h_r90,H14b_eff6,5.283452033996582,-3.4972476959228516,-0.8071686029434204,3.877190113067627,False
D4LensPINN,29,504,0,flip_h_r90,H15_before_gap,5.283452033996582,-3.4972476959228516,-0.8071686029434204,3.877190113067627,False
D4LensPINN,29,504,0,flip_h_r90,H16_after_gap,5.283452033996582,-3.4972476959228516,-0.8071686029434204,3.877190113067627,False
D4LensPINN,29,504,0,flip_h_r90,H17_pre_linear,5.283452033996582,-3.4972476959228516,-0.8071686029434204,3.877190113067627,False
D4LensPINN,29,504,0,flip_h_r180,H00_preprocess,1.024332880973816,0.7447843551635742,-0.36162158846855164,-0.6031451225280762,False
D4LensPINN,29,504,0,flip_h_r180,H01_enc1,1.024332880973816,0.7447843551635742,-0.36162158846855164,-0.6031451225280762,False
D4LensPINN,29,504,0,flip_h_r180,H02_enc2,1.1177786588668823,0.8192501068115234,-0.4428073465824127,-0.6182072162628174,False
D4LensPINN,29,504,0,flip_h_r180,H03_enc3,0.21997025609016418,0.08039665222167969,0.06534230709075928,-0.1940455436706543,False
D4LensPINN,29,504,0,flip_h_r180,H04_bot,0.2204943597316742,0.09566664695739746,0.049962371587753296,-0.1922743320465088,False
D4LensPINN,29,504,0,flip_h_r180,H08_kappa_out,1.024332880973816,0.7447843551635742,-0.36162158846855164,-0.6031451225280762,False
D4LensPINN,29,504,0,flip_h_r180,H09_poisson,0.09617491066455841,-0.06818962097167969,0.06664398312568665,0.012584447860717773,False
D4LensPINN,29,504,0,flip_h_r180,H10_deflection,0.09617491066455841,-0.06818962097167969,0.06664398312568665,0.012584447860717773,False
D4LensPINN,29,504,0,flip_h_r180,H11_inv_lens,12.046463012695312,-9.440654754638672,-1.6137166023254395,7.3066558837890625,False
D4LensPINN,29,504,0,flip_h_r180,H12_HANDOFF,0.6712138056755066,-0.03409290313720703,0.474802702665329,-0.47321033477783203,False
D4LensPINN,29,504,0,flip_h_r180,H12b_input_proj,0.6712138056755066,-0.03409290313720703,0.474802702665329,-0.47321033477783203,False
D4LensPINN,29,504,0,flip_h_r180,H13_eff3,0.6712138056755066,-0.03409290313720703,0.474802702665329,-0.47321033477783203,False
D4LensPINN,29,504,0,flip_h_r180,H13b_eff4,0.6712138056755066,-0.03409290313720703,0.474802702665329,-0.47321033477783203,False
D4LensPINN,29,504,0,flip_h_r180,H14_eff5,0.6712138056755066,-0.03409290313720703,0.474802702665329,-0.47321033477783203,False
D4LensPINN,29,504,0,flip_h_r180,H14b_eff6,0.6712138056755066,-0.03409290313720703,0.474802702665329,-0.47321033477783203,False
D4LensPINN,29,504,0,flip_h_r180,H15_before_gap,0.6712138056755066,-0.03409290313720703,0.474802702665329,-0.47321033477783203,False
D4LensPINN,29,504,0,flip_h_r180,H16_after_gap,0.6712138056755066,-0.03409290313720703,0.474802702665329,-0.47321033477783203,False
D4LensPINN,29,504,0,flip_h_r180,H17_pre_linear,0.6712138056755066,-0.03409290313720703,0.474802702665329,-0.47321033477783203,False
D4LensPINN,29,504,0,flip_h_r270,H00_preprocess,1.779315710067749,-1.4503717422485352,0.8209366798400879,0.6232571601867676,False
D4LensPINN,29,504,0,flip_h_r270,H01_enc1,1.779315710067749,-1.4503717422485352,0.8209366798400879,0.6232571601867676,False
D4LensPINN,29,504,0,flip_h_r270,H02_enc2,1.3405911922454834,-0.9954056739807129,0.27557799220085144,0.8546396493911743,False
D4LensPINN,29,504,0,flip_h_r270,H03_enc3,2.2054245471954346,-1.8272424936294556,0.7964670658111572,0.9437808990478516,False
D4LensPINN,29,504,0,flip_h_r270,H04_bot,1.794767141342163,-1.4360966682434082,0.5738020539283752,0.9108055830001831,False
D4LensPINN,29,504,0,flip_h_r270,H08_kappa_out,1.779315710067749,-1.4503717422485352,0.8209366798400879,0.6232571601867676,False
D4LensPINN,29,504,0,flip_h_r270,H09_poisson,0.45544856786727905,-0.33933067321777344,0.2548997402191162,0.16527009010314941,False
D4LensPINN,29,504,0,flip_h_r270,H10_deflection,0.45544856786727905,-0.33933067321777344,0.2548997402191162,0.16527009010314941,False
D4LensPINN,29,504,0,flip_h_r270,H11_inv_lens,21.028440475463867,-14.064970970153809,-6.637884140014648,14.153106689453125,False
D4LensPINN,29,504,0,flip_h_r270,H12_HANDOFF,7.397624492645264,-5.472475051879883,-0.8675699234008789,4.901447296142578,False
D4LensPINN,29,504,0,flip_h_r270,H12b_input_proj,7.397624492645264,-5.472475051879883,-0.8675699234008789,4.901447296142578,False
D4LensPINN,29,504,0,flip_h_r270,H13_eff3,7.397624492645264,-5.472475051879883,-0.8675699234008789,4.901447296142578,False
D4LensPINN,29,504,0,flip_h_r270,H13b_eff4,7.397624492645264,-5.472475051879883,-0.8675699234008789,4.901447296142578,False
D4LensPINN,29,504,0,flip_h_r270,H14_eff5,7.397624492645264,-5.472475051879883,-0.8675699234008789,4.901447296142578,False
D4LensPINN,29,504,0,flip_h_r270,H14b_eff6,7.397624492645264,-5.472475051879883,-0.8675699234008789,4.901447296142578,False
D4LensPINN,29,504,0,flip_h_r270,H15_before_gap,7.397624492645264,-5.472475051879883,-0.8675699234008789,4.901447296142578,False
D4LensPINN,29,504,0,flip_h_r270,H16_after_gap,7.397624492645264,-5.472475051879883,-0.8675699234008789,4.901447296142578,False
D4LensPINN,29,504,0,flip_h_r270,H17_pre_linear,7.397624492645264,-5.472475051879883,-0.8675699234008789,4.901447296142578,False
D4LensPINN,30,513,2,e,H00_preprocess,0.0,0.0,0.0,0.0,False
D4LensPINN,30,513,2,e,H01_enc1,0.0,0.0,0.0,0.0,False
D4LensPINN,30,513,2,e,H02_enc2,0.0,0.0,0.0,0.0,False
D4LensPINN,30,513,2,e,H03_enc3,0.0,0.0,0.0,0.0,False
D4LensPINN,30,513,2,e,H04_bot,0.0,0.0,0.0,0.0,False
D4LensPINN,30,513,2,e,H08_kappa_out,0.0,0.0,0.0,0.0,False
D4LensPINN,30,513,2,e,H09_poisson,0.0,0.0,0.0,0.0,False
D4LensPINN,30,513,2,e,H10_deflection,0.0,0.0,0.0,0.0,False
D4LensPINN,30,513,2,e,H11_inv_lens,0.0,0.0,0.0,0.0,False
D4LensPINN,30,513,2,e,H12_HANDOFF,0.0,0.0,0.0,0.0,False
D4LensPINN,30,513,2,e,H12b_input_proj,0.0,0.0,0.0,0.0,False
D4LensPINN,30,513,2,e,H13_eff3,0.0,0.0,0.0,0.0,False
D4LensPINN,30,513,2,e,H13b_eff4,0.0,0.0,0.0,0.0,False
D4LensPINN,30,513,2,e,H14_eff5,0.0,0.0,0.0,0.0,False
D4LensPINN,30,513,2,e,H14b_eff6,0.0,0.0,0.0,0.0,False
D4LensPINN,30,513,2,e,H15_before_gap,0.0,0.0,0.0,0.0,False
D4LensPINN,30,513,2,e,H16_after_gap,0.0,0.0,0.0,0.0,False
D4LensPINN,30,513,2,e,H17_pre_linear,0.0,0.0,0.0,0.0,False
D4LensPINN,30,513,2,r90,H00_preprocess,13.443046569824219,7.848913192749023,5.125465393066406,-9.635334014892578,False
D4LensPINN,30,513,2,r90,H01_enc1,13.443046569824219,7.848913192749023,5.125465393066406,-9.635334014892578,False
D4LensPINN,30,513,2,r90,H02_enc2,13.780814170837402,9.372135162353516,4.034491539001465,-9.262656211853027,False
D4LensPINN,30,513,2,r90,H03_enc3,2.485792636871338,1.3916726112365723,1.1149194240570068,-1.7318682670593262,False
D4LensPINN,30,513,2,r90,H04_bot,2.2763123512268066,1.3005542755126953,1.0036201477050781,-1.5757231712341309,False
D4LensPINN,30,513,2,r90,H08_kappa_out,13.443046569824219,7.848913192749023,5.125465393066406,-9.635334014892578,False
D4LensPINN,30,513,2,r90,H09_poisson,0.33083757758140564,-0.31299400329589844,0.04112672805786133,0.09897899627685547,False
D4LensPINN,30,513,2,r90,H10_deflection,0.33083757758140564,-0.31299400329589844,0.04112672805786133,0.09897899627685547,False
D4LensPINN,30,513,2,r90,H11_inv_lens,24.423873901367188,-14.89546012878418,-10.717488288879395,16.117889404296875,False
D4LensPINN,30,513,2,r90,H12_HANDOFF,3.8195137977600098,2.1634674072265625,1.7546311616897583,-2.61330509185791,False
D4LensPINN,30,513,2,r90,H12b_input_proj,3.8195137977600098,2.1634674072265625,1.7546311616897583,-2.61330509185791,False
D4LensPINN,30,513,2,r90,H13_eff3,3.8195137977600098,2.1634674072265625,1.7546311616897583,-2.61330509185791,False
D4LensPINN,30,513,2,r90,H13b_eff4,3.8195137977600098,2.1634674072265625,1.7546311616897583,-2.61330509185791,False
D4LensPINN,30,513,2,r90,H14_eff5,3.8195137977600098,2.1634674072265625,1.7546311616897583,-2.61330509185791,False
D4LensPINN,30,513,2,r90,H14b_eff6,3.8195137977600098,2.1634674072265625,1.7546311616897583,-2.61330509185791,False
D4LensPINN,30,513,2,r90,H15_before_gap,3.8195137977600098,2.1634674072265625,1.7546311616897583,-2.61330509185791,False
D4LensPINN,30,513,2,r90,H16_after_gap,3.8195137977600098,2.1634674072265625,1.7546311616897583,-2.61330509185791,False
D4LensPINN,30,513,2,r90,H17_pre_linear,3.8195137977600098,2.1634674072265625,1.7546311616897583,-2.61330509185791,False
D4LensPINN,30,513,2,r180,H00_preprocess,15.342853546142578,10.9679536819458,3.6918227672576904,-10.0736083984375,False
D4LensPINN,30,513,2,r180,H01_enc1,15.342853546142578,10.9679536819458,3.6918227672576904,-10.0736083984375,False
D4LensPINN,30,513,2,r180,H02_enc2,15.688018798828125,11.769451141357422,2.806093215942383,-9.985980033874512,False
D4LensPINN,30,513,2,r180,H03_enc3,1.6945490837097168,0.6855435371398926,0.9421272277832031,-1.2304158210754395,False
D4LensPINN,30,513,2,r180,H04_bot,1.8691247701644897,0.567359447479248,1.1364104747772217,-1.3712410926818848,False
D4LensPINN,30,513,2,r180,H08_kappa_out,15.342853546142578,10.9679536819458,3.6918227672576904,-10.0736083984375,False
D4LensPINN,30,513,2,r180,H09_poisson,0.42867806553840637,0.09975385665893555,0.26209497451782227,-0.3242225646972656,False
D4LensPINN,30,513,2,r180,H10_deflection,0.42867806553840637,0.09975385665893555,0.26209497451782227,-0.3242225646972656,False
D4LensPINN,30,513,2,r180,H11_inv_lens,7.277351379394531,-3.5267348289489746,-3.950551986694336,4.9915056228637695,False
D4LensPINN,30,513,2,r180,H12_HANDOFF,1.065407395362854,0.8077926635742188,-0.6875753402709961,0.0990152359008789,False
D4LensPINN,30,513,2,r180,H12b_input_proj,1.065407395362854,0.8077926635742188,-0.6875753402709961,0.0990152359008789,False
D4LensPINN,30,513,2,r180,H13_eff3,1.065407395362854,0.8077926635742188,-0.6875753402709961,0.0990152359008789,False
D4LensPINN,30,513,2,r180,H13b_eff4,1.065407395362854,0.8077926635742188,-0.6875753402709961,0.0990152359008789,False
D4LensPINN,30,513,2,r180,H14_eff5,1.065407395362854,0.8077926635742188,-0.6875753402709961,0.0990152359008789,False
D4LensPINN,30,513,2,r180,H14b_eff6,1.065407395362854,0.8077926635742188,-0.6875753402709961,0.0990152359008789,False
D4LensPINN,30,513,2,r180,H15_before_gap,1.065407395362854,0.8077926635742188,-0.6875753402709961,0.0990152359008789,False
D4LensPINN,30,513,2,r180,H16_after_gap,1.065407395362854,0.8077926635742188,-0.6875753402709961,0.0990152359008789,False
D4LensPINN,30,513,2,r180,H17_pre_linear,1.065407395362854,0.8077926635742188,-0.6875753402709961,0.0990152359008789,False
D4LensPINN,30,513,2,r270,H00_preprocess,10.832781791687012,6.246792316436768,4.562225341796875,-7.583722114562988,False
D4LensPINN,30,513,2,r270,H01_enc1,10.832781791687012,6.246792316436768,4.562225341796875,-7.583722114562988,False
D4LensPINN,30,513,2,r270,H02_enc2,10.020750999450684,6.531302452087402,3.6135661602020264,-6.685781002044678,False
D4LensPINN,30,513,2,r270,H03_enc3,3.9863064289093018,1.8453178405761719,2.043684720993042,-2.882497787475586,False
D4LensPINN,30,513,2,r270,H04_bot,3.5811479091644287,1.478128433227539,1.9550670385360718,-2.6110286712646484,False
D4LensPINN,30,513,2,r270,H08_kappa_out,10.832781791687012,6.246792316436768,4.562225341796875,-7.583722114562988,False
D4LensPINN,30,513,2,r270,H09_poisson,0.40812546014785767,0.07664299011230469,0.2596619129180908,-0.30539798736572266,False
D4LensPINN,30,513,2,r270,H10_deflection,0.40812546014785767,0.07664299011230469,0.2596619129180908,-0.30539798736572266,False
D4LensPINN,30,513,2,r270,H11_inv_lens,31.289291381835938,-18.65434455871582,-13.87619686126709,20.940067291259766,False
D4LensPINN,30,513,2,r270,H12_HANDOFF,4.2597808837890625,0.7404375076293945,2.822359085083008,-3.1035103797912598,False
D4LensPINN,30,513,2,r270,H12b_input_proj,4.2597808837890625,0.7404375076293945,2.822359085083008,-3.1035103797912598,False
D4LensPINN,30,513,2,r270,H13_eff3,4.2597808837890625,0.7404375076293945,2.822359085083008,-3.1035103797912598,False
D4LensPINN,30,513,2,r270,H13b_eff4,4.2597808837890625,0.7404375076293945,2.822359085083008,-3.1035103797912598,False
D4LensPINN,30,513,2,r270,H14_eff5,4.2597808837890625,0.7404375076293945,2.822359085083008,-3.1035103797912598,False
D4LensPINN,30,513,2,r270,H14b_eff6,4.2597808837890625,0.7404375076293945,2.822359085083008,-3.1035103797912598,False
D4LensPINN,30,513,2,r270,H15_before_gap,4.2597808837890625,0.7404375076293945,2.822359085083008,-3.1035103797912598,False
D4LensPINN,30,513,2,r270,H16_after_gap,4.2597808837890625,0.7404375076293945,2.822359085083008,-3.1035103797912598,False
D4LensPINN,30,513,2,r270,H17_pre_linear,4.2597808837890625,0.7404375076293945,2.822359085083008,-3.1035103797912598,False
D4LensPINN,30,513,2,flip_h,H00_preprocess,12.947518348693848,5.690883159637451,6.582594394683838,-9.58757209777832,False
D4LensPINN,30,513,2,flip_h,H01_enc1,12.947518348693848,5.690883159637451,6.582594394683838,-9.58757209777832,False
D4LensPINN,30,513,2,flip_h,H02_enc2,12.950362205505371,7.902718544006348,4.88367223739624,-9.022675514221191,False
D4LensPINN,30,513,2,flip_h,H03_enc3,2.8370237350463867,1.8089170455932617,1.0739331245422363,-1.903468132019043,False
D4LensPINN,30,513,2,flip_h,H04_bot,2.6879031658172607,1.6253142356872559,1.09507417678833,-1.8395624160766602,False
D4LensPINN,30,513,2,flip_h,H08_kappa_out,12.947518348693848,5.690883159637451,6.582594394683838,-9.58757209777832,False
D4LensPINN,30,513,2,flip_h,H09_poisson,0.022509755566716194,0.0199127197265625,-0.005278825759887695,-0.009072303771972656,False
D4LensPINN,30,513,2,flip_h,H10_deflection,0.022509755566716194,0.0199127197265625,-0.005278825759887695,-0.009072303771972656,False
D4LensPINN,30,513,2,flip_h,H11_inv_lens,8.6383638381958,-4.594288349151611,-4.397974967956543,5.8456525802612305,False
D4LensPINN,30,513,2,flip_h,H12_HANDOFF,3.4464244842529297,0.6763248443603516,2.269089698791504,-2.5043277740478516,False
D4LensPINN,30,513,2,flip_h,H12b_input_proj,3.4464244842529297,0.6763248443603516,2.269089698791504,-2.5043277740478516,False
D4LensPINN,30,513,2,flip_h,H13_eff3,3.4464244842529297,0.6763248443603516,2.269089698791504,-2.5043277740478516,False
D4LensPINN,30,513,2,flip_h,H13b_eff4,3.4464244842529297,0.6763248443603516,2.269089698791504,-2.5043277740478516,False
D4LensPINN,30,513,2,flip_h,H14_eff5,3.4464244842529297,0.6763248443603516,2.269089698791504,-2.5043277740478516,False
D4LensPINN,30,513,2,flip_h,H14b_eff6,3.4464244842529297,0.6763248443603516,2.269089698791504,-2.5043277740478516,False
D4LensPINN,30,513,2,flip_h,H15_before_gap,3.4464244842529297,0.6763248443603516,2.269089698791504,-2.5043277740478516,False
D4LensPINN,30,513,2,flip_h,H16_after_gap,3.4464244842529297,0.6763248443603516,2.269089698791504,-2.5043277740478516,False
D4LensPINN,30,513,2,flip_h,H17_pre_linear,3.4464244842529297,0.6763248443603516,2.269089698791504,-2.5043277740478516,False
D4LensPINN,30,513,2,flip_h_r90,H00_preprocess,14.284696578979492,8.353851318359375,5.415958404541016,-10.24368667602539,False
D4LensPINN,30,513,2,flip_h_r90,H01_enc1,14.284696578979492,8.353851318359375,5.415958404541016,-10.24368667602539,False
D4LensPINN,30,513,2,flip_h_r90,H02_enc2,13.596955299377441,10.108454704284668,3.1009151935577393,-8.548723220825195,False
D4LensPINN,30,513,2,flip_h_r90,H03_enc3,4.107093811035156,2.0981407165527344,1.980370283126831,-2.923039436340332,False
D4LensPINN,30,513,2,flip_h_r90,H04_bot,3.535794973373413,1.708439826965332,1.7822744846343994,-2.5311217308044434,False
D4LensPINN,30,513,2,flip_h_r90,H08_kappa_out,14.284696578979492,8.353851318359375,5.415958404541016,-10.24368667602539,False
D4LensPINN,30,513,2,flip_h_r90,H09_poisson,0.7303408980369568,0.04577827453613281,0.4994997978210449,-0.5308504104614258,False
D4LensPINN,30,513,2,flip_h_r90,H10_deflection,0.7303408980369568,0.04577827453613281,0.4994997978210449,-0.5308504104614258,False
D4LensPINN,30,513,2,flip_h_r90,H11_inv_lens,32.82515335083008,-19.837785720825195,-14.30880069732666,21.890892028808594,False
D4LensPINN,30,513,2,flip_h_r90,H12_HANDOFF,4.471290588378906,0.9236392974853516,2.963437795639038,-3.2182865142822266,False
D4LensPINN,30,513,2,flip_h_r90,H12b_input_proj,4.471290588378906,0.9236392974853516,2.963437795639038,-3.2182865142822266,False
D4LensPINN,30,513,2,flip_h_r90,H13_eff3,4.471290588378906,0.9236392974853516,2.963437795639038,-3.2182865142822266,False
D4LensPINN,30,513,2,flip_h_r90,H13b_eff4,4.471290588378906,0.9236392974853516,2.963437795639038,-3.2182865142822266,False
D4LensPINN,30,513,2,flip_h_r90,H14_eff5,4.471290588378906,0.9236392974853516,2.963437795639038,-3.2182865142822266,False
D4LensPINN,30,513,2,flip_h_r90,H14b_eff6,4.471290588378906,0.9236392974853516,2.963437795639038,-3.2182865142822266,False
D4LensPINN,30,513,2,flip_h_r90,H15_before_gap,4.471290588378906,0.9236392974853516,2.963437795639038,-3.2182865142822266,False
D4LensPINN,30,513,2,flip_h_r90,H16_after_gap,4.471290588378906,0.9236392974853516,2.963437795639038,-3.2182865142822266,False
D4LensPINN,30,513,2,flip_h_r90,H17_pre_linear,4.471290588378906,0.9236392974853516,2.963437795639038,-3.2182865142822266,False
D4LensPINN,30,513,2,flip_h_r180,H00_preprocess,11.915322303771973,8.623647689819336,3.265265703201294,-7.546234130859375,False
D4LensPINN,30,513,2,flip_h_r180,H01_enc1,11.915322303771973,8.623647689819336,3.265265703201294,-7.546234130859375,False
D4LensPINN,30,513,2,flip_h_r180,H02_enc2,11.670650482177734,8.613725662231445,3.035855770111084,-7.265769004821777,False
D4LensPINN,30,513,2,flip_h_r180,H03_enc3,0.7589530944824219,-0.2830467224121094,0.562830924987793,-0.4232206344604492,False
D4LensPINN,30,513,2,flip_h_r180,H04_bot,0.7112250924110413,-0.31368064880371094,0.5228667259216309,-0.3661365509033203,False
D4LensPINN,30,513,2,flip_h_r180,H08_kappa_out,11.915322303771973,8.623647689819336,3.265265703201294,-7.546234130859375,False
D4LensPINN,30,513,2,flip_h_r180,H09_poisson,0.4241914749145508,0.07164335250854492,0.2712526321411133,-0.3181629180908203,False
D4LensPINN,30,513,2,flip_h_r180,H10_deflection,0.4241914749145508,0.07164335250854492,0.2712526321411133,-0.3181629180908203,False
D4LensPINN,30,513,2,flip_h_r180,H11_inv_lens,7.88521671295166,5.116850852966309,3.024364709854126,-5.181476593017578,False
D4LensPINN,30,513,2,flip_h_r180,H12_HANDOFF,5.349264621734619,1.0160598754882812,3.540525197982788,-3.879037618637085,False
D4LensPINN,30,513,2,flip_h_r180,H12b_input_proj,5.349264621734619,1.0160598754882812,3.540525197982788,-3.879037618637085,False
D4LensPINN,30,513,2,flip_h_r180,H13_eff3,5.349264621734619,1.0160598754882812,3.540525197982788,-3.879037618637085,False
D4LensPINN,30,513,2,flip_h_r180,H13b_eff4,5.349264621734619,1.0160598754882812,3.540525197982788,-3.879037618637085,False
D4LensPINN,30,513,2,flip_h_r180,H14_eff5,5.349264621734619,1.0160598754882812,3.540525197982788,-3.879037618637085,False
D4LensPINN,30,513,2,flip_h_r180,H14b_eff6,5.349264621734619,1.0160598754882812,3.540525197982788,-3.879037618637085,False
D4LensPINN,30,513,2,flip_h_r180,H15_before_gap,5.349264621734619,1.0160598754882812,3.540525197982788,-3.879037618637085,False
D4LensPINN,30,513,2,flip_h_r180,H16_after_gap,5.349264621734619,1.0160598754882812,3.540525197982788,-3.879037618637085,False
D4LensPINN,30,513,2,flip_h_r180,H17_pre_linear,5.349264621734619,1.0160598754882812,3.540525197982788,-3.879037618637085,False
D4LensPINN,30,513,2,flip_h_r270,H00_preprocess,12.558562278747559,6.287777423858643,5.8097639083862305,-9.188469886779785,False
D4LensPINN,30,513,2,flip_h_r270,H01_enc1,12.558562278747559,6.287777423858643,5.8097639083862305,-9.188469886779785,False
D4LensPINN,30,513,2,flip_h_r270,H02_enc2,12.676682472229004,7.942806720733643,4.583315849304199,-8.752331733703613,False
D4LensPINN,30,513,2,flip_h_r270,H03_enc3,3.638249635696411,2.1488518714904785,1.5113755464553833,-2.5169506072998047,False
D4LensPINN,30,513,2,flip_h_r270,H04_bot,2.848898410797119,1.8226122856140137,1.0674748420715332,-1.9117541313171387,False
D4LensPINN,30,513,2,flip_h_r270,H08_kappa_out,12.558562278747559,6.287777423858643,5.8097639083862305,-9.188469886779785,False
D4LensPINN,30,513,2,flip_h_r270,H09_poisson,0.3024734854698181,-0.28562450408935547,0.0329892635345459,0.0939178466796875,False
D4LensPINN,30,513,2,flip_h_r270,H10_deflection,0.3024734854698181,-0.28562450408935547,0.0329892635345459,0.0939178466796875,False
D4LensPINN,30,513,2,flip_h_r270,H11_inv_lens,21.306095123291016,-12.518430709838867,-9.727286338806152,14.23441219329834,False
D4LensPINN,30,513,2,flip_h_r270,H12_HANDOFF,0.7857984304428101,0.2701992988586426,0.4015827178955078,-0.6190338134765625,False
D4LensPINN,30,513,2,flip_h_r270,H12b_input_proj,0.7857984304428101,0.2701992988586426,0.4015827178955078,-0.6190338134765625,False
D4LensPINN,30,513,2,flip_h_r270,H13_eff3,0.7857984304428101,0.2701992988586426,0.4015827178955078,-0.6190338134765625,False
D4LensPINN,30,513,2,flip_h_r270,H13b_eff4,0.7857984304428101,0.2701992988586426,0.4015827178955078,-0.6190338134765625,False
D4LensPINN,30,513,2,flip_h_r270,H14_eff5,0.7857984304428101,0.2701992988586426,0.4015827178955078,-0.6190338134765625,False
D4LensPINN,30,513,2,flip_h_r270,H14b_eff6,0.7857984304428101,0.2701992988586426,0.4015827178955078,-0.6190338134765625,False
D4LensPINN,30,513,2,flip_h_r270,H15_before_gap,0.7857984304428101,0.2701992988586426,0.4015827178955078,-0.6190338134765625,False
D4LensPINN,30,513,2,flip_h_r270,H16_after_gap,0.7857984304428101,0.2701992988586426,0.4015827178955078,-0.6190338134765625,False
D4LensPINN,30,513,2,flip_h_r270,H17_pre_linear,0.7857984304428101,0.2701992988586426,0.4015827178955078,-0.6190338134765625,False
D4LensPINN,31,516,2,e,H00_preprocess,0.0,0.0,0.0,0.0,False
D4LensPINN,31,516,2,e,H01_enc1,0.0,0.0,0.0,0.0,False
D4LensPINN,31,516,2,e,H02_enc2,0.0,0.0,0.0,0.0,False
D4LensPINN,31,516,2,e,H03_enc3,0.0,0.0,0.0,0.0,False
D4LensPINN,31,516,2,e,H04_bot,0.0,0.0,0.0,0.0,False
D4LensPINN,31,516,2,e,H08_kappa_out,0.0,0.0,0.0,0.0,False
D4LensPINN,31,516,2,e,H09_poisson,0.0,0.0,0.0,0.0,False
D4LensPINN,31,516,2,e,H10_deflection,0.0,0.0,0.0,0.0,False
D4LensPINN,31,516,2,e,H11_inv_lens,0.0,0.0,0.0,0.0,False
D4LensPINN,31,516,2,e,H12_HANDOFF,0.0,0.0,0.0,0.0,False
D4LensPINN,31,516,2,e,H12b_input_proj,0.0,0.0,0.0,0.0,False
D4LensPINN,31,516,2,e,H13_eff3,0.0,0.0,0.0,0.0,False
D4LensPINN,31,516,2,e,H13b_eff4,0.0,0.0,0.0,0.0,False
D4LensPINN,31,516,2,e,H14_eff5,0.0,0.0,0.0,0.0,False
D4LensPINN,31,516,2,e,H14b_eff6,0.0,0.0,0.0,0.0,False
D4LensPINN,31,516,2,e,H15_before_gap,0.0,0.0,0.0,0.0,False
D4LensPINN,31,516,2,e,H16_after_gap,0.0,0.0,0.0,0.0,False
D4LensPINN,31,516,2,e,H17_pre_linear,0.0,0.0,0.0,0.0,False
D4LensPINN,31,516,2,r90,H00_preprocess,1.6652883291244507,0.943962574005127,0.7486956119537354,-1.1495976448059082,False
D4LensPINN,31,516,2,r90,H01_enc1,1.6652883291244507,0.943962574005127,0.7486956119537354,-1.1495976448059082,False
D4LensPINN,31,516,2,r90,H02_enc2,3.0108890533447266,1.7470951080322266,1.2901456356048584,-2.0853383541107178,False
D4LensPINN,31,516,2,r90,H03_enc3,1.384144902229309,-0.6312780380249023,-0.7347722053527832,0.9886631965637207,False
D4LensPINN,31,516,2,r90,H04_bot,1.2998443841934204,-0.5853862762451172,-0.6940546035766602,0.9301648139953613,False
D4LensPINN,31,516,2,r90,H08_kappa_out,1.6652883291244507,0.943962574005127,0.7486956119537354,-1.1495976448059082,False
D4LensPINN,31,516,2,r90,H09_poisson,0.1730213463306427,-0.1062617301940918,-0.0668410062789917,0.11906766891479492,False
D4LensPINN,31,516,2,r90,H10_deflection,0.1730213463306427,-0.1062617301940918,-0.0668410062789917,0.11906766891479492,False
D4LensPINN,31,516,2,r90,H11_inv_lens,42.00154495239258,-24.711700439453125,-18.58896827697754,28.423791885375977,False
D4LensPINN,31,516,2,r90,H12_HANDOFF,2.654350996017456,1.6782970428466797,1.0988562107086182,-1.7382211685180664,False
D4LensPINN,31,516,2,r90,H12b_input_proj,2.654350996017456,1.6782970428466797,1.0988562107086182,-1.7382211685180664,False
D4LensPINN,31,516,2,r90,H13_eff3,2.654350996017456,1.6782970428466797,1.0988562107086182,-1.7382211685180664,False
D4LensPINN,31,516,2,r90,H13b_eff4,2.654350996017456,1.6782970428466797,1.0988562107086182,-1.7382211685180664,False
D4LensPINN,31,516,2,r90,H14_eff5,2.654350996017456,1.6782970428466797,1.0988562107086182,-1.7382211685180664,False
D4LensPINN,31,516,2,r90,H14b_eff6,2.654350996017456,1.6782970428466797,1.0988562107086182,-1.7382211685180664,False
D4LensPINN,31,516,2,r90,H15_before_gap,2.654350996017456,1.6782970428466797,1.0988562107086182,-1.7382211685180664,False
D4LensPINN,31,516,2,r90,H16_after_gap,2.654350996017456,1.6782970428466797,1.0988562107086182,-1.7382211685180664,False
D4LensPINN,31,516,2,r90,H17_pre_linear,2.654350996017456,1.6782970428466797,1.0988562107086182,-1.7382211685180664,False
D4LensPINN,31,516,2,r180,H00_preprocess,3.393375873565674,2.246241569519043,1.2316949367523193,-2.2253823280334473,False
D4LensPINN,31,516,2,r180,H01_enc1,3.393375873565674,2.246241569519043,1.2316949367523193,-2.2253823280334473,False
D4LensPINN,31,516,2,r180,H02_enc2,3.5261473655700684,2.3782873153686523,1.2286386489868164,-2.2951931953430176,False
D4LensPINN,31,516,2,r180,H03_enc3,0.35192593932151794,-0.03486013412475586,0.2576500177383423,-0.23717737197875977,False
D4LensPINN,31,516,2,r180,H04_bot,0.30133122205734253,-0.02587413787841797,0.22027099132537842,-0.20398950576782227,False
D4LensPINN,31,516,2,r180,H08_kappa_out,3.393375873565674,2.246241569519043,1.2316949367523193,-2.2253823280334473,False
D4LensPINN,31,516,2,r180,H09_poisson,0.04328995943069458,-0.03593111038208008,-0.006727933883666992,0.02318859100341797,False
D4LensPINN,31,516,2,r180,H10_deflection,0.04328995943069458,-0.03593111038208008,-0.006727933883666992,0.02318859100341797,False
D4LensPINN,31,516,2,r180,H11_inv_lens,6.587081432342529,4.422571659088135,2.374086618423462,-4.265468120574951,False
D4LensPINN,31,516,2,r180,H12_HANDOFF,0.6138004064559937,0.5601272583007812,-0.23794007301330566,-0.0799555778503418,False
D4LensPINN,31,516,2,r180,H12b_input_proj,0.6138004064559937,0.5601272583007812,-0.23794007301330566,-0.0799555778503418,False
D4LensPINN,31,516,2,r180,H13_eff3,0.6138004064559937,0.5601272583007812,-0.23794007301330566,-0.0799555778503418,False
D4LensPINN,31,516,2,r180,H13b_eff4,0.6138004064559937,0.5601272583007812,-0.23794007301330566,-0.0799555778503418,False
D4LensPINN,31,516,2,r180,H14_eff5,0.6138004064559937,0.5601272583007812,-0.23794007301330566,-0.0799555778503418,False
D4LensPINN,31,516,2,r180,H14b_eff6,0.6138004064559937,0.5601272583007812,-0.23794007301330566,-0.0799555778503418,False
D4LensPINN,31,516,2,r180,H15_before_gap,0.6138004064559937,0.5601272583007812,-0.23794007301330566,-0.0799555778503418,False
D4LensPINN,31,516,2,r180,H16_after_gap,0.6138004064559937,0.5601272583007812,-0.23794007301330566,-0.0799555778503418,False
D4LensPINN,31,516,2,r180,H17_pre_linear,0.6138004064559937,0.5601272583007812,-0.23794007301330566,-0.0799555778503418,False
D4LensPINN,31,516,2,r270,H00_preprocess,3.0486505031585693,2.1967453956604004,0.8576276302337646,-1.9321112632751465,False
D4LensPINN,31,516,2,r270,H01_enc1,3.0486505031585693,2.1967453956604004,0.8576276302337646,-1.9321112632751465,False
D4LensPINN,31,516,2,r270,H02_enc2,3.0987355709075928,2.016770362854004,1.0921037197113037,-2.083772659301758,False
D4LensPINN,31,516,2,r270,H03_enc3,1.3682847023010254,-0.7473545074462891,-0.6416277885437012,0.9497251510620117,False
D4LensPINN,31,516,2,r270,H04_bot,1.1917623281478882,-0.6361088752746582,-0.5709056854248047,0.8304996490478516,False
D4LensPINN,31,516,2,r270,H08_kappa_out,3.0486505031585693,2.1967453956604004,0.8576276302337646,-1.9321112632751465,False
D4LensPINN,31,516,2,r270,H09_poisson,0.23154021799564362,-0.13050174713134766,-0.10249769687652588,0.16147565841674805,False
D4LensPINN,31,516,2,r270,H10_deflection,0.23154021799564362,-0.13050174713134766,-0.10249769687652588,0.16147565841674805,False
D4LensPINN,31,516,2,r270,H11_inv_lens,42.91764450073242,-25.56438446044922,-18.63877296447754,28.99970054626465,False
D4LensPINN,31,516,2,r270,H12_HANDOFF,5.29799747467041,4.034149169921875,1.3570464849472046,-3.1548123359680176,False
D4LensPINN,31,516,2,r270,H12b_input_proj,5.29799747467041,4.034149169921875,1.3570464849472046,-3.1548123359680176,False
D4LensPINN,31,516,2,r270,H13_eff3,5.29799747467041,4.034149169921875,1.3570464849472046,-3.1548123359680176,False
D4LensPINN,31,516,2,r270,H13b_eff4,5.29799747467041,4.034149169921875,1.3570464849472046,-3.1548123359680176,False
D4LensPINN,31,516,2,r270,H14_eff5,5.29799747467041,4.034149169921875,1.3570464849472046,-3.1548123359680176,False
D4LensPINN,31,516,2,r270,H14b_eff6,5.29799747467041,4.034149169921875,1.3570464849472046,-3.1548123359680176,False
D4LensPINN,31,516,2,r270,H15_before_gap,5.29799747467041,4.034149169921875,1.3570464849472046,-3.1548123359680176,False
D4LensPINN,31,516,2,r270,H16_after_gap,5.29799747467041,4.034149169921875,1.3570464849472046,-3.1548123359680176,False
D4LensPINN,31,516,2,r270,H17_pre_linear,5.29799747467041,4.034149169921875,1.3570464849472046,-3.1548123359680176,False
D4LensPINN,31,516,2,flip_h,H00_preprocess,4.236812591552734,2.3972959518432617,1.843994140625,-2.9670250415802,False
D4LensPINN,31,516,2,flip_h,H01_enc1,4.236812591552734,2.3972959518432617,1.843994140625,-2.9670250415802,False
D4LensPINN,31,516,2,flip_h,H02_enc2,3.908080577850342,2.1662206649780273,1.7349357604980469,-2.7514686584472656,False
D4LensPINN,31,516,2,flip_h,H03_enc3,0.2577455937862396,-0.014565467834472656,0.18868601322174072,-0.17498064041137695,False
D4LensPINN,31,516,2,flip_h,H04_bot,0.2160353660583496,-0.010643959045410156,0.1584334373474121,-0.14648151397705078,False
D4LensPINN,31,516,2,flip_h,H08_kappa_out,4.236812591552734,2.3972959518432617,1.843994140625,-2.9670250415802,False
D4LensPINN,31,516,2,flip_h,H09_poisson,0.08408810198307037,0.08050537109375,-0.018443822860717773,-0.015796184539794922,False
D4LensPINN,31,516,2,flip_h,H10_deflection,0.08408810198307037,0.08050537109375,-0.018443822860717773,-0.015796184539794922,False
D4LensPINN,31,516,2,flip_h,H11_inv_lens,6.6299238204956055,4.484789848327637,2.3783626556396484,-4.26449728012085,False
D4LensPINN,31,516,2,flip_h,H12_HANDOFF,2.2972161769866943,-2.0809969902038574,-0.11016345024108887,0.9667048454284668,False
D4LensPINN,31,516,2,flip_h,H12b_input_proj,2.2972161769866943,-2.0809969902038574,-0.11016345024108887,0.9667048454284668,False
D4LensPINN,31,516,2,flip_h,H13_eff3,2.2972161769866943,-2.0809969902038574,-0.11016345024108887,0.9667048454284668,False
D4LensPINN,31,516,2,flip_h,H13b_eff4,2.2972161769866943,-2.0809969902038574,-0.11016345024108887,0.9667048454284668,False
D4LensPINN,31,516,2,flip_h,H14_eff5,2.2972161769866943,-2.0809969902038574,-0.11016345024108887,0.9667048454284668,False
D4LensPINN,31,516,2,flip_h,H14b_eff6,2.2972161769866943,-2.0809969902038574,-0.11016345024108887,0.9667048454284668,False
D4LensPINN,31,516,2,flip_h,H15_before_gap,2.2972161769866943,-2.0809969902038574,-0.11016345024108887,0.9667048454284668,False
D4LensPINN,31,516,2,flip_h,H16_after_gap,2.2972161769866943,-2.0809969902038574,-0.11016345024108887,0.9667048454284668,False
D4LensPINN,31,516,2,flip_h,H17_pre_linear,2.2972161769866943,-2.0809969902038574,-0.11016345024108887,0.9667048454284668,False
D4LensPINN,31,516,2,flip_h_r90,H00_preprocess,3.4033069610595703,2.5669803619384766,0.805885374546051,-2.0841445922851562,False
D4LensPINN,31,516,2,flip_h_r90,H01_enc1,3.4033069610595703,2.5669803619384766,0.805885374546051,-2.0841445922851562,False
D4LensPINN,31,516,2,flip_h_r90,H02_enc2,3.548837900161743,2.594531536102295,0.9568042159080505,-2.2242259979248047,False
D4LensPINN,31,516,2,flip_h_r90,H03_enc3,1.5073201656341553,-0.7154021263122559,-0.7816317081451416,1.072038173675537,False
D4LensPINN,31,516,2,flip_h_r90,H04_bot,1.351043701171875,-0.6311941146850586,-0.7076399326324463,0.9623713493347168,False
D4LensPINN,31,516,2,flip_h_r90,H08_kappa_out,3.4033069610595703,2.5669803619384766,0.805885374546051,-2.0841445922851562,False
D4LensPINN,31,516,2,flip_h_r90,H09_poisson,0.22822292149066925,-0.17079639434814453,-0.0605006217956543,0.13875865936279297,False
D4LensPINN,31,516,2,flip_h_r90,H10_deflection,0.22822292149066925,-0.17079639434814453,-0.0605006217956543,0.13875865936279297,False
D4LensPINN,31,516,2,flip_h_r90,H11_inv_lens,41.50823211669922,-24.55931282043457,-18.164846420288086,28.103593826293945,False
D4LensPINN,31,516,2,flip_h_r90,H12_HANDOFF,3.7496390342712402,2.8662519454956055,0.952045738697052,-2.2221617698669434,False
D4LensPINN,31,516,2,flip_h_r90,H12b_input_proj,3.7496390342712402,2.8662519454956055,0.952045738697052,-2.2221617698669434,False
D4LensPINN,31,516,2,flip_h_r90,H13_eff3,3.7496390342712402,2.8662519454956055,0.952045738697052,-2.2221617698669434,False
D4LensPINN,31,516,2,flip_h_r90,H13b_eff4,3.7496390342712402,2.8662519454956055,0.952045738697052,-2.2221617698669434,False
D4LensPINN,31,516,2,flip_h_r90,H14_eff5,3.7496390342712402,2.8662519454956055,0.952045738697052,-2.2221617698669434,False
D4LensPINN,31,516,2,flip_h_r90,H14b_eff6,3.7496390342712402,2.8662519454956055,0.952045738697052,-2.2221617698669434,False
D4LensPINN,31,516,2,flip_h_r90,H15_before_gap,3.7496390342712402,2.8662519454956055,0.952045738697052,-2.2221617698669434,False
D4LensPINN,31,516,2,flip_h_r90,H16_after_gap,3.7496390342712402,2.8662519454956055,0.952045738697052,-2.2221617698669434,False
D4LensPINN,31,516,2,flip_h_r90,H17_pre_linear,3.7496390342712402,2.8662519454956055,0.952045738697052,-2.2221617698669434,False
D4LensPINN,31,516,2,flip_h_r180,H00_preprocess,5.0877180099487305,3.4788506031036377,1.6671440601348877,-3.3170926570892334,False
D4LensPINN,31,516,2,flip_h_r180,H01_enc1,5.0877180099487305,3.4788506031036377,1.6671440601348877,-3.3170926570892334,False
D4LensPINN,31,516,2,flip_h_r180,H02_enc2,4.65802526473999,3.167895793914795,1.5384384393692017,-3.0487446784973145,False
D4LensPINN,31,516,2,flip_h_r180,H03_enc3,0.14871202409267426,0.09342432022094727,0.05202305316925049,-0.1033477783203125,False
D4LensPINN,31,516,2,flip_h_r180,H04_bot,0.1410488784313202,0.07893991470336914,0.05746626853942871,-0.10178852081298828,False
D4LensPINN,31,516,2,flip_h_r180,H08_kappa_out,5.0877180099487305,3.4788506031036377,1.6671440601348877,-3.3170926570892334,False
D4LensPINN,31,516,2,flip_h_r180,H09_poisson,0.1719733476638794,-0.030243873596191406,-0.1129676103591919,0.12608909606933594,False
D4LensPINN,31,516,2,flip_h_r180,H10_deflection,0.1719733476638794,-0.030243873596191406,-0.1129676103591919,0.12608909606933594,False
D4LensPINN,31,516,2,flip_h_r180,H11_inv_lens,5.096706390380859,3.316789150238037,2.0199265480041504,-3.300790786743164,False
D4LensPINN,31,516,2,flip_h_r180,H12_HANDOFF,2.1317381858825684,1.9655828475952148,0.014133453369140625,-0.8249802589416504,False
D4LensPINN,31,516,2,flip_h_r180,H12b_input_proj,2.1317381858825684,1.9655828475952148,0.014133453369140625,-0.8249802589416504,False
D4LensPINN,31,516,2,flip_h_r180,H13_eff3,2.1317381858825684,1.9655828475952148,0.014133453369140625,-0.8249802589416504,False
D4LensPINN,31,516,2,flip_h_r180,H13b_eff4,2.1317381858825684,1.9655828475952148,0.014133453369140625,-0.8249802589416504,False
D4LensPINN,31,516,2,flip_h_r180,H14_eff5,2.1317381858825684,1.9655828475952148,0.014133453369140625,-0.8249802589416504,False
D4LensPINN,31,516,2,flip_h_r180,H14b_eff6,2.1317381858825684,1.9655828475952148,0.014133453369140625,-0.8249802589416504,False
D4LensPINN,31,516,2,flip_h_r180,H15_before_gap,2.1317381858825684,1.9655828475952148,0.014133453369140625,-0.8249802589416504,False
D4LensPINN,31,516,2,flip_h_r180,H16_after_gap,2.1317381858825684,1.9655828475952148,0.014133453369140625,-0.8249802589416504,False
D4LensPINN,31,516,2,flip_h_r180,H17_pre_linear,2.1317381858825684,1.9655828475952148,0.014133453369140625,-0.8249802589416504,False
D4LensPINN,31,516,2,flip_h_r270,H00_preprocess,1.3652408123016357,1.296074390411377,-0.3276345729827881,-0.27700042724609375,False
D4LensPINN,31,516,2,flip_h_r270,H01_enc1,1.3652408123016357,1.296074390411377,-0.3276345729827881,-0.27700042724609375,False
D4LensPINN,31,516,2,flip_h_r270,H02_enc2,1.8603161573410034,1.664900302886963,0.045029401779174805,-0.8287672996520996,False
D4LensPINN,31,516,2,flip_h_r270,H03_enc3,1.3434388637542725,-0.7648544311523438,-0.6001095771789551,0.9271969795227051,False
D4LensPINN,31,516,2,flip_h_r270,H04_bot,1.1669840812683105,-0.6590414047241211,-0.526775598526001,0.8062405586242676,False
D4LensPINN,31,516,2,flip_h_r270,H08_kappa_out,1.3652408123016357,1.296074390411377,-0.3276345729827881,-0.27700042724609375,False
D4LensPINN,31,516,2,flip_h_r270,H09_poisson,0.222275972366333,-0.1691131591796875,-0.05586516857147217,0.13299036026000977,False
D4LensPINN,31,516,2,flip_h_r270,H10_deflection,0.222275972366333,-0.1691131591796875,-0.05586516857147217,0.13299036026000977,False
D4LensPINN,31,516,2,flip_h_r270,H11_inv_lens,41.25147247314453,-24.061481475830078,-18.402128219604492,28.001623153686523,False
D4LensPINN,31,516,2,flip_h_r270,H12_HANDOFF,6.727591514587402,5.137535095214844,1.6248053312301636,-4.02817964553833,False
D4LensPINN,31,516,2,flip_h_r270,H12b_input_proj,6.727591514587402,5.137535095214844,1.6248053312301636,-4.02817964553833,False
D4LensPINN,31,516,2,flip_h_r270,H13_eff3,6.727591514587402,5.137535095214844,1.6248053312301636,-4.02817964553833,False
D4LensPINN,31,516,2,flip_h_r270,H13b_eff4,6.727591514587402,5.137535095214844,1.6248053312301636,-4.02817964553833,False
D4LensPINN,31,516,2,flip_h_r270,H14_eff5,6.727591514587402,5.137535095214844,1.6248053312301636,-4.02817964553833,False
D4LensPINN,31,516,2,flip_h_r270,H14b_eff6,6.727591514587402,5.137535095214844,1.6248053312301636,-4.02817964553833,False
D4LensPINN,31,516,2,flip_h_r270,H15_before_gap,6.727591514587402,5.137535095214844,1.6248053312301636,-4.02817964553833,False
D4LensPINN,31,516,2,flip_h_r270,H16_after_gap,6.727591514587402,5.137535095214844,1.6248053312301636,-4.02817964553833,False
D4LensPINN,31,516,2,flip_h_r270,H17_pre_linear,6.727591514587402,5.137535095214844,1.6248053312301636,-4.02817964553833,False
D4LensPINN,32,546,1,e,H00_preprocess,0.0,0.0,0.0,0.0,False
D4LensPINN,32,546,1,e,H01_enc1,0.0,0.0,0.0,0.0,False
D4LensPINN,32,546,1,e,H02_enc2,0.0,0.0,0.0,0.0,False
D4LensPINN,32,546,1,e,H03_enc3,0.0,0.0,0.0,0.0,False
D4LensPINN,32,546,1,e,H04_bot,0.0,0.0,0.0,0.0,False
D4LensPINN,32,546,1,e,H08_kappa_out,0.0,0.0,0.0,0.0,False
D4LensPINN,32,546,1,e,H09_poisson,0.0,0.0,0.0,0.0,False
D4LensPINN,32,546,1,e,H10_deflection,0.0,0.0,0.0,0.0,False
D4LensPINN,32,546,1,e,H11_inv_lens,0.0,0.0,0.0,0.0,False
D4LensPINN,32,546,1,e,H12_HANDOFF,0.0,0.0,0.0,0.0,False
D4LensPINN,32,546,1,e,H12b_input_proj,0.0,0.0,0.0,0.0,False
D4LensPINN,32,546,1,e,H13_eff3,0.0,0.0,0.0,0.0,False
D4LensPINN,32,546,1,e,H13b_eff4,0.0,0.0,0.0,0.0,False
D4LensPINN,32,546,1,e,H14_eff5,0.0,0.0,0.0,0.0,False
D4LensPINN,32,546,1,e,H14b_eff6,0.0,0.0,0.0,0.0,False
D4LensPINN,32,546,1,e,H15_before_gap,0.0,0.0,0.0,0.0,False
D4LensPINN,32,546,1,e,H16_after_gap,0.0,0.0,0.0,0.0,False
D4LensPINN,32,546,1,e,H17_pre_linear,0.0,0.0,0.0,0.0,False
D4LensPINN,32,546,1,r90,H00_preprocess,4.785619735717773,3.58396577835083,-2.9840307235717773,1.0737342834472656,False
D4LensPINN,32,546,1,r90,H01_enc1,4.785619735717773,3.58396577835083,-2.9840307235717773,1.0737342834472656,False
D4LensPINN,32,546,1,r90,H02_enc2,6.573380470275879,4.530912399291992,-4.331058979034424,1.9804270267486572,False
D4LensPINN,32,546,1,r90,H03_enc3,1.933473825454712,-0.8939156532287598,-0.9298696517944336,1.4403395652770996,False
D4LensPINN,32,546,1,r90,H04_bot,1.7699354887008667,-0.7319722175598145,-0.8998398780822754,1.336853265762329,False
D4LensPINN,32,546,1,r90,H08_kappa_out,4.785619735717773,3.58396577835083,-2.9840307235717773,1.0737342834472656,False
D4LensPINN,32,546,1,r90,H09_poisson,0.6521416902542114,-0.28849315643310547,0.47069740295410156,-0.347137451171875,False
D4LensPINN,32,546,1,r90,H10_deflection,0.6521416902542114,-0.28849315643310547,0.47069740295410156,-0.347137451171875,False
D4LensPINN,32,546,1,r90,H11_inv_lens,46.056358337402344,-19.5484676361084,-25.427078247070312,33.05312728881836,False
D4LensPINN,32,546,1,r90,H12_HANDOFF,6.983125686645508,2.4694390296936035,-5.090109825134277,4.093494892120361,False
D4LensPINN,32,546,1,r90,H12b_input_proj,6.983125686645508,2.4694390296936035,-5.090109825134277,4.093494892120361,False
D4LensPINN,32,546,1,r90,H13_eff3,6.983125686645508,2.4694390296936035,-5.090109825134277,4.093494892120361,False
D4LensPINN,32,546,1,r90,H13b_eff4,6.983125686645508,2.4694390296936035,-5.090109825134277,4.093494892120361,False
D4LensPINN,32,546,1,r90,H14_eff5,6.983125686645508,2.4694390296936035,-5.090109825134277,4.093494892120361,False
D4LensPINN,32,546,1,r90,H14b_eff6,6.983125686645508,2.4694390296936035,-5.090109825134277,4.093494892120361,False
D4LensPINN,32,546,1,r90,H15_before_gap,6.983125686645508,2.4694390296936035,-5.090109825134277,4.093494892120361,False
D4LensPINN,32,546,1,r90,H16_after_gap,6.983125686645508,2.4694390296936035,-5.090109825134277,4.093494892120361,False
D4LensPINN,32,546,1,r90,H17_pre_linear,6.983125686645508,2.4694390296936035,-5.090109825134277,4.093494892120361,False
D4LensPINN,32,546,1,r180,H00_preprocess,8.06525993347168,0.8412294387817383,-5.715004920959473,5.628451824188232,False
D4LensPINN,32,546,1,r180,H01_enc1,8.06525993347168,0.8412294387817383,-5.715004920959473,5.628451824188232,False
D4LensPINN,32,546,1,r180,H02_enc2,9.083547592163086,0.6795053482055664,-6.42035436630249,6.3896918296813965,False
D4LensPINN,32,546,1,r180,H03_enc3,0.8530615568161011,-0.03397655487060547,-0.5287370681762695,0.6685781478881836,False
D4LensPINN,32,546,1,r180,H04_bot,0.6877903938293457,-0.012003898620605469,-0.4320383071899414,0.5350275039672852,False
D4LensPINN,32,546,1,r180,H08_kappa_out,8.06525993347168,0.8412294387817383,-5.715004920959473,5.628451824188232,False
D4LensPINN,32,546,1,r180,H09_poisson,0.24018734693527222,-0.13145923614501953,0.16967391967773438,-0.10779237747192383,False
D4LensPINN,32,546,1,r180,H10_deflection,0.24018734693527222,-0.13145923614501953,0.16967391967773438,-0.10779237747192383,False
D4LensPINN,32,546,1,r180,H11_inv_lens,36.26864242553711,-12.395112991333008,-21.749282836914062,26.243942260742188,False
D4LensPINN,32,546,1,r180,H12_HANDOFF,4.96752405166626,0.15799331665039062,-3.3930773735046387,3.6246871948242188,False
D4LensPINN,32,546,1,r180,H12b_input_proj,4.96752405166626,0.15799331665039062,-3.3930773735046387,3.6246871948242188,False
D4LensPINN,32,546,1,r180,H13_eff3,4.96752405166626,0.15799331665039062,-3.3930773735046387,3.6246871948242188,False
D4LensPINN,32,546,1,r180,H13b_eff4,4.96752405166626,0.15799331665039062,-3.3930773735046387,3.6246871948242188,False
D4LensPINN,32,546,1,r180,H14_eff5,4.96752405166626,0.15799331665039062,-3.3930773735046387,3.6246871948242188,False
D4LensPINN,32,546,1,r180,H14b_eff6,4.96752405166626,0.15799331665039062,-3.3930773735046387,3.6246871948242188,False
D4LensPINN,32,546,1,r180,H15_before_gap,4.96752405166626,0.15799331665039062,-3.3930773735046387,3.6246871948242188,False
D4LensPINN,32,546,1,r180,H16_after_gap,4.96752405166626,0.15799331665039062,-3.3930773735046387,3.6246871948242188,False
D4LensPINN,32,546,1,r180,H17_pre_linear,4.96752405166626,0.15799331665039062,-3.3930773735046387,3.6246871948242188,False
D4LensPINN,32,546,1,r270,H00_preprocess,5.049499034881592,2.0816402435302734,-3.7190017700195312,2.707995891571045,False
D4LensPINN,32,546,1,r270,H01_enc1,5.049499034881592,2.0816402435302734,-3.7190017700195312,2.707995891571045,False
D4LensPINN,32,546,1,r270,H02_enc2,5.354930400848389,1.9376749992370605,-3.957852840423584,3.0423834323883057,False
D4LensPINN,32,546,1,r270,H03_enc3,2.8001620769500732,-0.17433738708496094,-1.8594903945922852,2.086338758468628,False
D4LensPINN,32,546,1,r270,H04_bot,2.245558500289917,-0.23051834106445312,-1.4489226341247559,1.700005054473877,False
D4LensPINN,32,546,1,r270,H08_kappa_out,5.049499034881592,2.0816402435302734,-3.7190017700195312,2.707995891571045,False
D4LensPINN,32,546,1,r270,H09_poisson,0.7542811036109924,-0.4402642250061035,0.5222635269165039,-0.3199191093444824,False
D4LensPINN,32,546,1,r270,H10_deflection,0.7542811036109924,-0.4402642250061035,0.5222635269165039,-0.3199191093444824,False
D4LensPINN,32,546,1,r270,H11_inv_lens,28.848243713378906,-8.187051773071289,-18.093441009521484,20.92416763305664,False
D4LensPINN,32,546,1,r270,H12_HANDOFF,8.865047454833984,2.7169198989868164,-6.489299297332764,5.394108772277832,False
D4LensPINN,32,546,1,r270,H12b_input_proj,8.865047454833984,2.7169198989868164,-6.489299297332764,5.394108772277832,False
D4LensPINN,32,546,1,r270,H13_eff3,8.865047454833984,2.7169198989868164,-6.489299297332764,5.394108772277832,False
D4LensPINN,32,546,1,r270,H13b_eff4,8.865047454833984,2.7169198989868164,-6.489299297332764,5.394108772277832,False
D4LensPINN,32,546,1,r270,H14_eff5,8.865047454833984,2.7169198989868164,-6.489299297332764,5.394108772277832,False
D4LensPINN,32,546,1,r270,H14b_eff6,8.865047454833984,2.7169198989868164,-6.489299297332764,5.394108772277832,False
D4LensPINN,32,546,1,r270,H15_before_gap,8.865047454833984,2.7169198989868164,-6.489299297332764,5.394108772277832,False
D4LensPINN,32,546,1,r270,H16_after_gap,8.865047454833984,2.7169198989868164,-6.489299297332764,5.394108772277832,False
D4LensPINN,32,546,1,r270,H17_pre_linear,8.865047454833984,2.7169198989868164,-6.489299297332764,5.394108772277832,False
D4LensPINN,32,546,1,flip_h,H00_preprocess,4.100318908691406,2.649381637573242,-2.808831214904785,1.3798046112060547,False
D4LensPINN,32,546,1,flip_h,H01_enc1,4.100318908691406,2.649381637573242,-2.808831214904785,1.3798046112060547,False
D4LensPINN,32,546,1,flip_h,H02_enc2,4.760509014129639,2.5059986114501953,-3.433490753173828,2.143258571624756,False
D4LensPINN,32,546,1,flip_h,H03_enc3,0.3175930082798004,-0.2906341552734375,0.0676565170288086,0.1087183952331543,False
D4LensPINN,32,546,1,flip_h,H04_bot,0.3866032361984253,-0.35269880294799805,0.14710330963134766,0.05853414535522461,False
D4LensPINN,32,546,1,flip_h,H08_kappa_out,4.100318908691406,2.649381637573242,-2.808831214904785,1.3798046112060547,False
D4LensPINN,32,546,1,flip_h,H09_poisson,0.33001530170440674,-0.30509376525878906,0.11066532135009766,0.05984210968017578,False
D4LensPINN,32,546,1,flip_h,H10_deflection,0.33001530170440674,-0.30509376525878906,0.11066532135009766,0.05984210968017578,False
D4LensPINN,32,546,1,flip_h,H11_inv_lens,15.642285346984863,3.143195629119873,-11.617039680480957,9.99228572845459,False
D4LensPINN,32,546,1,flip_h,H12_HANDOFF,1.548171877861023,0.030284404754638672,-1.0518856048583984,1.1355419158935547,False
D4LensPINN,32,546,1,flip_h,H12b_input_proj,1.548171877861023,0.030284404754638672,-1.0518856048583984,1.1355419158935547,False
D4LensPINN,32,546,1,flip_h,H13_eff3,1.548171877861023,0.030284404754638672,-1.0518856048583984,1.1355419158935547,False
D4LensPINN,32,546,1,flip_h,H13b_eff4,1.548171877861023,0.030284404754638672,-1.0518856048583984,1.1355419158935547,False
D4LensPINN,32,546,1,flip_h,H14_eff5,1.548171877861023,0.030284404754638672,-1.0518856048583984,1.1355419158935547,False
D4LensPINN,32,546,1,flip_h,H14b_eff6,1.548171877861023,0.030284404754638672,-1.0518856048583984,1.1355419158935547,False
D4LensPINN,32,546,1,flip_h,H15_before_gap,1.548171877861023,0.030284404754638672,-1.0518856048583984,1.1355419158935547,False
D4LensPINN,32,546,1,flip_h,H16_after_gap,1.548171877861023,0.030284404754638672,-1.0518856048583984,1.1355419158935547,False
D4LensPINN,32,546,1,flip_h,H17_pre_linear,1.548171877861023,0.030284404754638672,-1.0518856048583984,1.1355419158935547,False
D4LensPINN,32,546,1,flip_h_r90,H00_preprocess,7.574489116668701,1.7175464630126953,-5.533167839050293,4.879239082336426,False
D4LensPINN,32,546,1,flip_h_r90,H01_enc1,7.574489116668701,1.7175464630126953,-5.533167839050293,4.879239082336426,False
D4LensPINN,32,546,1,flip_h_r90,H02_enc2,7.520205974578857,1.2949771881103516,-5.437431335449219,5.030991077423096,False
D4LensPINN,32,546,1,flip_h_r90,H03_enc3,2.6863114833831787,-0.3838224411010742,-1.7061767578125,2.039095640182495,False
D4LensPINN,32,546,1,flip_h_r90,H04_bot,2.5007150173187256,-0.48320484161376953,-1.5263638496398926,1.921015977859497,False
D4LensPINN,32,546,1,flip_h_r90,H08_kappa_out,7.574489116668701,1.7175464630126953,-5.533167839050293,4.879239082336426,False
D4LensPINN,32,546,1,flip_h_r90,H09_poisson,0.9398207664489746,-0.3663506507873535,0.6789445877075195,-0.5367350578308105,False
D4LensPINN,32,546,1,flip_h_r90,H10_deflection,0.9398207664489746,-0.3663506507873535,0.6789445877075195,-0.5367350578308105,False
D4LensPINN,32,546,1,flip_h_r90,H11_inv_lens,24.209285736083984,-3.936288356781006,-16.329914093017578,17.43355941772461,False
D4LensPINN,32,546,1,flip_h_r90,H12_HANDOFF,6.447377681732178,0.8439726829528809,-4.5955305099487305,4.442689418792725,False
D4LensPINN,32,546,1,flip_h_r90,H12b_input_proj,6.447377681732178,0.8439726829528809,-4.5955305099487305,4.442689418792725,False
D4LensPINN,32,546,1,flip_h_r90,H13_eff3,6.447377681732178,0.8439726829528809,-4.5955305099487305,4.442689418792725,False
D4LensPINN,32,546,1,flip_h_r90,H13b_eff4,6.447377681732178,0.8439726829528809,-4.5955305099487305,4.442689418792725,False
D4LensPINN,32,546,1,flip_h_r90,H14_eff5,6.447377681732178,0.8439726829528809,-4.5955305099487305,4.442689418792725,False
D4LensPINN,32,546,1,flip_h_r90,H14b_eff6,6.447377681732178,0.8439726829528809,-4.5955305099487305,4.442689418792725,False
D4LensPINN,32,546,1,flip_h_r90,H15_before_gap,6.447377681732178,0.8439726829528809,-4.5955305099487305,4.442689418792725,False
D4LensPINN,32,546,1,flip_h_r90,H16_after_gap,6.447377681732178,0.8439726829528809,-4.5955305099487305,4.442689418792725,False
D4LensPINN,32,546,1,flip_h_r90,H17_pre_linear,6.447377681732178,0.8439726829528809,-4.5955305099487305,4.442689418792725,False
D4LensPINN,32,546,1,flip_h_r180,H00_preprocess,5.391218662261963,2.343423843383789,-3.8518476486206055,2.955820322036743,False
D4LensPINN,32,546,1,flip_h_r180,H01_enc1,5.391218662261963,2.343423843383789,-3.8518476486206055,2.955820322036743,False
D4LensPINN,32,546,1,flip_h_r180,H02_enc2,5.780416011810303,1.7958669662475586,-4.167903900146484,3.5800342559814453,False
D4LensPINN,32,546,1,flip_h_r180,H03_enc3,1.5277124643325806,0.7681035995483398,-1.0767736434936523,0.7645134925842285,False
D4LensPINN,32,546,1,flip_h_r180,H04_bot,1.2997523546218872,0.7069988250732422,-0.9066271781921387,0.6062474250793457,False
D4LensPINN,32,546,1,flip_h_r180,H08_kappa_out,5.391218662261963,2.343423843383789,-3.8518476486206055,2.955820322036743,False
D4LensPINN,32,546,1,flip_h_r180,H09_poisson,0.23341013491153717,0.2183237075805664,-0.06027507781982422,-0.05640888214111328,False
D4LensPINN,32,546,1,flip_h_r180,H10_deflection,0.23341013491153717,0.2183237075805664,-0.06027507781982422,-0.05640888214111328,False
D4LensPINN,32,546,1,flip_h_r180,H11_inv_lens,29.08099365234375,-6.844003200531006,-18.499065399169922,21.36933135986328,False
D4LensPINN,32,546,1,flip_h_r180,H12_HANDOFF,1.285658597946167,0.1469097137451172,-0.8882379531860352,0.9178066253662109,False
D4LensPINN,32,546,1,flip_h_r180,H12b_input_proj,1.285658597946167,0.1469097137451172,-0.8882379531860352,0.9178066253662109,False
D4LensPINN,32,546,1,flip_h_r180,H13_eff3,1.285658597946167,0.1469097137451172,-0.8882379531860352,0.9178066253662109,False
D4LensPINN,32,546,1,flip_h_r180,H13b_eff4,1.285658597946167,0.1469097137451172,-0.8882379531860352,0.9178066253662109,False
D4LensPINN,32,546,1,flip_h_r180,H14_eff5,1.285658597946167,0.1469097137451172,-0.8882379531860352,0.9178066253662109,False
D4LensPINN,32,546,1,flip_h_r180,H14b_eff6,1.285658597946167,0.1469097137451172,-0.8882379531860352,0.9178066253662109,False
D4LensPINN,32,546,1,flip_h_r180,H15_before_gap,1.285658597946167,0.1469097137451172,-0.8882379531860352,0.9178066253662109,False
D4LensPINN,32,546,1,flip_h_r180,H16_after_gap,1.285658597946167,0.1469097137451172,-0.8882379531860352,0.9178066253662109,False
D4LensPINN,32,546,1,flip_h_r180,H17_pre_linear,1.285658597946167,0.1469097137451172,-0.8882379531860352,0.9178066253662109,False
D4LensPINN,32,546,1,flip_h_r270,H00_preprocess,6.864343166351318,2.6715750694274902,-5.042641639709473,3.8149261474609375,False
D4LensPINN,32,546,1,flip_h_r270,H01_enc1,6.864343166351318,2.6715750694274902,-5.042641639709473,3.8149261474609375,False
D4LensPINN,32,546,1,flip_h_r270,H02_enc2,8.204763412475586,3.5294573307037354,-5.984561920166016,4.364182949066162,False
D4LensPINN,32,546,1,flip_h_r270,H03_enc3,2.5378804206848145,-0.9980740547180176,-1.3189244270324707,1.9248695373535156,False
D4LensPINN,32,546,1,flip_h_r270,H04_bot,2.1385726928710938,-0.9432673454284668,-1.0397992134094238,1.6132442951202393,False
D4LensPINN,32,546,1,flip_h_r270,H08_kappa_out,6.864343166351318,2.6715750694274902,-5.042641639709473,3.8149261474609375,False
D4LensPINN,32,546,1,flip_h_r270,H09_poisson,0.9182655215263367,-0.4315462112426758,0.6562461853027344,-0.47573137283325195,False
D4LensPINN,32,546,1,flip_h_r270,H10_deflection,0.9182655215263367,-0.4315462112426758,0.6562461853027344,-0.47573137283325195,False
D4LensPINN,32,546,1,flip_h_r270,H11_inv_lens,48.431121826171875,-21.702116012573242,-25.933000564575195,34.6708984375,False
D4LensPINN,32,546,1,flip_h_r270,H12_HANDOFF,12.393948554992676,1.28472900390625,-8.950464248657227,8.476356506347656,False
D4LensPINN,32,546,1,flip_h_r270,H12b_input_proj,12.393948554992676,1.28472900390625,-8.950464248657227,8.476356506347656,False
D4LensPINN,32,546,1,flip_h_r270,H13_eff3,12.393948554992676,1.28472900390625,-8.950464248657227,8.476356506347656,False
D4LensPINN,32,546,1,flip_h_r270,H13b_eff4,12.393948554992676,1.28472900390625,-8.950464248657227,8.476356506347656,False
D4LensPINN,32,546,1,flip_h_r270,H14_eff5,12.393948554992676,1.28472900390625,-8.950464248657227,8.476356506347656,False
D4LensPINN,32,546,1,flip_h_r270,H14b_eff6,12.393948554992676,1.28472900390625,-8.950464248657227,8.476356506347656,False
D4LensPINN,32,546,1,flip_h_r270,H15_before_gap,12.393948554992676,1.28472900390625,-8.950464248657227,8.476356506347656,False
D4LensPINN,32,546,1,flip_h_r270,H16_after_gap,12.393948554992676,1.28472900390625,-8.950464248657227,8.476356506347656,False
D4LensPINN,32,546,1,flip_h_r270,H17_pre_linear,12.393948554992676,1.28472900390625,-8.950464248657227,8.476356506347656,False
D4LensPINN,33,565,0,e,H00_preprocess,0.0,0.0,0.0,0.0,False
D4LensPINN,33,565,0,e,H01_enc1,0.0,0.0,0.0,0.0,False
D4LensPINN,33,565,0,e,H02_enc2,0.0,0.0,0.0,0.0,False
D4LensPINN,33,565,0,e,H03_enc3,0.0,0.0,0.0,0.0,False
D4LensPINN,33,565,0,e,H04_bot,0.0,0.0,0.0,0.0,False
D4LensPINN,33,565,0,e,H08_kappa_out,0.0,0.0,0.0,0.0,False
D4LensPINN,33,565,0,e,H09_poisson,0.0,0.0,0.0,0.0,False
D4LensPINN,33,565,0,e,H10_deflection,0.0,0.0,0.0,0.0,False
D4LensPINN,33,565,0,e,H11_inv_lens,0.0,0.0,0.0,0.0,False
D4LensPINN,33,565,0,e,H12_HANDOFF,0.0,0.0,0.0,0.0,False
D4LensPINN,33,565,0,e,H12b_input_proj,0.0,0.0,0.0,0.0,False
D4LensPINN,33,565,0,e,H13_eff3,0.0,0.0,0.0,0.0,False
D4LensPINN,33,565,0,e,H13b_eff4,0.0,0.0,0.0,0.0,False
D4LensPINN,33,565,0,e,H14_eff5,0.0,0.0,0.0,0.0,False
D4LensPINN,33,565,0,e,H14b_eff6,0.0,0.0,0.0,0.0,False
D4LensPINN,33,565,0,e,H15_before_gap,0.0,0.0,0.0,0.0,False
D4LensPINN,33,565,0,e,H16_after_gap,0.0,0.0,0.0,0.0,False
D4LensPINN,33,565,0,e,H17_pre_linear,0.0,0.0,0.0,0.0,False
D4LensPINN,33,565,0,r90,H00_preprocess,0.3647797405719757,0.23665571212768555,-0.008035600185394287,-0.277477502822876,False
D4LensPINN,33,565,0,r90,H01_enc1,0.3647797405719757,0.23665571212768555,-0.008035600185394287,-0.277477502822876,False
D4LensPINN,33,565,0,r90,H02_enc2,0.3710405230522156,0.26757144927978516,-0.07855188846588135,-0.24475741386413574,False
D4LensPINN,33,565,0,r90,H03_enc3,1.4480286836624146,-1.0617597103118896,0.42723381519317627,0.8870878219604492,False
D4LensPINN,33,565,0,r90,H04_bot,1.4812748432159424,-1.0748720169067383,0.38922062516212463,0.9419832229614258,False
D4LensPINN,33,565,0,r90,H08_kappa_out,0.3647797405719757,0.23665571212768555,-0.008035600185394287,-0.277477502822876,False
D4LensPINN,33,565,0,r90,H09_poisson,0.012636042200028896,0.007771492004394531,-0.009799480438232422,0.0018010139465332031,False
D4LensPINN,33,565,0,r90,H10_deflection,0.012636042200028896,0.007771492004394531,-0.009799480438232422,0.0018010139465332031,False
D4LensPINN,33,565,0,r90,H11_inv_lens,41.19102478027344,-28.271886825561523,-12.996234893798828,26.990718841552734,False
D4LensPINN,33,565,0,r90,H12_HANDOFF,4.501883506774902,-2.844729423522949,-0.16203689575195312,3.485429048538208,False
D4LensPINN,33,565,0,r90,H12b_input_proj,4.501883506774902,-2.844729423522949,-0.16203689575195312,3.485429048538208,False
D4LensPINN,33,565,0,r90,H13_eff3,4.501883506774902,-2.844729423522949,-0.16203689575195312,3.485429048538208,False
D4LensPINN,33,565,0,r90,H13b_eff4,4.501883506774902,-2.844729423522949,-0.16203689575195312,3.485429048538208,False
D4LensPINN,33,565,0,r90,H14_eff5,4.501883506774902,-2.844729423522949,-0.16203689575195312,3.485429048538208,False
D4LensPINN,33,565,0,r90,H14b_eff6,4.501883506774902,-2.844729423522949,-0.16203689575195312,3.485429048538208,False
D4LensPINN,33,565,0,r90,H15_before_gap,4.501883506774902,-2.844729423522949,-0.16203689575195312,3.485429048538208,False
D4LensPINN,33,565,0,r90,H16_after_gap,4.501883506774902,-2.844729423522949,-0.16203689575195312,3.485429048538208,False
D4LensPINN,33,565,0,r90,H17_pre_linear,4.501883506774902,-2.844729423522949,-0.16203689575195312,3.485429048538208,False
D4LensPINN,33,565,0,r180,H00_preprocess,0.5653297901153564,0.4126315116882324,-0.3285059928894043,-0.20351123809814453,False
D4LensPINN,33,565,0,r180,H01_enc1,0.5653297901153564,0.4126315116882324,-0.3285059928894043,-0.20351123809814453,False
D4LensPINN,33,565,0,r180,H02_enc2,0.6270014643669128,0.4627389907836914,-0.26227957010269165,-0.3319833278656006,False
D4LensPINN,33,565,0,r180,H03_enc3,0.34185776114463806,-0.2552814483642578,0.17716830968856812,0.14251136779785156,False
D4LensPINN,33,565,0,r180,H04_bot,0.230878084897995,-0.1718902587890625,0.10053431987762451,0.11683869361877441,False
D4LensPINN,33,565,0,r180,H08_kappa_out,0.5653297901153564,0.4126315116882324,-0.3285059928894043,-0.20351123809814453,False
D4LensPINN,33,565,0,r180,H09_poisson,0.07373949885368347,-0.026697635650634766,-0.024444758892059326,0.06424331665039062,False
D4LensPINN,33,565,0,r180,H10_deflection,0.07373949885368347,-0.026697635650634766,-0.024444758892059326,0.06424331665039062,False
D4LensPINN,33,565,0,r180,H11_inv_lens,17.590181350708008,-12.727968215942383,-4.1178131103515625,11.421772956848145,False
D4LensPINN,33,565,0,r180,H12_HANDOFF,1.4514185190200806,-0.943784236907959,0.11974900960922241,1.0961511135101318,False
D4LensPINN,33,565,0,r180,H12b_input_proj,1.4514185190200806,-0.943784236907959,0.11974900960922241,1.0961511135101318,False
D4LensPINN,33,565,0,r180,H13_eff3,1.4514185190200806,-0.943784236907959,0.11974900960922241,1.0961511135101318,False
D4LensPINN,33,565,0,r180,H13b_eff4,1.4514185190200806,-0.943784236907959,0.11974900960922241,1.0961511135101318,False
D4LensPINN,33,565,0,r180,H14_eff5,1.4514185190200806,-0.943784236907959,0.11974900960922241,1.0961511135101318,False
D4LensPINN,33,565,0,r180,H14b_eff6,1.4514185190200806,-0.943784236907959,0.11974900960922241,1.0961511135101318,False
D4LensPINN,33,565,0,r180,H15_before_gap,1.4514185190200806,-0.943784236907959,0.11974900960922241,1.0961511135101318,False
D4LensPINN,33,565,0,r180,H16_after_gap,1.4514185190200806,-0.943784236907959,0.11974900960922241,1.0961511135101318,False
D4LensPINN,33,565,0,r180,H17_pre_linear,1.4514185190200806,-0.943784236907959,0.11974900960922241,1.0961511135101318,False
D4LensPINN,33,565,0,r270,H00_preprocess,1.0987995862960815,0.8051161766052246,-0.31864190101623535,-0.6764731407165527,False
D4LensPINN,33,565,0,r270,H01_enc1,1.0987995862960815,0.8051161766052246,-0.31864190101623535,-0.6764731407165527,False
D4LensPINN,33,565,0,r270,H02_enc2,0.8957092761993408,0.6453394889831543,-0.21819323301315308,-0.5815701484680176,False
D4LensPINN,33,565,0,r270,H03_enc3,1.655251383781433,-1.3195617198944092,0.7231581807136536,0.6896781921386719,False
D4LensPINN,33,565,0,r270,H04_bot,1.3790687322616577,-1.0699355602264404,0.5174932479858398,0.6994776725769043,False
D4LensPINN,33,565,0,r270,H08_kappa_out,1.0987995862960815,0.8051161766052246,-0.31864190101623535,-0.6764731407165527,False
D4LensPINN,33,565,0,r270,H09_poisson,0.1329413503408432,0.09490728378295898,-0.028301477432250977,-0.0886850357055664,False
D4LensPINN,33,565,0,r270,H10_deflection,0.1329413503408432,0.09490728378295898,-0.028301477432250977,-0.0886850357055664,False
D4LensPINN,33,565,0,r270,H11_inv_lens,19.191390991210938,-12.807304382324219,-5.483818054199219,13.198869705200195,False
D4LensPINN,33,565,0,r270,H12_HANDOFF,6.190953731536865,-4.0417561531066895,-0.550957202911377,4.657097816467285,False
D4LensPINN,33,565,0,r270,H12b_input_proj,6.190953731536865,-4.0417561531066895,-0.550957202911377,4.657097816467285,False
D4LensPINN,33,565,0,r270,H13_eff3,6.190953731536865,-4.0417561531066895,-0.550957202911377,4.657097816467285,False
D4LensPINN,33,565,0,r270,H13b_eff4,6.190953731536865,-4.0417561531066895,-0.550957202911377,4.657097816467285,False
D4LensPINN,33,565,0,r270,H14_eff5,6.190953731536865,-4.0417561531066895,-0.550957202911377,4.657097816467285,False
D4LensPINN,33,565,0,r270,H14b_eff6,6.190953731536865,-4.0417561531066895,-0.550957202911377,4.657097816467285,False
D4LensPINN,33,565,0,r270,H15_before_gap,6.190953731536865,-4.0417561531066895,-0.550957202911377,4.657097816467285,False
D4LensPINN,33,565,0,r270,H16_after_gap,6.190953731536865,-4.0417561531066895,-0.550957202911377,4.657097816467285,False
D4LensPINN,33,565,0,r270,H17_pre_linear,6.190953731536865,-4.0417561531066895,-0.550957202911377,4.657097816467285,False
D4LensPINN,33,565,0,flip_h,H00_preprocess,2.6766531467437744,-2.067110061645508,0.254171758890152,1.6813459396362305,False
D4LensPINN,33,565,0,flip_h,H01_enc1,2.6766531467437744,-2.067110061645508,0.254171758890152,1.6813459396362305,False
D4LensPINN,33,565,0,flip_h,H02_enc2,3.433759927749634,-2.509878635406494,-0.13110440969467163,2.3396639823913574,False
D4LensPINN,33,565,0,flip_h,H03_enc3,0.1547442525625229,-0.1071319580078125,0.046577513217926025,0.10148429870605469,False
D4LensPINN,33,565,0,flip_h,H04_bot,0.09848298132419586,-0.050136566162109375,-0.008998692035675049,0.08428668975830078,False
D4LensPINN,33,565,0,flip_h,H08_kappa_out,2.6766531467437744,-2.067110061645508,0.254171758890152,1.6813459396362305,False
D4LensPINN,33,565,0,flip_h,H09_poisson,0.020013531669974327,-0.010066986083984375,0.0003300905227661133,0.01729416847229004,False
D4LensPINN,33,565,0,flip_h,H10_deflection,0.020013531669974327,-0.010066986083984375,0.0003300905227661133,0.01729416847229004,False
D4LensPINN,33,565,0,flip_h,H11_inv_lens,19.793872833251953,-14.385477066040039,-4.712810516357422,12.753230094909668,False
D4LensPINN,33,565,0,flip_h,H12_HANDOFF,0.7670086622238159,-0.5704751014709473,0.3449845612049103,0.3792705535888672,False
D4LensPINN,33,565,0,flip_h,H12b_input_proj,0.7670086622238159,-0.5704751014709473,0.3449845612049103,0.3792705535888672,False
D4LensPINN,33,565,0,flip_h,H13_eff3,0.7670086622238159,-0.5704751014709473,0.3449845612049103,0.3792705535888672,False
D4LensPINN,33,565,0,flip_h,H13b_eff4,0.7670086622238159,-0.5704751014709473,0.3449845612049103,0.3792705535888672,False
D4LensPINN,33,565,0,flip_h,H14_eff5,0.7670086622238159,-0.5704751014709473,0.3449845612049103,0.3792705535888672,False
D4LensPINN,33,565,0,flip_h,H14b_eff6,0.7670086622238159,-0.5704751014709473,0.3449845612049103,0.3792705535888672,False
D4LensPINN,33,565,0,flip_h,H15_before_gap,0.7670086622238159,-0.5704751014709473,0.3449845612049103,0.3792705535888672,False
D4LensPINN,33,565,0,flip_h,H16_after_gap,0.7670086622238159,-0.5704751014709473,0.3449845612049103,0.3792705535888672,False
D4LensPINN,33,565,0,flip_h,H17_pre_linear,0.7670086622238159,-0.5704751014709473,0.3449845612049103,0.3792705535888672,False
D4LensPINN,33,565,0,flip_h_r90,H00_preprocess,0.6932587027549744,0.43803882598876953,-0.009777963161468506,-0.5372467041015625,False
D4LensPINN,33,565,0,flip_h_r90,H01_enc1,0.6932587027549744,0.43803882598876953,-0.009777963161468506,-0.5372467041015625,False
D4LensPINN,33,565,0,flip_h_r90,H02_enc2,0.5130755305290222,0.38622188568115234,-0.26990050077438354,-0.20305871963500977,False
D4LensPINN,33,565,0,flip_h_r90,H03_enc3,0.8699425458908081,-0.6687350273132324,0.41872966289520264,0.36641359329223633,False
D4LensPINN,33,565,0,flip_h_r90,H04_bot,1.0790685415267944,-0.8235445022583008,0.413038969039917,0.5617492198944092,False
D4LensPINN,33,565,0,flip_h_r90,H08_kappa_out,0.6932587027549744,0.43803882598876953,-0.009777963161468506,-0.5372467041015625,False
D4LensPINN,33,565,0,flip_h_r90,H09_poisson,0.07830110192298889,0.04091167449951172,0.015245139598846436,-0.06499910354614258,False
D4LensPINN,33,565,0,flip_h_r90,H10_deflection,0.07830110192298889,0.04091167449951172,0.015245139598846436,-0.06499910354614258,False
D4LensPINN,33,565,0,flip_h_r90,H11_inv_lens,15.70604419708252,-10.602920532226562,-3.9745664596557617,10.883966445922852,False
D4LensPINN,33,565,0,flip_h_r90,H12_HANDOFF,6.7049880027771,-4.2690839767456055,-0.8878726959228516,5.093473434448242,False
D4LensPINN,33,565,0,flip_h_r90,H12b_input_proj,6.7049880027771,-4.2690839767456055,-0.8878726959228516,5.093473434448242,False
D4LensPINN,33,565,0,flip_h_r90,H13_eff3,6.7049880027771,-4.2690839767456055,-0.8878726959228516,5.093473434448242,False
D4LensPINN,33,565,0,flip_h_r90,H13b_eff4,6.7049880027771,-4.2690839767456055,-0.8878726959228516,5.093473434448242,False
D4LensPINN,33,565,0,flip_h_r90,H14_eff5,6.7049880027771,-4.2690839767456055,-0.8878726959228516,5.093473434448242,False
D4LensPINN,33,565,0,flip_h_r90,H14b_eff6,6.7049880027771,-4.2690839767456055,-0.8878726959228516,5.093473434448242,False
D4LensPINN,33,565,0,flip_h_r90,H15_before_gap,6.7049880027771,-4.2690839767456055,-0.8878726959228516,5.093473434448242,False
D4LensPINN,33,565,0,flip_h_r90,H16_after_gap,6.7049880027771,-4.2690839767456055,-0.8878726959228516,5.093473434448242,False
D4LensPINN,33,565,0,flip_h_r90,H17_pre_linear,6.7049880027771,-4.2690839767456055,-0.8878726959228516,5.093473434448242,False
D4LensPINN,33,565,0,flip_h_r180,H00_preprocess,0.5394032597541809,0.3361506462097168,-0.42183321714401245,0.003919124603271484,False
D4LensPINN,33,565,0,flip_h_r180,H01_enc1,0.5394032597541809,0.3361506462097168,-0.42183321714401245,0.003919124603271484,False
D4LensPINN,33,565,0,flip_h_r180,H02_enc2,0.5988233089447021,0.36567163467407227,-0.47365593910217285,0.022883176803588867,False
D4LensPINN,33,565,0,flip_h_r180,H03_enc3,0.07640984654426575,0.015588760375976562,0.040904223918914795,-0.06262826919555664,False
D4LensPINN,33,565,0,flip_h_r180,H04_bot,0.02118438109755516,0.014506816864013672,-0.0034185051918029785,-0.015054702758789062,False
D4LensPINN,33,565,0,flip_h_r180,H08_kappa_out,0.5394032597541809,0.3361506462097168,-0.42183321714401245,0.003919124603271484,False
D4LensPINN,33,565,0,flip_h_r180,H09_poisson,0.04515114426612854,-0.026031494140625,0.03664112091064453,-0.0042912960052490234,False
D4LensPINN,33,565,0,flip_h_r180,H10_deflection,0.04515114426612854,-0.026031494140625,0.03664112091064453,-0.0042912960052490234,False
D4LensPINN,33,565,0,flip_h_r180,H11_inv_lens,10.009932518005371,-7.54691743850708,-0.7454700469970703,6.533534049987793,False
D4LensPINN,33,565,0,flip_h_r180,H12_HANDOFF,0.17538495361804962,0.12635040283203125,-0.11359184980392456,-0.04350113868713379,False
D4LensPINN,33,565,0,flip_h_r180,H12b_input_proj,0.17538495361804962,0.12635040283203125,-0.11359184980392456,-0.04350113868713379,False
D4LensPINN,33,565,0,flip_h_r180,H13_eff3,0.17538495361804962,0.12635040283203125,-0.11359184980392456,-0.04350113868713379,False
D4LensPINN,33,565,0,flip_h_r180,H13b_eff4,0.17538495361804962,0.12635040283203125,-0.11359184980392456,-0.04350113868713379,False
D4LensPINN,33,565,0,flip_h_r180,H14_eff5,0.17538495361804962,0.12635040283203125,-0.11359184980392456,-0.04350113868713379,False
D4LensPINN,33,565,0,flip_h_r180,H14b_eff6,0.17538495361804962,0.12635040283203125,-0.11359184980392456,-0.04350113868713379,False
D4LensPINN,33,565,0,flip_h_r180,H15_before_gap,0.17538495361804962,0.12635040283203125,-0.11359184980392456,-0.04350113868713379,False
D4LensPINN,33,565,0,flip_h_r180,H16_after_gap,0.17538495361804962,0.12635040283203125,-0.11359184980392456,-0.04350113868713379,False
D4LensPINN,33,565,0,flip_h_r180,H17_pre_linear,0.17538495361804962,0.12635040283203125,-0.11359184980392456,-0.04350113868713379,False
D4LensPINN,33,565,0,flip_h_r270,H00_preprocess,0.1775432676076889,7.390975952148438e-05,0.11333882808685303,-0.13665986061096191,False
D4LensPINN,33,565,0,flip_h_r270,H01_enc1,0.1775432676076889,7.390975952148438e-05,0.11333882808685303,-0.13665986061096191,False
D4LensPINN,33,565,0,flip_h_r270,H02_enc2,0.1336105614900589,-0.02242279052734375,0.10172271728515625,-0.08367490768432617,False
D4LensPINN,33,565,0,flip_h_r270,H03_enc3,1.9901342391967773,-1.50091552734375,0.6556546688079834,1.130488395690918,False
D4LensPINN,33,565,0,flip_h_r270,H04_bot,1.78528892993927,-1.3267321586608887,0.537358820438385,1.066903829574585,False
D4LensPINN,33,565,0,flip_h_r270,H08_kappa_out,0.1775432676076889,7.390975952148438e-05,0.11333882808685303,-0.13665986061096191,False
D4LensPINN,33,565,0,flip_h_r270,H09_poisson,0.0870075598359108,0.06166982650756836,-0.059115469455718994,-0.016507863998413086,False
D4LensPINN,33,565,0,flip_h_r270,H10_deflection,0.0870075598359108,0.06166982650756836,-0.059115469455718994,-0.016507863998413086,False
D4LensPINN,33,565,0,flip_h_r270,H11_inv_lens,44.7917594909668,-30.263154983520508,-14.761483192443848,29.538820266723633,False
D4LensPINN,33,565,0,flip_h_r270,H12_HANDOFF,9.262155532836914,-6.60128116607666,-1.0829678773880005,6.406074523925781,False
D4LensPINN,33,565,0,flip_h_r270,H12b_input_proj,9.262155532836914,-6.60128116607666,-1.0829678773880005,6.406074523925781,False
D4LensPINN,33,565,0,flip_h_r270,H13_eff3,9.262155532836914,-6.60128116607666,-1.0829678773880005,6.406074523925781,False
D4LensPINN,33,565,0,flip_h_r270,H13b_eff4,9.262155532836914,-6.60128116607666,-1.0829678773880005,6.406074523925781,False
D4LensPINN,33,565,0,flip_h_r270,H14_eff5,9.262155532836914,-6.60128116607666,-1.0829678773880005,6.406074523925781,False
D4LensPINN,33,565,0,flip_h_r270,H14b_eff6,9.262155532836914,-6.60128116607666,-1.0829678773880005,6.406074523925781,False
D4LensPINN,33,565,0,flip_h_r270,H15_before_gap,9.262155532836914,-6.60128116607666,-1.0829678773880005,6.406074523925781,False
D4LensPINN,33,565,0,flip_h_r270,H16_after_gap,9.262155532836914,-6.60128116607666,-1.0829678773880005,6.406074523925781,False
D4LensPINN,33,565,0,flip_h_r270,H17_pre_linear,9.262155532836914,-6.60128116607666,-1.0829678773880005,6.406074523925781,False
D4LensPINN,34,575,1,e,H00_preprocess,0.0,0.0,0.0,0.0,False
D4LensPINN,34,575,1,e,H01_enc1,0.0,0.0,0.0,0.0,False
D4LensPINN,34,575,1,e,H02_enc2,0.0,0.0,0.0,0.0,False
D4LensPINN,34,575,1,e,H03_enc3,0.0,0.0,0.0,0.0,False
D4LensPINN,34,575,1,e,H04_bot,0.0,0.0,0.0,0.0,False
D4LensPINN,34,575,1,e,H08_kappa_out,0.0,0.0,0.0,0.0,False
D4LensPINN,34,575,1,e,H09_poisson,0.0,0.0,0.0,0.0,False
D4LensPINN,34,575,1,e,H10_deflection,0.0,0.0,0.0,0.0,False
D4LensPINN,34,575,1,e,H11_inv_lens,0.0,0.0,0.0,0.0,False
D4LensPINN,34,575,1,e,H12_HANDOFF,0.0,0.0,0.0,0.0,False
D4LensPINN,34,575,1,e,H12b_input_proj,0.0,0.0,0.0,0.0,False
D4LensPINN,34,575,1,e,H13_eff3,0.0,0.0,0.0,0.0,False
D4LensPINN,34,575,1,e,H13b_eff4,0.0,0.0,0.0,0.0,False
D4LensPINN,34,575,1,e,H14_eff5,0.0,0.0,0.0,0.0,False
D4LensPINN,34,575,1,e,H14b_eff6,0.0,0.0,0.0,0.0,False
D4LensPINN,34,575,1,e,H15_before_gap,0.0,0.0,0.0,0.0,False
D4LensPINN,34,575,1,e,H16_after_gap,0.0,0.0,0.0,0.0,False
D4LensPINN,34,575,1,e,H17_pre_linear,0.0,0.0,0.0,0.0,False
D4LensPINN,34,575,1,r90,H00_preprocess,2.3257625102996826,1.875101089477539,-1.1634421348571777,-0.7345542907714844,False
D4LensPINN,34,575,1,r90,H01_enc1,2.3257625102996826,1.875101089477539,-1.1634421348571777,-0.7345542907714844,False
D4LensPINN,34,575,1,r90,H02_enc2,1.8694838285446167,1.375701904296875,-1.2639575004577637,-0.0694659948348999,False
D4LensPINN,34,575,1,r90,H03_enc3,4.449302673339844,-4.177292823791504,0.9831780195236206,1.1746824979782104,False
D4LensPINN,34,575,1,r90,H04_bot,3.8299999237060547,-3.567941904067993,0.6422483921051025,1.2353969812393188,False
D4LensPINN,34,575,1,r90,H08_kappa_out,2.3257625102996826,1.875101089477539,-1.1634421348571777,-0.7345542907714844,False
D4LensPINN,34,575,1,r90,H09_poisson,0.3931393325328827,0.3441200256347656,-0.08459079265594482,-0.1702479124069214,False
D4LensPINN,34,575,1,r90,H10_deflection,0.3931393325328827,0.3441200256347656,-0.08459079265594482,-0.1702479124069214,False
D4LensPINN,34,575,1,r90,H11_inv_lens,14.572901725769043,-8.569962501525879,-5.952798366546631,10.1729736328125,False
D4LensPINN,34,575,1,r90,H12_HANDOFF,5.0424652099609375,-2.8790791034698486,-1.9766665697097778,3.637327194213867,False
D4LensPINN,34,575,1,r90,H12b_input_proj,5.0424652099609375,-2.8790791034698486,-1.9766665697097778,3.637327194213867,False
D4LensPINN,34,575,1,r90,H13_eff3,5.0424652099609375,-2.8790791034698486,-1.9766665697097778,3.637327194213867,False
D4LensPINN,34,575,1,r90,H13b_eff4,5.0424652099609375,-2.8790791034698486,-1.9766665697097778,3.637327194213867,False
D4LensPINN,34,575,1,r90,H14_eff5,5.0424652099609375,-2.8790791034698486,-1.9766665697097778,3.637327194213867,False
D4LensPINN,34,575,1,r90,H14b_eff6,5.0424652099609375,-2.8790791034698486,-1.9766665697097778,3.637327194213867,False
D4LensPINN,34,575,1,r90,H15_before_gap,5.0424652099609375,-2.8790791034698486,-1.9766665697097778,3.637327194213867,False
D4LensPINN,34,575,1,r90,H16_after_gap,5.0424652099609375,-2.8790791034698486,-1.9766665697097778,3.637327194213867,False
D4LensPINN,34,575,1,r90,H17_pre_linear,5.0424652099609375,-2.8790791034698486,-1.9766665697097778,3.637327194213867,False
D4LensPINN,34,575,1,r180,H00_preprocess,2.023627281188965,-1.915785789489746,0.39227187633514404,0.5205329656600952,False
D4LensPINN,34,575,1,r180,H01_enc1,2.023627281188965,-1.915785789489746,0.39227187633514404,0.5205329656600952,False
D4LensPINN,34,575,1,r180,H02_enc2,0.8586875796318054,-0.7597236633300781,-0.043843626976013184,0.39779651165008545,False
D4LensPINN,34,575,1,r180,H03_enc3,2.1882505416870117,-2.0494396686553955,0.5113707780838013,0.5716097354888916,False
D4LensPINN,34,575,1,r180,H04_bot,1.4733144044876099,-1.3266099691390991,0.6408683061599731,0.007026553153991699,False
D4LensPINN,34,575,1,r180,H08_kappa_out,2.023627281188965,-1.915785789489746,0.39227187633514404,0.5205329656600952,False
D4LensPINN,34,575,1,r180,H09_poisson,0.51285719871521,0.4487802982330322,-0.20855480432510376,-0.13462412357330322,False
D4LensPINN,34,575,1,r180,H10_deflection,0.51285719871521,0.4487802982330322,-0.20855480432510376,-0.13462412357330322,False
D4LensPINN,34,575,1,r180,H11_inv_lens,17.470401763916016,-10.722769737243652,-6.8719305992126465,11.95883560180664,False
D4LensPINN,34,575,1,r180,H12_HANDOFF,2.5502846240997314,2.0475733280181885,-0.7831661105155945,-1.303091049194336,False
D4LensPINN,34,575,1,r180,H12b_input_proj,2.5502846240997314,2.0475733280181885,-0.7831661105155945,-1.303091049194336,False
D4LensPINN,34,575,1,r180,H13_eff3,2.5502846240997314,2.0475733280181885,-0.7831661105155945,-1.303091049194336,False
D4LensPINN,34,575,1,r180,H13b_eff4,2.5502846240997314,2.0475733280181885,-0.7831661105155945,-1.303091049194336,False
D4LensPINN,34,575,1,r180,H14_eff5,2.5502846240997314,2.0475733280181885,-0.7831661105155945,-1.303091049194336,False
D4LensPINN,34,575,1,r180,H14b_eff6,2.5502846240997314,2.0475733280181885,-0.7831661105155945,-1.303091049194336,False
D4LensPINN,34,575,1,r180,H15_before_gap,2.5502846240997314,2.0475733280181885,-0.7831661105155945,-1.303091049194336,False
D4LensPINN,34,575,1,r180,H16_after_gap,2.5502846240997314,2.0475733280181885,-0.7831661105155945,-1.303091049194336,False
D4LensPINN,34,575,1,r180,H17_pre_linear,2.5502846240997314,2.0475733280181885,-0.7831661105155945,-1.303091049194336,False
D4LensPINN,34,575,1,r270,H00_preprocess,0.6218066811561584,-0.5610584020614624,0.26569312810897827,0.03555500507354736,False
D4LensPINN,34,575,1,r270,H01_enc1,0.6218066811561584,-0.5610584020614624,0.26569312810897827,0.03555500507354736,False
D4LensPINN,34,575,1,r270,H02_enc2,0.24590660631656647,-0.2111506462097168,-0.013692319393157959,0.1252915859222412,False
D4LensPINN,34,575,1,r270,H03_enc3,5.624738693237305,-5.278550148010254,1.379380464553833,1.3681758642196655,False
D4LensPINN,34,575,1,r270,H04_bot,5.952128887176514,-5.587985038757324,1.4055241346359253,1.4922354221343994,False
D4LensPINN,34,575,1,r270,H08_kappa_out,0.6218066811561584,-0.5610584020614624,0.26569312810897827,0.03555500507354736,False
D4LensPINN,34,575,1,r270,H09_poisson,0.4561934173107147,0.3980445861816406,-0.12170994281768799,-0.18670737743377686,False
D4LensPINN,34,575,1,r270,H10_deflection,0.4561934173107147,0.3980445861816406,-0.12170994281768799,-0.18670737743377686,False
D4LensPINN,34,575,1,r270,H11_inv_lens,20.190399169921875,-12.36047649383545,-8.069879531860352,13.774900436401367,False
D4LensPINN,34,575,1,r270,H12_HANDOFF,5.852594375610352,-3.6281661987304688,-2.021845817565918,4.123276710510254,False
D4LensPINN,34,575,1,r270,H12b_input_proj,5.852594375610352,-3.6281661987304688,-2.021845817565918,4.123276710510254,False
D4LensPINN,34,575,1,r270,H13_eff3,5.852594375610352,-3.6281661987304688,-2.021845817565918,4.123276710510254,False
D4LensPINN,34,575,1,r270,H13b_eff4,5.852594375610352,-3.6281661987304688,-2.021845817565918,4.123276710510254,False
D4LensPINN,34,575,1,r270,H14_eff5,5.852594375610352,-3.6281661987304688,-2.021845817565918,4.123276710510254,False
D4LensPINN,34,575,1,r270,H14b_eff6,5.852594375610352,-3.6281661987304688,-2.021845817565918,4.123276710510254,False
D4LensPINN,34,575,1,r270,H15_before_gap,5.852594375610352,-3.6281661987304688,-2.021845817565918,4.123276710510254,False
D4LensPINN,34,575,1,r270,H16_after_gap,5.852594375610352,-3.6281661987304688,-2.021845817565918,4.123276710510254,False
D4LensPINN,34,575,1,r270,H17_pre_linear,5.852594375610352,-3.6281661987304688,-2.021845817565918,4.123276710510254,False
D4LensPINN,34,575,1,flip_h,H00_preprocess,2.1909191608428955,-0.6975301504135132,-1.2351117134094238,1.6697536706924438,False
D4LensPINN,34,575,1,flip_h,H01_enc1,2.1909191608428955,-0.6975301504135132,-1.2351117134094238,1.6697536706924438,False
D4LensPINN,34,575,1,flip_h,H02_enc2,2.6296708583831787,-1.1109001636505127,-1.3091293573379517,1.9917957782745361,False
D4LensPINN,34,575,1,flip_h,H03_enc3,1.860161304473877,-1.673548936843872,0.8119083642959595,-0.015459299087524414,False
D4LensPINN,34,575,1,flip_h,H04_bot,1.1321041584014893,-0.963805079460144,0.5698091983795166,-0.1675020456314087,False
D4LensPINN,34,575,1,flip_h,H08_kappa_out,2.1909191608428955,-0.6975301504135132,-1.2351117134094238,1.6697536706924438,False
D4LensPINN,34,575,1,flip_h,H09_poisson,0.849145233631134,0.7366659641265869,-0.3403330147266388,-0.2500886917114258,False
D4LensPINN,34,575,1,flip_h,H10_deflection,0.849145233631134,0.7366659641265869,-0.3403330147266388,-0.2500886917114258,False
D4LensPINN,34,575,1,flip_h,H11_inv_lens,15.878645896911621,-9.59748649597168,-6.355657577514648,10.937334060668945,False
D4LensPINN,34,575,1,flip_h,H12_HANDOFF,2.8930721282958984,2.3208024501800537,-1.2310340404510498,-1.211733341217041,False
D4LensPINN,34,575,1,flip_h,H12b_input_proj,2.8930721282958984,2.3208024501800537,-1.2310340404510498,-1.211733341217041,False
D4LensPINN,34,575,1,flip_h,H13_eff3,2.8930721282958984,2.3208024501800537,-1.2310340404510498,-1.211733341217041,False
D4LensPINN,34,575,1,flip_h,H13b_eff4,2.8930721282958984,2.3208024501800537,-1.2310340404510498,-1.211733341217041,False
D4LensPINN,34,575,1,flip_h,H14_eff5,2.8930721282958984,2.3208024501800537,-1.2310340404510498,-1.211733341217041,False
D4LensPINN,34,575,1,flip_h,H14b_eff6,2.8930721282958984,2.3208024501800537,-1.2310340404510498,-1.211733341217041,False
D4LensPINN,34,575,1,flip_h,H15_before_gap,2.8930721282958984,2.3208024501800537,-1.2310340404510498,-1.211733341217041,False
D4LensPINN,34,575,1,flip_h,H16_after_gap,2.8930721282958984,2.3208024501800537,-1.2310340404510498,-1.211733341217041,False
D4LensPINN,34,575,1,flip_h,H17_pre_linear,2.8930721282958984,2.3208024501800537,-1.2310340404510498,-1.211733341217041,False
D4LensPINN,34,575,1,flip_h_r90,H00_preprocess,2.6439006328582764,-2.4043376445770264,0.15433567762374878,1.0888302326202393,False
D4LensPINN,34,575,1,flip_h_r90,H01_enc1,2.6439006328582764,-2.4043376445770264,0.15433567762374878,1.0888302326202393,False
D4LensPINN,34,575,1,flip_h_r90,H02_enc2,1.8880680799484253,-1.4731271266937256,-0.3535597324371338,1.126806616783142,False
D4LensPINN,34,575,1,flip_h_r90,H03_enc3,5.753808975219727,-5.379502773284912,1.7930415868759155,0.9758415222167969,False
D4LensPINN,34,575,1,flip_h_r90,H04_bot,5.876782417297363,-5.516965866088867,1.5936123132705688,1.2490229606628418,False
D4LensPINN,34,575,1,flip_h_r90,H08_kappa_out,2.6439006328582764,-2.4043376445770264,0.15433567762374878,1.0888302326202393,False
D4LensPINN,34,575,1,flip_h_r90,H09_poisson,0.3772033154964447,0.33458876609802246,-0.12041488289833069,-0.12582910060882568,False
D4LensPINN,34,575,1,flip_h_r90,H10_deflection,0.3772033154964447,0.33458876609802246,-0.12041488289833069,-0.12582910060882568,False
D4LensPINN,34,575,1,flip_h_r90,H11_inv_lens,17.15854835510254,-10.122306823730469,-7.005635738372803,11.95306396484375,False
D4LensPINN,34,575,1,flip_h_r90,H12_HANDOFF,6.340068340301514,-4.155815124511719,-2.0299315452575684,4.336478233337402,False
D4LensPINN,34,575,1,flip_h_r90,H12b_input_proj,6.340068340301514,-4.155815124511719,-2.0299315452575684,4.336478233337402,False
D4LensPINN,34,575,1,flip_h_r90,H13_eff3,6.340068340301514,-4.155815124511719,-2.0299315452575684,4.336478233337402,False
D4LensPINN,34,575,1,flip_h_r90,H13b_eff4,6.340068340301514,-4.155815124511719,-2.0299315452575684,4.336478233337402,False
D4LensPINN,34,575,1,flip_h_r90,H14_eff5,6.340068340301514,-4.155815124511719,-2.0299315452575684,4.336478233337402,False
D4LensPINN,34,575,1,flip_h_r90,H14b_eff6,6.340068340301514,-4.155815124511719,-2.0299315452575684,4.336478233337402,False
D4LensPINN,34,575,1,flip_h_r90,H15_before_gap,6.340068340301514,-4.155815124511719,-2.0299315452575684,4.336478233337402,False
D4LensPINN,34,575,1,flip_h_r90,H16_after_gap,6.340068340301514,-4.155815124511719,-2.0299315452575684,4.336478233337402,False
D4LensPINN,34,575,1,flip_h_r90,H17_pre_linear,6.340068340301514,-4.155815124511719,-2.0299315452575684,4.336478233337402,False
D4LensPINN,34,575,1,flip_h_r180,H00_preprocess,1.895442008972168,1.5015904903411865,-1.1140367984771729,-0.3112046718597412,False
D4LensPINN,34,575,1,flip_h_r180,H01_enc1,1.895442008972168,1.5015904903411865,-1.1140367984771729,-0.3112046718597412,False
D4LensPINN,34,575,1,flip_h_r180,H02_enc2,1.647636890411377,1.2706005573272705,-1.0435919761657715,-0.10581684112548828,False
D4LensPINN,34,575,1,flip_h_r180,H03_enc3,0.2672308385372162,0.1797163486480713,-0.1799689531326294,0.08200931549072266,False
D4LensPINN,34,575,1,flip_h_r180,H04_bot,0.23537631332874298,0.17534208297729492,-0.14923515915870667,0.04884696006774902,False
D4LensPINN,34,575,1,flip_h_r180,H08_kappa_out,1.895442008972168,1.5015904903411865,-1.1140367984771729,-0.3112046718597412,False
D4LensPINN,34,575,1,flip_h_r180,H09_poisson,0.21888737380504608,-0.19330620765686035,0.0630306601524353,0.08106493949890137,False
D4LensPINN,34,575,1,flip_h_r180,H10_deflection,0.21888737380504608,-0.19330620765686035,0.0630306601524353,0.08106493949890137,False
D4LensPINN,34,575,1,flip_h_r180,H11_inv_lens,7.6865339279174805,-4.730091094970703,-2.7105321884155273,5.418676376342773,False
D4LensPINN,34,575,1,flip_h_r180,H12_HANDOFF,1.681465983390808,-1.4300322532653809,0.07548272609710693,0.8812705278396606,False
D4LensPINN,34,575,1,flip_h_r180,H12b_input_proj,1.681465983390808,-1.4300322532653809,0.07548272609710693,0.8812705278396606,False
D4LensPINN,34,575,1,flip_h_r180,H13_eff3,1.681465983390808,-1.4300322532653809,0.07548272609710693,0.8812705278396606,False
D4LensPINN,34,575,1,flip_h_r180,H13b_eff4,1.681465983390808,-1.4300322532653809,0.07548272609710693,0.8812705278396606,False
D4LensPINN,34,575,1,flip_h_r180,H14_eff5,1.681465983390808,-1.4300322532653809,0.07548272609710693,0.8812705278396606,False
D4LensPINN,34,575,1,flip_h_r180,H14b_eff6,1.681465983390808,-1.4300322532653809,0.07548272609710693,0.8812705278396606,False
D4LensPINN,34,575,1,flip_h_r180,H15_before_gap,1.681465983390808,-1.4300322532653809,0.07548272609710693,0.8812705278396606,False
D4LensPINN,34,575,1,flip_h_r180,H16_after_gap,1.681465983390808,-1.4300322532653809,0.07548272609710693,0.8812705278396606,False
D4LensPINN,34,575,1,flip_h_r180,H17_pre_linear,1.681465983390808,-1.4300322532653809,0.07548272609710693,0.8812705278396606,False
D4LensPINN,34,575,1,flip_h_r270,H00_preprocess,0.6155383586883545,0.3033416271209717,-0.48532673716545105,0.22655975818634033,False
D4LensPINN,34,575,1,flip_h_r270,H01_enc1,0.6155383586883545,0.3033416271209717,-0.48532673716545105,0.22655975818634033,False
D4LensPINN,34,575,1,flip_h_r270,H02_enc2,1.2472048997879028,0.587005615234375,-0.9560104608535767,0.544966459274292,False
D4LensPINN,34,575,1,flip_h_r270,H03_enc3,5.057992935180664,-4.753421783447266,1.3218884468078613,1.1139507293701172,False
D4LensPINN,34,575,1,flip_h_r270,H04_bot,4.3437604904174805,-4.060094356536865,1.340799331665039,0.7656028866767883,False
D4LensPINN,34,575,1,flip_h_r270,H08_kappa_out,0.6155383586883545,0.3033416271209717,-0.48532673716545105,0.22655975818634033,False
D4LensPINN,34,575,1,flip_h_r270,H09_poisson,0.5081821084022522,0.44243836402893066,-0.12435078620910645,-0.21687376499176025,False
D4LensPINN,34,575,1,flip_h_r270,H10_deflection,0.5081821084022522,0.44243836402893066,-0.12435078620910645,-0.21687376499176025,False
D4LensPINN,34,575,1,flip_h_r270,H11_inv_lens,15.804779052734375,-9.37472152709961,-6.473083019256592,10.954671859741211,False
D4LensPINN,34,575,1,flip_h_r270,H12_HANDOFF,5.100288391113281,-2.673069477081299,-2.158163547515869,3.769611358642578,False
D4LensPINN,34,575,1,flip_h_r270,H12b_input_proj,5.100288391113281,-2.673069477081299,-2.158163547515869,3.769611358642578,False
D4LensPINN,34,575,1,flip_h_r270,H13_eff3,5.100288391113281,-2.673069477081299,-2.158163547515869,3.769611358642578,False
D4LensPINN,34,575,1,flip_h_r270,H13b_eff4,5.100288391113281,-2.673069477081299,-2.158163547515869,3.769611358642578,False
D4LensPINN,34,575,1,flip_h_r270,H14_eff5,5.100288391113281,-2.673069477081299,-2.158163547515869,3.769611358642578,False
D4LensPINN,34,575,1,flip_h_r270,H14b_eff6,5.100288391113281,-2.673069477081299,-2.158163547515869,3.769611358642578,False
D4LensPINN,34,575,1,flip_h_r270,H15_before_gap,5.100288391113281,-2.673069477081299,-2.158163547515869,3.769611358642578,False
D4LensPINN,34,575,1,flip_h_r270,H16_after_gap,5.100288391113281,-2.673069477081299,-2.158163547515869,3.769611358642578,False
D4LensPINN,34,575,1,flip_h_r270,H17_pre_linear,5.100288391113281,-2.673069477081299,-2.158163547515869,3.769611358642578,False
D4LensPINN,35,577,2,e,H00_preprocess,0.0,0.0,0.0,0.0,False
D4LensPINN,35,577,2,e,H01_enc1,0.0,0.0,0.0,0.0,False
D4LensPINN,35,577,2,e,H02_enc2,0.0,0.0,0.0,0.0,False
D4LensPINN,35,577,2,e,H03_enc3,0.0,0.0,0.0,0.0,False
D4LensPINN,35,577,2,e,H04_bot,0.0,0.0,0.0,0.0,False
D4LensPINN,35,577,2,e,H08_kappa_out,0.0,0.0,0.0,0.0,False
D4LensPINN,35,577,2,e,H09_poisson,0.0,0.0,0.0,0.0,False
D4LensPINN,35,577,2,e,H10_deflection,0.0,0.0,0.0,0.0,False
D4LensPINN,35,577,2,e,H11_inv_lens,0.0,0.0,0.0,0.0,False
D4LensPINN,35,577,2,e,H12_HANDOFF,0.0,0.0,0.0,0.0,False
D4LensPINN,35,577,2,e,H12b_input_proj,0.0,0.0,0.0,0.0,False
D4LensPINN,35,577,2,e,H13_eff3,0.0,0.0,0.0,0.0,False
D4LensPINN,35,577,2,e,H13b_eff4,0.0,0.0,0.0,0.0,False
D4LensPINN,35,577,2,e,H14_eff5,0.0,0.0,0.0,0.0,False
D4LensPINN,35,577,2,e,H14b_eff6,0.0,0.0,0.0,0.0,False
D4LensPINN,35,577,2,e,H15_before_gap,0.0,0.0,0.0,0.0,False
D4LensPINN,35,577,2,e,H16_after_gap,0.0,0.0,0.0,0.0,False
D4LensPINN,35,577,2,e,H17_pre_linear,0.0,0.0,0.0,0.0,False
D4LensPINN,35,577,2,r90,H00_preprocess,6.670077323913574,6.125128746032715,-2.4707045555114746,-0.9318528771400452,False
D4LensPINN,35,577,2,r90,H01_enc1,6.670077323913574,6.125128746032715,-2.4707045555114746,-0.9318528771400452,False
D4LensPINN,35,577,2,r90,H02_enc2,6.919614315032959,6.309993743896484,-2.712890386581421,-0.8398005366325378,False
D4LensPINN,35,577,2,r90,H03_enc3,2.251218795776367,-0.8577194213867188,-1.3013598918914795,1.6244276762008667,False
D4LensPINN,35,577,2,r90,H04_bot,2.0528969764709473,-0.8194856643676758,-1.1671499013900757,1.476682424545288,False
D4LensPINN,35,577,2,r90,H08_kappa_out,6.670077323913574,6.125128746032715,-2.4707045555114746,-0.9318528771400452,False
D4LensPINN,35,577,2,r90,H09_poisson,1.13611900806427,-1.074758529663086,0.24869489669799805,0.27168262004852295,False
D4LensPINN,35,577,2,r90,H10_deflection,1.13611900806427,-1.074758529663086,0.24869489669799805,0.27168262004852295,False
D4LensPINN,35,577,2,r90,H11_inv_lens,12.255291938781738,-2.8818845748901367,-7.795328617095947,9.006650924682617,False
D4LensPINN,35,577,2,r90,H12_HANDOFF,2.280618190765381,-1.5839900970458984,1.4772648811340332,-0.7140608429908752,False
D4LensPINN,35,577,2,r90,H12b_input_proj,2.280618190765381,-1.5839900970458984,1.4772648811340332,-0.7140608429908752,False
D4LensPINN,35,577,2,r90,H13_eff3,2.280618190765381,-1.5839900970458984,1.4772648811340332,-0.7140608429908752,False
D4LensPINN,35,577,2,r90,H13b_eff4,2.280618190765381,-1.5839900970458984,1.4772648811340332,-0.7140608429908752,False
D4LensPINN,35,577,2,r90,H14_eff5,2.280618190765381,-1.5839900970458984,1.4772648811340332,-0.7140608429908752,False
D4LensPINN,35,577,2,r90,H14b_eff6,2.280618190765381,-1.5839900970458984,1.4772648811340332,-0.7140608429908752,False
D4LensPINN,35,577,2,r90,H15_before_gap,2.280618190765381,-1.5839900970458984,1.4772648811340332,-0.7140608429908752,False
D4LensPINN,35,577,2,r90,H16_after_gap,2.280618190765381,-1.5839900970458984,1.4772648811340332,-0.7140608429908752,False
D4LensPINN,35,577,2,r90,H17_pre_linear,2.280618190765381,-1.5839900970458984,1.4772648811340332,-0.7140608429908752,False
D4LensPINN,35,577,2,r180,H00_preprocess,4.150514125823975,-1.677734375,-2.3165807723999023,3.0075621604919434,False
D4LensPINN,35,577,2,r180,H01_enc1,4.150514125823975,-1.677734375,-2.3165807723999023,3.0075621604919434,False
D4LensPINN,35,577,2,r180,H02_enc2,3.4647064208984375,-0.6251850128173828,-2.3081278800964355,2.5071659088134766,False
D4LensPINN,35,577,2,r180,H03_enc3,0.8982694149017334,-0.378201961517334,0.650486946105957,-0.49063020944595337,False
D4LensPINN,35,577,2,r180,H04_bot,0.4181104302406311,-0.38678598403930664,0.15763425827026367,0.0190887451171875,False
D4LensPINN,35,577,2,r180,H08_kappa_out,4.150514125823975,-1.677734375,-2.3165807723999023,3.0075621604919434,False
D4LensPINN,35,577,2,r180,H09_poisson,0.7874351739883423,-0.7340507507324219,0.27402520179748535,0.07831835746765137,False
D4LensPINN,35,577,2,r180,H10_deflection,0.7874351739883423,-0.7340507507324219,0.27402520179748535,0.07831835746765137,False
D4LensPINN,35,577,2,r180,H11_inv_lens,8.947738647460938,-1.340468406677246,-6.006850242614746,6.494837760925293,False
D4LensPINN,35,577,2,r180,H12_HANDOFF,3.2322988510131836,-2.857872486114502,1.5090560913085938,-0.05541372299194336,False
D4LensPINN,35,577,2,r180,H12b_input_proj,3.2322988510131836,-2.857872486114502,1.5090560913085938,-0.05541372299194336,False
D4LensPINN,35,577,2,r180,H13_eff3,3.2322988510131836,-2.857872486114502,1.5090560913085938,-0.05541372299194336,False
D4LensPINN,35,577,2,r180,H13b_eff4,3.2322988510131836,-2.857872486114502,1.5090560913085938,-0.05541372299194336,False
D4LensPINN,35,577,2,r180,H14_eff5,3.2322988510131836,-2.857872486114502,1.5090560913085938,-0.05541372299194336,False
D4LensPINN,35,577,2,r180,H14b_eff6,3.2322988510131836,-2.857872486114502,1.5090560913085938,-0.05541372299194336,False
D4LensPINN,35,577,2,r180,H15_before_gap,3.2322988510131836,-2.857872486114502,1.5090560913085938,-0.05541372299194336,False
D4LensPINN,35,577,2,r180,H16_after_gap,3.2322988510131836,-2.857872486114502,1.5090560913085938,-0.05541372299194336,False
D4LensPINN,35,577,2,r180,H17_pre_linear,3.2322988510131836,-2.857872486114502,1.5090560913085938,-0.05541372299194336,False
D4LensPINN,35,577,2,r270,H00_preprocess,5.272897243499756,4.737920761108398,-2.3137245178222656,0.047242164611816406,False
D4LensPINN,35,577,2,r270,H01_enc1,5.272897243499756,4.737920761108398,-2.3137245178222656,0.047242164611816406,False
D4LensPINN,35,577,2,r270,H02_enc2,6.64450216293335,5.996583938598633,-2.8436379432678223,-0.3226669430732727,False
D4LensPINN,35,577,2,r270,H03_enc3,1.189383864402771,-0.6380600929260254,-0.5872092247009277,0.8140631318092346,False
D4LensPINN,35,577,2,r270,H04_bot,0.9388876557350159,-0.5185093879699707,-0.4607415199279785,0.6327521800994873,False
D4LensPINN,35,577,2,r270,H08_kappa_out,5.272897243499756,4.737920761108398,-2.3137245178222656,0.047242164611816406,False
D4LensPINN,35,577,2,r270,H09_poisson,0.8393503427505493,-0.7872829437255859,0.2660715579986572,0.11790043115615845,False
D4LensPINN,35,577,2,r270,H10_deflection,0.8393503427505493,-0.7872829437255859,0.2660715579986572,0.11790043115615845,False
D4LensPINN,35,577,2,r270,H11_inv_lens,25.586355209350586,-12.530813217163086,-13.02001667022705,18.11406707763672,False
D4LensPINN,35,577,2,r270,H12_HANDOFF,6.477474689483643,-3.464548110961914,-2.9013919830322266,4.640744686126709,False
D4LensPINN,35,577,2,r270,H12b_input_proj,6.477474689483643,-3.464548110961914,-2.9013919830322266,4.640744686126709,False
D4LensPINN,35,577,2,r270,H13_eff3,6.477474689483643,-3.464548110961914,-2.9013919830322266,4.640744686126709,False
D4LensPINN,35,577,2,r270,H13b_eff4,6.477474689483643,-3.464548110961914,-2.9013919830322266,4.640744686126709,False
D4LensPINN,35,577,2,r270,H14_eff5,6.477474689483643,-3.464548110961914,-2.9013919830322266,4.640744686126709,False
D4LensPINN,35,577,2,r270,H14b_eff6,6.477474689483643,-3.464548110961914,-2.9013919830322266,4.640744686126709,False
D4LensPINN,35,577,2,r270,H15_before_gap,6.477474689483643,-3.464548110961914,-2.9013919830322266,4.640744686126709,False
D4LensPINN,35,577,2,r270,H16_after_gap,6.477474689483643,-3.464548110961914,-2.9013919830322266,4.640744686126709,False
D4LensPINN,35,577,2,r270,H17_pre_linear,6.477474689483643,-3.464548110961914,-2.9013919830322266,4.640744686126709,False
D4LensPINN,35,577,2,flip_h,H00_preprocess,3.4777779579162598,-1.0665678977966309,-2.160367012023926,2.5080244541168213,False
D4LensPINN,35,577,2,flip_h,H01_enc1,3.4777779579162598,-1.0665678977966309,-2.160367012023926,2.5080244541168213,False
D4LensPINN,35,577,2,flip_h,H02_enc2,2.6087398529052734,-0.521965503692627,-1.761023998260498,1.8525307178497314,False
D4LensPINN,35,577,2,flip_h,H03_enc3,0.18840649724006653,0.053397417068481445,-0.15144085884094238,0.09854638576507568,False
D4LensPINN,35,577,2,flip_h,H04_bot,0.4992431402206421,0.12344861030578613,-0.3772451877593994,0.3028039336204529,False
D4LensPINN,35,577,2,flip_h,H08_kappa_out,3.4777779579162598,-1.0665678977966309,-2.160367012023926,2.5080244541168213,False
D4LensPINN,35,577,2,flip_h,H09_poisson,0.815045177936554,-0.7459554672241211,0.026643991470336914,0.32732129096984863,False
D4LensPINN,35,577,2,flip_h,H10_deflection,0.815045177936554,-0.7459554672241211,0.026643991470336914,0.32732129096984863,False
D4LensPINN,35,577,2,flip_h,H11_inv_lens,7.503856182098389,0.11404156684875488,-5.332463264465332,5.278227806091309,False
D4LensPINN,35,577,2,flip_h,H12_HANDOFF,3.884446620941162,-2.966024398803711,-0.8692140579223633,2.3528902530670166,False
D4LensPINN,35,577,2,flip_h,H12b_input_proj,3.884446620941162,-2.966024398803711,-0.8692140579223633,2.3528902530670166,False
D4LensPINN,35,577,2,flip_h,H13_eff3,3.884446620941162,-2.966024398803711,-0.8692140579223633,2.3528902530670166,False
D4LensPINN,35,577,2,flip_h,H13b_eff4,3.884446620941162,-2.966024398803711,-0.8692140579223633,2.3528902530670166,False
D4LensPINN,35,577,2,flip_h,H14_eff5,3.884446620941162,-2.966024398803711,-0.8692140579223633,2.3528902530670166,False
D4LensPINN,35,577,2,flip_h,H14b_eff6,3.884446620941162,-2.966024398803711,-0.8692140579223633,2.3528902530670166,False
D4LensPINN,35,577,2,flip_h,H15_before_gap,3.884446620941162,-2.966024398803711,-0.8692140579223633,2.3528902530670166,False
D4LensPINN,35,577,2,flip_h,H16_after_gap,3.884446620941162,-2.966024398803711,-0.8692140579223633,2.3528902530670166,False
D4LensPINN,35,577,2,flip_h,H17_pre_linear,3.884446620941162,-2.966024398803711,-0.8692140579223633,2.3528902530670166,False
D4LensPINN,35,577,2,flip_h_r90,H00_preprocess,2.9648289680480957,2.7596352100372314,-0.5533381700515747,-0.931901752948761,False
D4LensPINN,35,577,2,flip_h_r90,H01_enc1,2.9648289680480957,2.7596352100372314,-0.5533381700515747,-0.931901752948761,False
D4LensPINN,35,577,2,flip_h_r90,H02_enc2,3.7872743606567383,3.5338897705078125,-1.1902143955230713,-0.6621630787849426,False
D4LensPINN,35,577,2,flip_h_r90,H03_enc3,1.5245912075042725,-0.9267988204956055,-0.6573240756988525,1.016536831855774,False
D4LensPINN,35,577,2,flip_h_r90,H04_bot,1.3978500366210938,-0.734534740447998,-0.6940329074859619,0.9657959342002869,False
D4LensPINN,35,577,2,flip_h_r90,H08_kappa_out,2.9648289680480957,2.7596352100372314,-0.5533381700515747,-0.931901752948761,False
D4LensPINN,35,577,2,flip_h_r90,H09_poisson,0.5284900069236755,-0.45473289489746094,0.26505279541015625,-0.04760986566543579,False
D4LensPINN,35,577,2,flip_h_r90,H10_deflection,0.5284900069236755,-0.45473289489746094,0.26505279541015625,-0.04760986566543579,False
D4LensPINN,35,577,2,flip_h_r90,H11_inv_lens,30.62358283996582,-15.745023727416992,-15.1043701171875,21.488508224487305,False
D4LensPINN,35,577,2,flip_h_r90,H12_HANDOFF,2.7746939659118652,-1.2611351013183594,-1.3607118129730225,2.063232421875,False
D4LensPINN,35,577,2,flip_h_r90,H12b_input_proj,2.7746939659118652,-1.2611351013183594,-1.3607118129730225,2.063232421875,False
D4LensPINN,35,577,2,flip_h_r90,H13_eff3,2.7746939659118652,-1.2611351013183594,-1.3607118129730225,2.063232421875,False
D4LensPINN,35,577,2,flip_h_r90,H13b_eff4,2.7746939659118652,-1.2611351013183594,-1.3607118129730225,2.063232421875,False
D4LensPINN,35,577,2,flip_h_r90,H14_eff5,2.7746939659118652,-1.2611351013183594,-1.3607118129730225,2.063232421875,False
D4LensPINN,35,577,2,flip_h_r90,H14b_eff6,2.7746939659118652,-1.2611351013183594,-1.3607118129730225,2.063232421875,False
D4LensPINN,35,577,2,flip_h_r90,H15_before_gap,2.7746939659118652,-1.2611351013183594,-1.3607118129730225,2.063232421875,False
D4LensPINN,35,577,2,flip_h_r90,H16_after_gap,2.7746939659118652,-1.2611351013183594,-1.3607118129730225,2.063232421875,False
D4LensPINN,35,577,2,flip_h_r90,H17_pre_linear,2.7746939659118652,-1.2611351013183594,-1.3607118129730225,2.063232421875,False
D4LensPINN,35,577,2,flip_h_r180,H00_preprocess,7.950194835662842,7.1962738037109375,-2.945598602294922,-1.6561062335968018,False
D4LensPINN,35,577,2,flip_h_r180,H01_enc1,7.950194835662842,7.1962738037109375,-2.945598602294922,-1.6561062335968018,False
D4LensPINN,35,577,2,flip_h_r180,H02_enc2,7.7690019607543945,7.0537872314453125,-2.8490149974823,-1.5762591361999512,False
D4LensPINN,35,577,2,flip_h_r180,H03_enc3,0.9614311456680298,0.788581371307373,0.12752199172973633,-0.5350022912025452,False
D4LensPINN,35,577,2,flip_h_r180,H04_bot,0.6959181427955627,0.4573700428009033,0.23227906227111816,-0.47027772665023804,False
D4LensPINN,35,577,2,flip_h_r180,H08_kappa_out,7.950194835662842,7.1962738037109375,-2.945598602294922,-1.6561062335968018,False
D4LensPINN,35,577,2,flip_h_r180,H09_poisson,0.38898324966430664,-0.35855889320373535,0.028951406478881836,0.148004412651062,False
D4LensPINN,35,577,2,flip_h_r180,H10_deflection,0.38898324966430664,-0.35855889320373535,0.028951406478881836,0.148004412651062,False
D4LensPINN,35,577,2,flip_h_r180,H11_inv_lens,4.504611015319824,2.621507167816162,-3.0639798641204834,2.0077967643737793,False
D4LensPINN,35,577,2,flip_h_r180,H12_HANDOFF,4.075310230255127,-2.4115943908691406,-1.5919922590255737,2.8736605644226074,False
D4LensPINN,35,577,2,flip_h_r180,H12b_input_proj,4.075310230255127,-2.4115943908691406,-1.5919922590255737,2.8736605644226074,False
D4LensPINN,35,577,2,flip_h_r180,H13_eff3,4.075310230255127,-2.4115943908691406,-1.5919922590255737,2.8736605644226074,False
D4LensPINN,35,577,2,flip_h_r180,H13b_eff4,4.075310230255127,-2.4115943908691406,-1.5919922590255737,2.8736605644226074,False
D4LensPINN,35,577,2,flip_h_r180,H14_eff5,4.075310230255127,-2.4115943908691406,-1.5919922590255737,2.8736605644226074,False
D4LensPINN,35,577,2,flip_h_r180,H14b_eff6,4.075310230255127,-2.4115943908691406,-1.5919922590255737,2.8736605644226074,False
D4LensPINN,35,577,2,flip_h_r180,H15_before_gap,4.075310230255127,-2.4115943908691406,-1.5919922590255737,2.8736605644226074,False
D4LensPINN,35,577,2,flip_h_r180,H16_after_gap,4.075310230255127,-2.4115943908691406,-1.5919922590255737,2.8736605644226074,False
D4LensPINN,35,577,2,flip_h_r180,H17_pre_linear,4.075310230255127,-2.4115943908691406,-1.5919922590255737,2.8736605644226074,False
D4LensPINN,35,577,2,flip_h_r270,H00_preprocess,1.7435799837112427,-0.9129018783569336,-0.8053262233734131,1.24825119972229,False
D4LensPINN,35,577,2,flip_h_r270,H01_enc1,1.7435799837112427,-0.9129018783569336,-0.8053262233734131,1.24825119972229,False
D4LensPINN,35,577,2,flip_h_r270,H02_enc2,2.475590944290161,1.0114402770996094,-1.8128414154052734,1.3487567901611328,False
D4LensPINN,35,577,2,flip_h_r270,H03_enc3,1.7607098817825317,-0.8311338424682617,-0.9333810806274414,1.2402079105377197,False
D4LensPINN,35,577,2,flip_h_r270,H04_bot,1.988958477973938,-0.8037457466125488,-1.1253749132156372,1.429503321647644,False
D4LensPINN,35,577,2,flip_h_r270,H08_kappa_out,1.7435799837112427,-0.9129018783569336,-0.8053262233734131,1.24825119972229,False
D4LensPINN,35,577,2,flip_h_r270,H09_poisson,0.9337623715400696,-0.844419002532959,0.0045032501220703125,0.3985578715801239,False
D4LensPINN,35,577,2,flip_h_r270,H10_deflection,0.9337623715400696,-0.844419002532959,0.0045032501220703125,0.3985578715801239,False
D4LensPINN,35,577,2,flip_h_r270,H11_inv_lens,16.713592529296875,-6.633049488067627,-9.353994369506836,12.159343719482422,False
D4LensPINN,35,577,2,flip_h_r270,H12_HANDOFF,5.623415470123291,-2.5238847732543945,-2.86154842376709,4.130901336669922,False
D4LensPINN,35,577,2,flip_h_r270,H12b_input_proj,5.623415470123291,-2.5238847732543945,-2.86154842376709,4.130901336669922,False
D4LensPINN,35,577,2,flip_h_r270,H13_eff3,5.623415470123291,-2.5238847732543945,-2.86154842376709,4.130901336669922,False
D4LensPINN,35,577,2,flip_h_r270,H13b_eff4,5.623415470123291,-2.5238847732543945,-2.86154842376709,4.130901336669922,False
D4LensPINN,35,577,2,flip_h_r270,H14_eff5,5.623415470123291,-2.5238847732543945,-2.86154842376709,4.130901336669922,False
D4LensPINN,35,577,2,flip_h_r270,H14b_eff6,5.623415470123291,-2.5238847732543945,-2.86154842376709,4.130901336669922,False
D4LensPINN,35,577,2,flip_h_r270,H15_before_gap,5.623415470123291,-2.5238847732543945,-2.86154842376709,4.130901336669922,False
D4LensPINN,35,577,2,flip_h_r270,H16_after_gap,5.623415470123291,-2.5238847732543945,-2.86154842376709,4.130901336669922,False
D4LensPINN,35,577,2,flip_h_r270,H17_pre_linear,5.623415470123291,-2.5238847732543945,-2.86154842376709,4.130901336669922,False
D4LensPINN,36,593,2,e,H00_preprocess,0.0,0.0,0.0,0.0,False
D4LensPINN,36,593,2,e,H01_enc1,0.0,0.0,0.0,0.0,False
D4LensPINN,36,593,2,e,H02_enc2,0.0,0.0,0.0,0.0,False
D4LensPINN,36,593,2,e,H03_enc3,0.0,0.0,0.0,0.0,False
D4LensPINN,36,593,2,e,H04_bot,0.0,0.0,0.0,0.0,False
D4LensPINN,36,593,2,e,H08_kappa_out,0.0,0.0,0.0,0.0,False
D4LensPINN,36,593,2,e,H09_poisson,0.0,0.0,0.0,0.0,False
D4LensPINN,36,593,2,e,H10_deflection,0.0,0.0,0.0,0.0,False
D4LensPINN,36,593,2,e,H11_inv_lens,0.0,0.0,0.0,0.0,False
D4LensPINN,36,593,2,e,H12_HANDOFF,0.0,0.0,0.0,0.0,False
D4LensPINN,36,593,2,e,H12b_input_proj,0.0,0.0,0.0,0.0,False
D4LensPINN,36,593,2,e,H13_eff3,0.0,0.0,0.0,0.0,False
D4LensPINN,36,593,2,e,H13b_eff4,0.0,0.0,0.0,0.0,False
D4LensPINN,36,593,2,e,H14_eff5,0.0,0.0,0.0,0.0,False
D4LensPINN,36,593,2,e,H14b_eff6,0.0,0.0,0.0,0.0,False
D4LensPINN,36,593,2,e,H15_before_gap,0.0,0.0,0.0,0.0,False
D4LensPINN,36,593,2,e,H16_after_gap,0.0,0.0,0.0,0.0,False
D4LensPINN,36,593,2,e,H17_pre_linear,0.0,0.0,0.0,0.0,False
D4LensPINN,36,593,2,r90,H00_preprocess,12.56790542602539,6.50901985168457,5.667136192321777,-9.1361083984375,False
D4LensPINN,36,593,2,r90,H01_enc1,12.56790542602539,6.50901985168457,5.667136192321777,-9.1361083984375,False
D4LensPINN,36,593,2,r90,H02_enc2,12.516639709472656,9.24439811706543,2.878140687942505,-7.932444095611572,False
D4LensPINN,36,593,2,r90,H03_enc3,0.9167397022247314,-0.8550705909729004,0.03729391098022461,0.3284435272216797,False
D4LensPINN,36,593,2,r90,H04_bot,0.4089547395706177,-0.37621545791625977,-0.006384849548339844,0.1602034568786621,False
D4LensPINN,36,593,2,r90,H08_kappa_out,12.56790542602539,6.50901985168457,5.667136192321777,-9.1361083984375,False
D4LensPINN,36,593,2,r90,H09_poisson,0.2722862660884857,-0.11674213409423828,-0.15135788917541504,0.19391202926635742,False
D4LensPINN,36,593,2,r90,H10_deflection,0.2722862660884857,-0.11674213409423828,-0.15135788917541504,0.19391202926635742,False
D4LensPINN,36,593,2,r90,H11_inv_lens,22.638261795043945,-13.846195220947266,-9.690988540649414,15.061823844909668,False
D4LensPINN,36,593,2,r90,H12_HANDOFF,7.213112831115723,4.29665470123291,3.032578706741333,-4.9367218017578125,False
D4LensPINN,36,593,2,r90,H12b_input_proj,7.213112831115723,4.29665470123291,3.032578706741333,-4.9367218017578125,False
D4LensPINN,36,593,2,r90,H13_eff3,7.213112831115723,4.29665470123291,3.032578706741333,-4.9367218017578125,False
D4LensPINN,36,593,2,r90,H13b_eff4,7.213112831115723,4.29665470123291,3.032578706741333,-4.9367218017578125,False
D4LensPINN,36,593,2,r90,H14_eff5,7.213112831115723,4.29665470123291,3.032578706741333,-4.9367218017578125,False
D4LensPINN,36,593,2,r90,H14b_eff6,7.213112831115723,4.29665470123291,3.032578706741333,-4.9367218017578125,False
D4LensPINN,36,593,2,r90,H15_before_gap,7.213112831115723,4.29665470123291,3.032578706741333,-4.9367218017578125,False
D4LensPINN,36,593,2,r90,H16_after_gap,7.213112831115723,4.29665470123291,3.032578706741333,-4.9367218017578125,False
D4LensPINN,36,593,2,r90,H17_pre_linear,7.213112831115723,4.29665470123291,3.032578706741333,-4.9367218017578125,False
D4LensPINN,36,593,2,r180,H00_preprocess,8.008610725402832,4.60239839553833,3.293416976928711,-5.6664958000183105,False
D4LensPINN,36,593,2,r180,H01_enc1,8.008610725402832,4.60239839553833,3.293416976928711,-5.6664958000183105,False
D4LensPINN,36,593,2,r180,H02_enc2,8.070158004760742,4.716325759887695,3.2462618350982666,-5.687311172485352,False
D4LensPINN,36,593,2,r180,H03_enc3,0.372620552778244,0.0974721908569336,0.23161935806274414,-0.2751321792602539,False
D4LensPINN,36,593,2,r180,H04_bot,0.19970068335533142,0.028148651123046875,0.13441777229309082,-0.14498233795166016,False
D4LensPINN,36,593,2,r180,H08_kappa_out,8.008610725402832,4.60239839553833,3.293416976928711,-5.6664958000183105,False
D4LensPINN,36,593,2,r180,H09_poisson,0.2771467864513397,0.027571678161621094,0.1890711784362793,-0.20075416564941406,False
D4LensPINN,36,593,2,r180,H10_deflection,0.2771467864513397,0.027571678161621094,0.1890711784362793,-0.20075416564941406,False
D4LensPINN,36,593,2,r180,H11_inv_lens,9.180618286132812,6.677760124206543,2.7308101654052734,-5.677494525909424,False
D4LensPINN,36,593,2,r180,H12_HANDOFF,2.7360785007476807,-2.269771099090576,1.4191737174987793,-0.5658712387084961,False
D4LensPINN,36,593,2,r180,H12b_input_proj,2.7360785007476807,-2.269771099090576,1.4191737174987793,-0.5658712387084961,False
D4LensPINN,36,593,2,r180,H13_eff3,2.7360785007476807,-2.269771099090576,1.4191737174987793,-0.5658712387084961,False
D4LensPINN,36,593,2,r180,H13b_eff4,2.7360785007476807,-2.269771099090576,1.4191737174987793,-0.5658712387084961,False
D4LensPINN,36,593,2,r180,H14_eff5,2.7360785007476807,-2.269771099090576,1.4191737174987793,-0.5658712387084961,False
D4LensPINN,36,593,2,r180,H14b_eff6,2.7360785007476807,-2.269771099090576,1.4191737174987793,-0.5658712387084961,False
D4LensPINN,36,593,2,r180,H15_before_gap,2.7360785007476807,-2.269771099090576,1.4191737174987793,-0.5658712387084961,False
D4LensPINN,36,593,2,r180,H16_after_gap,2.7360785007476807,-2.269771099090576,1.4191737174987793,-0.5658712387084961,False
D4LensPINN,36,593,2,r180,H17_pre_linear,2.7360785007476807,-2.269771099090576,1.4191737174987793,-0.5658712387084961,False
D4LensPINN,36,593,2,r270,H00_preprocess,8.989579200744629,2.060458183288574,5.739011287689209,-6.605360507965088,False
D4LensPINN,36,593,2,r270,H01_enc1,8.989579200744629,2.060458183288574,5.739011287689209,-6.605360507965088,False
D4LensPINN,36,593,2,r270,H02_enc2,8.635366439819336,4.795555114746094,3.7812089920043945,-6.105298042297363,False
D4LensPINN,36,593,2,r270,H03_enc3,0.9638097286224365,-0.7443900108337402,-0.2414698600769043,0.5625877380371094,False
D4LensPINN,36,593,2,r270,H04_bot,0.5778700709342957,-0.33412933349609375,-0.2594742774963379,0.39365530014038086,False
D4LensPINN,36,593,2,r270,H08_kappa_out,8.989579200744629,2.060458183288574,5.739011287689209,-6.605360507965088,False
D4LensPINN,36,593,2,r270,H09_poisson,0.22063493728637695,-0.1927337646484375,-0.025853395462036133,0.10423564910888672,False
D4LensPINN,36,593,2,r270,H10_deflection,0.22063493728637695,-0.1927337646484375,-0.025853395462036133,0.10423564910888672,False
D4LensPINN,36,593,2,r270,H11_inv_lens,13.311823844909668,-7.4185709953308105,-6.33791971206665,9.055397987365723,False
D4LensPINN,36,593,2,r270,H12_HANDOFF,6.825361251831055,2.456934928894043,3.9444398880004883,-4.99904203414917,False
D4LensPINN,36,593,2,r270,H12b_input_proj,6.825361251831055,2.456934928894043,3.9444398880004883,-4.99904203414917,False
D4LensPINN,36,593,2,r270,H13_eff3,6.825361251831055,2.456934928894043,3.9444398880004883,-4.99904203414917,False
D4LensPINN,36,593,2,r270,H13b_eff4,6.825361251831055,2.456934928894043,3.9444398880004883,-4.99904203414917,False
D4LensPINN,36,593,2,r270,H14_eff5,6.825361251831055,2.456934928894043,3.9444398880004883,-4.99904203414917,False
D4LensPINN,36,593,2,r270,H14b_eff6,6.825361251831055,2.456934928894043,3.9444398880004883,-4.99904203414917,False
D4LensPINN,36,593,2,r270,H15_before_gap,6.825361251831055,2.456934928894043,3.9444398880004883,-4.99904203414917,False
D4LensPINN,36,593,2,r270,H16_after_gap,6.825361251831055,2.456934928894043,3.9444398880004883,-4.99904203414917,False
D4LensPINN,36,593,2,r270,H17_pre_linear,6.825361251831055,2.456934928894043,3.9444398880004883,-4.99904203414917,False
D4LensPINN,36,593,2,flip_h,H00_preprocess,8.262139320373535,5.737191200256348,2.5117173194885254,-5.3887715339660645,False
D4LensPINN,36,593,2,flip_h,H01_enc1,8.262139320373535,5.737191200256348,2.5117173194885254,-5.3887715339660645,False
D4LensPINN,36,593,2,flip_h,H02_enc2,8.645198822021484,6.023174285888672,2.576681613922119,-5.641058921813965,False
D4LensPINN,36,593,2,flip_h,H03_enc3,0.6533731818199158,0.031617164611816406,0.45685243606567383,-0.46602869033813477,False
D4LensPINN,36,593,2,flip_h,H04_bot,0.621292233467102,0.007175445556640625,0.44008946418762207,-0.4384903907775879,False
D4LensPINN,36,593,2,flip_h,H08_kappa_out,8.262139320373535,5.737191200256348,2.5117173194885254,-5.3887715339660645,False
D4LensPINN,36,593,2,flip_h,H09_poisson,0.2295258641242981,-0.1888599395751953,0.12448644638061523,-0.03895092010498047,False
D4LensPINN,36,593,2,flip_h,H10_deflection,0.2295258641242981,-0.1888599395751953,0.12448644638061523,-0.03895092010498047,False
D4LensPINN,36,593,2,flip_h,H11_inv_lens,7.84147310256958,5.887564659118652,2.1232757568359375,-4.724085330963135,False
D4LensPINN,36,593,2,flip_h,H12_HANDOFF,5.130354881286621,-3.5709280967712402,-1.8155126571655273,3.205141067504883,False
D4LensPINN,36,593,2,flip_h,H12b_input_proj,5.130354881286621,-3.5709280967712402,-1.8155126571655273,3.205141067504883,False
D4LensPINN,36,593,2,flip_h,H13_eff3,5.130354881286621,-3.5709280967712402,-1.8155126571655273,3.205141067504883,False
D4LensPINN,36,593,2,flip_h,H13b_eff4,5.130354881286621,-3.5709280967712402,-1.8155126571655273,3.205141067504883,False
D4LensPINN,36,593,2,flip_h,H14_eff5,5.130354881286621,-3.5709280967712402,-1.8155126571655273,3.205141067504883,False
D4LensPINN,36,593,2,flip_h,H14b_eff6,5.130354881286621,-3.5709280967712402,-1.8155126571655273,3.205141067504883,False
D4LensPINN,36,593,2,flip_h,H15_before_gap,5.130354881286621,-3.5709280967712402,-1.8155126571655273,3.205141067504883,False
D4LensPINN,36,593,2,flip_h,H16_after_gap,5.130354881286621,-3.5709280967712402,-1.8155126571655273,3.205141067504883,False
D4LensPINN,36,593,2,flip_h,H17_pre_linear,5.130354881286621,-3.5709280967712402,-1.8155126571655273,3.205141067504883,False
D4LensPINN,36,593,2,flip_h_r90,H00_preprocess,13.007548332214355,9.086487770080566,3.657775640487671,-8.558780670166016,False
D4LensPINN,36,593,2,flip_h_r90,H01_enc1,13.007548332214355,9.086487770080566,3.657775640487671,-8.558780670166016,False
D4LensPINN,36,593,2,flip_h_r90,H02_enc2,13.653915405273438,10.477396965026855,2.499648094177246,-8.390787124633789,False
D4LensPINN,36,593,2,flip_h_r90,H03_enc3,1.421512246131897,-0.9998831748962402,-0.46268129348754883,0.898252010345459,False
D4LensPINN,36,593,2,flip_h_r90,H04_bot,1.1734991073608398,-0.714942455291748,-0.4855384826660156,0.7938575744628906,False
D4LensPINN,36,593,2,flip_h_r90,H08_kappa_out,13.007548332214355,9.086487770080566,3.657775640487671,-8.558780670166016,False
D4LensPINN,36,593,2,flip_h_r90,H09_poisson,0.5541022419929504,-0.2208423614501953,-0.3110160827636719,0.4019041061401367,False
D4LensPINN,36,593,2,flip_h_r90,H10_deflection,0.5541022419929504,-0.2208423614501953,-0.3110160827636719,0.4019041061401367,False
D4LensPINN,36,593,2,flip_h_r90,H11_inv_lens,8.699127197265625,-4.124776363372803,-4.678053379058838,6.06439208984375,False
D4LensPINN,36,593,2,flip_h_r90,H12_HANDOFF,6.371768474578857,0.7789888381958008,4.386870861053467,-4.554994583129883,False
D4LensPINN,36,593,2,flip_h_r90,H12b_input_proj,6.371768474578857,0.7789888381958008,4.386870861053467,-4.554994583129883,False
D4LensPINN,36,593,2,flip_h_r90,H13_eff3,6.371768474578857,0.7789888381958008,4.386870861053467,-4.554994583129883,False
D4LensPINN,36,593,2,flip_h_r90,H13b_eff4,6.371768474578857,0.7789888381958008,4.386870861053467,-4.554994583129883,False
D4LensPINN,36,593,2,flip_h_r90,H14_eff5,6.371768474578857,0.7789888381958008,4.386870861053467,-4.554994583129883,False
D4LensPINN,36,593,2,flip_h_r90,H14b_eff6,6.371768474578857,0.7789888381958008,4.386870861053467,-4.554994583129883,False
D4LensPINN,36,593,2,flip_h_r90,H15_before_gap,6.371768474578857,0.7789888381958008,4.386870861053467,-4.554994583129883,False
D4LensPINN,36,593,2,flip_h_r90,H16_after_gap,6.371768474578857,0.7789888381958008,4.386870861053467,-4.554994583129883,False
D4LensPINN,36,593,2,flip_h_r90,H17_pre_linear,6.371768474578857,0.7789888381958008,4.386870861053467,-4.554994583129883,False
D4LensPINN,36,593,2,flip_h_r180,H00_preprocess,4.250010967254639,2.8697314262390137,1.3839484453201294,-2.8128137588500977,False
D4LensPINN,36,593,2,flip_h_r180,H01_enc1,4.250010967254639,2.8697314262390137,1.3839484453201294,-2.8128137588500977,False
D4LensPINN,36,593,2,flip_h_r180,H02_enc2,4.560492515563965,3.116429328918457,1.4451565742492676,-2.9995808601379395,False
D4LensPINN,36,593,2,flip_h_r180,H03_enc3,1.206371784210205,0.6466226577758789,0.5608735084533691,-0.8500781059265137,False
D4LensPINN,36,593,2,flip_h_r180,H04_bot,0.9991274476051331,0.5624532699584961,0.44478631019592285,-0.6957492828369141,False
D4LensPINN,36,593,2,flip_h_r180,H08_kappa_out,4.250010967254639,2.8697314262390137,1.3839484453201294,-2.8128137588500977,False
D4LensPINN,36,593,2,flip_h_r180,H09_poisson,0.3656345009803772,0.1666736602783203,0.1861264705657959,-0.2669558525085449,False
D4LensPINN,36,593,2,flip_h_r180,H10_deflection,0.3656345009803772,0.1666736602783203,0.1861264705657959,-0.2669558525085449,False
D4LensPINN,36,593,2,flip_h_r180,H11_inv_lens,8.636279106140137,6.24275016784668,2.569368839263916,-5.386253356933594,False
D4LensPINN,36,593,2,flip_h_r180,H12_HANDOFF,2.9295780658721924,-0.9868922233581543,2.1685118675231934,-1.704707145690918,False
D4LensPINN,36,593,2,flip_h_r180,H12b_input_proj,2.9295780658721924,-0.9868922233581543,2.1685118675231934,-1.704707145690918,False
D4LensPINN,36,593,2,flip_h_r180,H13_eff3,2.9295780658721924,-0.9868922233581543,2.1685118675231934,-1.704707145690918,False
D4LensPINN,36,593,2,flip_h_r180,H13b_eff4,2.9295780658721924,-0.9868922233581543,2.1685118675231934,-1.704707145690918,False
D4LensPINN,36,593,2,flip_h_r180,H14_eff5,2.9295780658721924,-0.9868922233581543,2.1685118675231934,-1.704707145690918,False
D4LensPINN,36,593,2,flip_h_r180,H14b_eff6,2.9295780658721924,-0.9868922233581543,2.1685118675231934,-1.704707145690918,False
D4LensPINN,36,593,2,flip_h_r180,H15_before_gap,2.9295780658721924,-0.9868922233581543,2.1685118675231934,-1.704707145690918,False
D4LensPINN,36,593,2,flip_h_r180,H16_after_gap,2.9295780658721924,-0.9868922233581543,2.1685118675231934,-1.704707145690918,False
D4LensPINN,36,593,2,flip_h_r180,H17_pre_linear,2.9295780658721924,-0.9868922233581543,2.1685118675231934,-1.704707145690918,False
D4LensPINN,36,593,2,flip_h_r270,H00_preprocess,6.506370544433594,2.543872833251953,3.636979341506958,-4.7575154304504395,False
D4LensPINN,36,593,2,flip_h_r270,H01_enc1,6.506370544433594,2.543872833251953,3.636979341506958,-4.7575154304504395,False
D4LensPINN,36,593,2,flip_h_r270,H02_enc2,6.688006401062012,5.36154842376709,1.034005880355835,-3.861872434616089,False
D4LensPINN,36,593,2,flip_h_r270,H03_enc3,1.347589373588562,-1.0385146141052246,-0.3313150405883789,0.7922844886779785,False
D4LensPINN,36,593,2,flip_h_r270,H04_bot,1.0187608003616333,-0.6716189384460449,-0.37430357933044434,0.6683549880981445,False
D4LensPINN,36,593,2,flip_h_r270,H08_kappa_out,6.506370544433594,2.543872833251953,3.636979341506958,-4.7575154304504395,False
D4LensPINN,36,593,2,flip_h_r270,H09_poisson,0.14977456629276276,-0.10222148895263672,-0.05640888214111328,0.09381484985351562,False
D4LensPINN,36,593,2,flip_h_r270,H10_deflection,0.14977456629276276,-0.10222148895263672,-0.05640888214111328,0.09381484985351562,False
D4LensPINN,36,593,2,flip_h_r270,H11_inv_lens,15.230193138122559,-8.568561553955078,-7.100353717803955,10.398245811462402,False
D4LensPINN,36,593,2,flip_h_r270,H12_HANDOFF,7.242011547088623,3.7661855220794678,3.4637980461120605,-5.124907970428467,False
D4LensPINN,36,593,2,flip_h_r270,H12b_input_proj,7.242011547088623,3.7661855220794678,3.4637980461120605,-5.124907970428467,False
D4LensPINN,36,593,2,flip_h_r270,H13_eff3,7.242011547088623,3.7661855220794678,3.4637980461120605,-5.124907970428467,False
D4LensPINN,36,593,2,flip_h_r270,H13b_eff4,7.242011547088623,3.7661855220794678,3.4637980461120605,-5.124907970428467,False
D4LensPINN,36,593,2,flip_h_r270,H14_eff5,7.242011547088623,3.7661855220794678,3.4637980461120605,-5.124907970428467,False
D4LensPINN,36,593,2,flip_h_r270,H14b_eff6,7.242011547088623,3.7661855220794678,3.4637980461120605,-5.124907970428467,False
D4LensPINN,36,593,2,flip_h_r270,H15_before_gap,7.242011547088623,3.7661855220794678,3.4637980461120605,-5.124907970428467,False
D4LensPINN,36,593,2,flip_h_r270,H16_after_gap,7.242011547088623,3.7661855220794678,3.4637980461120605,-5.124907970428467,False
D4LensPINN,36,593,2,flip_h_r270,H17_pre_linear,7.242011547088623,3.7661855220794678,3.4637980461120605,-5.124907970428467,False
D4LensPINN,37,596,2,e,H00_preprocess,0.0,0.0,0.0,0.0,False
D4LensPINN,37,596,2,e,H01_enc1,0.0,0.0,0.0,0.0,False
D4LensPINN,37,596,2,e,H02_enc2,0.0,0.0,0.0,0.0,False
D4LensPINN,37,596,2,e,H03_enc3,0.0,0.0,0.0,0.0,False
D4LensPINN,37,596,2,e,H04_bot,0.0,0.0,0.0,0.0,False
D4LensPINN,37,596,2,e,H08_kappa_out,0.0,0.0,0.0,0.0,False
D4LensPINN,37,596,2,e,H09_poisson,0.0,0.0,0.0,0.0,False
D4LensPINN,37,596,2,e,H10_deflection,0.0,0.0,0.0,0.0,False
D4LensPINN,37,596,2,e,H11_inv_lens,0.0,0.0,0.0,0.0,False
D4LensPINN,37,596,2,e,H12_HANDOFF,0.0,0.0,0.0,0.0,False
D4LensPINN,37,596,2,e,H12b_input_proj,0.0,0.0,0.0,0.0,False
D4LensPINN,37,596,2,e,H13_eff3,0.0,0.0,0.0,0.0,False
D4LensPINN,37,596,2,e,H13b_eff4,0.0,0.0,0.0,0.0,False
D4LensPINN,37,596,2,e,H14_eff5,0.0,0.0,0.0,0.0,False
D4LensPINN,37,596,2,e,H14b_eff6,0.0,0.0,0.0,0.0,False
D4LensPINN,37,596,2,e,H15_before_gap,0.0,0.0,0.0,0.0,False
D4LensPINN,37,596,2,e,H16_after_gap,0.0,0.0,0.0,0.0,False
D4LensPINN,37,596,2,e,H17_pre_linear,0.0,0.0,0.0,0.0,False
D4LensPINN,37,596,2,r90,H00_preprocess,5.273578643798828,-3.412288188934326,3.5962657928466797,-1.7982749938964844,False
D4LensPINN,37,596,2,r90,H01_enc1,5.273578643798828,-3.412288188934326,3.5962657928466797,-1.7982749938964844,False
D4LensPINN,37,596,2,r90,H02_enc2,6.6317644119262695,-3.2720236778259277,4.871720314025879,-3.0887703895568848,False
D4LensPINN,37,596,2,r90,H03_enc3,1.9071502685546875,-0.988551139831543,-0.9237220287322998,1.3441452980041504,False
D4LensPINN,37,596,2,r90,H04_bot,1.931584119796753,-0.9608969688415527,-0.9711964130401611,1.3654565811157227,False
D4LensPINN,37,596,2,r90,H08_kappa_out,5.273578643798828,-3.412288188934326,3.5962657928466797,-1.7982749938964844,False
D4LensPINN,37,596,2,r90,H09_poisson,0.2928423285484314,-0.0944814682006836,-0.18642759323120117,0.20512104034423828,False
D4LensPINN,37,596,2,r90,H10_deflection,0.2928423285484314,-0.0944814682006836,-0.18642759323120117,0.20512104034423828,False
D4LensPINN,37,596,2,r90,H11_inv_lens,29.87384033203125,-18.97013282775879,-12.084205627441406,19.660934448242188,False
D4LensPINN,37,596,2,r90,H12_HANDOFF,1.4787095785140991,-0.0022764205932617188,-0.8950159549713135,1.1770825386047363,False
D4LensPINN,37,596,2,r90,H12b_input_proj,1.4787095785140991,-0.0022764205932617188,-0.8950159549713135,1.1770825386047363,False
D4LensPINN,37,596,2,r90,H13_eff3,1.4787095785140991,-0.0022764205932617188,-0.8950159549713135,1.1770825386047363,False
D4LensPINN,37,596,2,r90,H13b_eff4,1.4787095785140991,-0.0022764205932617188,-0.8950159549713135,1.1770825386047363,False
D4LensPINN,37,596,2,r90,H14_eff5,1.4787095785140991,-0.0022764205932617188,-0.8950159549713135,1.1770825386047363,False
D4LensPINN,37,596,2,r90,H14b_eff6,1.4787095785140991,-0.0022764205932617188,-0.8950159549713135,1.1770825386047363,False
D4LensPINN,37,596,2,r90,H15_before_gap,1.4787095785140991,-0.0022764205932617188,-0.8950159549713135,1.1770825386047363,False
D4LensPINN,37,596,2,r90,H16_after_gap,1.4787095785140991,-0.0022764205932617188,-0.8950159549713135,1.1770825386047363,False
D4LensPINN,37,596,2,r90,H17_pre_linear,1.4787095785140991,-0.0022764205932617188,-0.8950159549713135,1.1770825386047363,False
D4LensPINN,37,596,2,r180,H00_preprocess,5.266438961029053,-3.3563790321350098,3.6442179679870605,-1.7859935760498047,False
D4LensPINN,37,596,2,r180,H01_enc1,5.266438961029053,-3.3563790321350098,3.6442179679870605,-1.7859935760498047,False
D4LensPINN,37,596,2,r180,H02_enc2,6.0320143699646,-3.3536858558654785,4.363885879516602,-2.4687020778656006,False
D4LensPINN,37,596,2,r180,H03_enc3,0.6890770792961121,0.4651632308959961,0.2320690155029297,-0.45232105255126953,False
D4LensPINN,37,596,2,r180,H04_bot,0.5704233050346375,0.4175229072570801,0.15534448623657227,-0.3562660217285156,False
D4LensPINN,37,596,2,r180,H08_kappa_out,5.266438961029053,-3.3563790321350098,3.6442179679870605,-1.7859935760498047,False
D4LensPINN,37,596,2,r180,H09_poisson,0.5369073152542114,-0.2264266014099121,-0.28427910804748535,0.3952035903930664,False
D4LensPINN,37,596,2,r180,H10_deflection,0.5369073152542114,-0.2264266014099121,-0.28427910804748535,0.3952035903930664,False
D4LensPINN,37,596,2,r180,H11_inv_lens,6.201761245727539,4.760415554046631,1.6065871715545654,-3.635817050933838,False
D4LensPINN,37,596,2,r180,H12_HANDOFF,1.8495068550109863,-0.13824844360351562,1.456017017364502,-1.1320676803588867,False
D4LensPINN,37,596,2,r180,H12b_input_proj,1.8495068550109863,-0.13824844360351562,1.456017017364502,-1.1320676803588867,False
D4LensPINN,37,596,2,r180,H13_eff3,1.8495068550109863,-0.13824844360351562,1.456017017364502,-1.1320676803588867,False
D4LensPINN,37,596,2,r180,H13b_eff4,1.8495068550109863,-0.13824844360351562,1.456017017364502,-1.1320676803588867,False
D4LensPINN,37,596,2,r180,H14_eff5,1.8495068550109863,-0.13824844360351562,1.456017017364502,-1.1320676803588867,False
D4LensPINN,37,596,2,r180,H14b_eff6,1.8495068550109863,-0.13824844360351562,1.456017017364502,-1.1320676803588867,False
D4LensPINN,37,596,2,r180,H15_before_gap,1.8495068550109863,-0.13824844360351562,1.456017017364502,-1.1320676803588867,False
D4LensPINN,37,596,2,r180,H16_after_gap,1.8495068550109863,-0.13824844360351562,1.456017017364502,-1.1320676803588867,False
D4LensPINN,37,596,2,r180,H17_pre_linear,1.8495068550109863,-0.13824844360351562,1.456017017364502,-1.1320676803588867,False
D4LensPINN,37,596,2,r270,H00_preprocess,7.912590026855469,-1.2609004974365234,5.973366737365723,-5.03369665145874,False
D4LensPINN,37,596,2,r270,H01_enc1,7.912590026855469,-1.2609004974365234,5.973366737365723,-5.03369665145874,False
D4LensPINN,37,596,2,r270,H02_enc2,6.545000076293945,-1.6970877647399902,5.010311126708984,-3.854050636291504,False
D4LensPINN,37,596,2,r270,H03_enc3,1.983819603919983,-1.1012120246887207,-0.9045393466949463,1.3801016807556152,False
D4LensPINN,37,596,2,r270,H04_bot,2.055450916290283,-1.0833549499511719,-0.9899051189422607,1.439204216003418,False
D4LensPINN,37,596,2,r270,H08_kappa_out,7.912590026855469,-1.2609004974365234,5.973366737365723,-5.03369665145874,False
D4LensPINN,37,596,2,r270,H09_poisson,0.0774453729391098,0.07240867614746094,-0.014736652374267578,-0.023186206817626953,False
D4LensPINN,37,596,2,r270,H10_deflection,0.0774453729391098,0.07240867614746094,-0.014736652374267578,-0.023186206817626953,False
D4LensPINN,37,596,2,r270,H11_inv_lens,3.2791926860809326,-0.8202767372131348,-2.0838677883148193,2.3953590393066406,False
D4LensPINN,37,596,2,r270,H12_HANDOFF,1.2515586614608765,0.4283103942871094,0.9496352672576904,-0.6936440467834473,False
D4LensPINN,37,596,2,r270,H12b_input_proj,1.2515586614608765,0.4283103942871094,0.9496352672576904,-0.6936440467834473,False
D4LensPINN,37,596,2,r270,H13_eff3,1.2515586614608765,0.4283103942871094,0.9496352672576904,-0.6936440467834473,False
D4LensPINN,37,596,2,r270,H13b_eff4,1.2515586614608765,0.4283103942871094,0.9496352672576904,-0.6936440467834473,False
D4LensPINN,37,596,2,r270,H14_eff5,1.2515586614608765,0.4283103942871094,0.9496352672576904,-0.6936440467834473,False
D4LensPINN,37,596,2,r270,H14b_eff6,1.2515586614608765,0.4283103942871094,0.9496352672576904,-0.6936440467834473,False
D4LensPINN,37,596,2,r270,H15_before_gap,1.2515586614608765,0.4283103942871094,0.9496352672576904,-0.6936440467834473,False
D4LensPINN,37,596,2,r270,H16_after_gap,1.2515586614608765,0.4283103942871094,0.9496352672576904,-0.6936440467834473,False
D4LensPINN,37,596,2,r270,H17_pre_linear,1.2515586614608765,0.4283103942871094,0.9496352672576904,-0.6936440467834473,False
D4LensPINN,37,596,2,flip_h,H00_preprocess,7.006514072418213,0.4917764663696289,4.960360527038574,-4.92384147644043,False
D4LensPINN,37,596,2,flip_h,H01_enc1,7.006514072418213,0.4917764663696289,4.960360527038574,-4.92384147644043,False
D4LensPINN,37,596,2,flip_h,H02_enc2,6.336914539337158,0.5882911682128906,4.451785087585449,-4.471242427825928,False
D4LensPINN,37,596,2,flip_h,H03_enc3,0.591461718082428,0.061783790588378906,0.41754937171936035,-0.4143214225769043,False
D4LensPINN,37,596,2,flip_h,H04_bot,0.6671518087387085,0.11303043365478516,0.4503054618835449,-0.47910404205322266,False
D4LensPINN,37,596,2,flip_h,H08_kappa_out,7.006514072418213,0.4917764663696289,4.960360527038574,-4.92384147644043,False
D4LensPINN,37,596,2,flip_h,H09_poisson,0.15305739641189575,0.13677263259887695,-0.06469154357910156,0.02312612533569336,False
D4LensPINN,37,596,2,flip_h,H10_deflection,0.15305739641189575,0.13677263259887695,-0.06469154357910156,0.02312612533569336,False
D4LensPINN,37,596,2,flip_h,H11_inv_lens,5.788594722747803,4.458606719970703,1.544864296913147,-3.352916955947876,False
D4LensPINN,37,596,2,flip_h,H12_HANDOFF,0.4938230514526367,-0.30283260345458984,0.0666816234588623,0.3843269348144531,False
D4LensPINN,37,596,2,flip_h,H12b_input_proj,0.4938230514526367,-0.30283260345458984,0.0666816234588623,0.3843269348144531,False
D4LensPINN,37,596,2,flip_h,H13_eff3,0.4938230514526367,-0.30283260345458984,0.0666816234588623,0.3843269348144531,False
D4LensPINN,37,596,2,flip_h,H13b_eff4,0.4938230514526367,-0.30283260345458984,0.0666816234588623,0.3843269348144531,False
D4LensPINN,37,596,2,flip_h,H14_eff5,0.4938230514526367,-0.30283260345458984,0.0666816234588623,0.3843269348144531,False
D4LensPINN,37,596,2,flip_h,H14b_eff6,0.4938230514526367,-0.30283260345458984,0.0666816234588623,0.3843269348144531,False
D4LensPINN,37,596,2,flip_h,H15_before_gap,0.4938230514526367,-0.30283260345458984,0.0666816234588623,0.3843269348144531,False
D4LensPINN,37,596,2,flip_h,H16_after_gap,0.4938230514526367,-0.30283260345458984,0.0666816234588623,0.3843269348144531,False
D4LensPINN,37,596,2,flip_h,H17_pre_linear,0.4938230514526367,-0.30283260345458984,0.0666816234588623,0.3843269348144531,False
D4LensPINN,37,596,2,flip_h_r90,H00_preprocess,6.710580348968506,0.8297233581542969,4.528448104858398,-4.882274627685547,False
D4LensPINN,37,596,2,flip_h_r90,H01_enc1,6.710580348968506,0.8297233581542969,4.528448104858398,-4.882274627685547,False
D4LensPINN,37,596,2,flip_h_r90,H02_enc2,6.718106746673584,0.3538937568664551,4.714163780212402,-4.773298263549805,False
D4LensPINN,37,596,2,flip_h_r90,H03_enc3,2.2676377296447754,-1.1046152114868164,-1.1557786464691162,1.6081609725952148,False
D4LensPINN,37,596,2,flip_h_r90,H04_bot,2.233978033065796,-1.0730552673339844,-1.1565167903900146,1.581669807434082,False
D4LensPINN,37,596,2,flip_h_r90,H08_kappa_out,6.710580348968506,0.8297233581542969,4.528448104858398,-4.882274627685547,False
D4LensPINN,37,596,2,flip_h_r90,H09_poisson,0.13308168947696686,0.1180257797241211,-0.05323052406311035,-0.030776023864746094,False
D4LensPINN,37,596,2,flip_h_r90,H10_deflection,0.13308168947696686,0.1180257797241211,-0.05323052406311035,-0.030776023864746094,False
D4LensPINN,37,596,2,flip_h_r90,H11_inv_lens,1.9973660707473755,-0.1261730194091797,-1.3866078853607178,1.4320859909057617,False
D4LensPINN,37,596,2,flip_h_r90,H12_HANDOFF,2.0147385597229004,1.1559743881225586,1.0532588958740234,-1.2702522277832031,False
D4LensPINN,37,596,2,flip_h_r90,H12b_input_proj,2.0147385597229004,1.1559743881225586,1.0532588958740234,-1.2702522277832031,False
D4LensPINN,37,596,2,flip_h_r90,H13_eff3,2.0147385597229004,1.1559743881225586,1.0532588958740234,-1.2702522277832031,False
D4LensPINN,37,596,2,flip_h_r90,H13b_eff4,2.0147385597229004,1.1559743881225586,1.0532588958740234,-1.2702522277832031,False
D4LensPINN,37,596,2,flip_h_r90,H14_eff5,2.0147385597229004,1.1559743881225586,1.0532588958740234,-1.2702522277832031,False
D4LensPINN,37,596,2,flip_h_r90,H14b_eff6,2.0147385597229004,1.1559743881225586,1.0532588958740234,-1.2702522277832031,False
D4LensPINN,37,596,2,flip_h_r90,H15_before_gap,2.0147385597229004,1.1559743881225586,1.0532588958740234,-1.2702522277832031,False
D4LensPINN,37,596,2,flip_h_r90,H16_after_gap,2.0147385597229004,1.1559743881225586,1.0532588958740234,-1.2702522277832031,False
D4LensPINN,37,596,2,flip_h_r90,H17_pre_linear,2.0147385597229004,1.1559743881225586,1.0532588958740234,-1.2702522277832031,False
D4LensPINN,37,596,2,flip_h_r180,H00_preprocess,4.416579246520996,-3.3018975257873535,2.7545838356018066,-1.007925033569336,False
D4LensPINN,37,596,2,flip_h_r180,H01_enc1,4.416579246520996,-3.3018975257873535,2.7545838356018066,-1.007925033569336,False
D4LensPINN,37,596,2,flip_h_r180,H02_enc2,5.504733085632324,-3.395775318145752,3.848834991455078,-1.9892873764038086,False
D4LensPINN,37,596,2,flip_h_r180,H03_enc3,0.3426785469055176,-0.16346263885498047,0.2656688690185547,-0.1418752670288086,False
D4LensPINN,37,596,2,flip_h_r180,H04_bot,0.2873700261116028,-0.07954740524291992,0.22406554222106934,-0.16139507293701172,False
D4LensPINN,37,596,2,flip_h_r180,H08_kappa_out,4.416579246520996,-3.3018975257873535,2.7545838356018066,-1.007925033569336,False
D4LensPINN,37,596,2,flip_h_r180,H09_poisson,0.48033803701400757,-0.07500076293945312,-0.3430624008178711,0.3277311325073242,False
D4LensPINN,37,596,2,flip_h_r180,H10_deflection,0.48033803701400757,-0.07500076293945312,-0.3430624008178711,0.3277311325073242,False
D4LensPINN,37,596,2,flip_h_r180,H11_inv_lens,5.821718692779541,4.395710468292236,1.7820355892181396,-3.3755717277526855,False
D4LensPINN,37,596,2,flip_h_r180,H12_HANDOFF,1.2152045965194702,-0.24911117553710938,0.98866868019104,-0.6612110137939453,False
D4LensPINN,37,596,2,flip_h_r180,H12b_input_proj,1.2152045965194702,-0.24911117553710938,0.98866868019104,-0.6612110137939453,False
D4LensPINN,37,596,2,flip_h_r180,H13_eff3,1.2152045965194702,-0.24911117553710938,0.98866868019104,-0.6612110137939453,False
D4LensPINN,37,596,2,flip_h_r180,H13b_eff4,1.2152045965194702,-0.24911117553710938,0.98866868019104,-0.6612110137939453,False
D4LensPINN,37,596,2,flip_h_r180,H14_eff5,1.2152045965194702,-0.24911117553710938,0.98866868019104,-0.6612110137939453,False
D4LensPINN,37,596,2,flip_h_r180,H14b_eff6,1.2152045965194702,-0.24911117553710938,0.98866868019104,-0.6612110137939453,False
D4LensPINN,37,596,2,flip_h_r180,H15_before_gap,1.2152045965194702,-0.24911117553710938,0.98866868019104,-0.6612110137939453,False
D4LensPINN,37,596,2,flip_h_r180,H16_after_gap,1.2152045965194702,-0.24911117553710938,0.98866868019104,-0.6612110137939453,False
D4LensPINN,37,596,2,flip_h_r180,H17_pre_linear,1.2152045965194702,-0.24911117553710938,0.98866868019104,-0.6612110137939453,False
D4LensPINN,37,596,2,flip_h_r270,H00_preprocess,3.530229330062866,-3.2208914756774902,0.3804197311401367,1.3941516876220703,False
D4LensPINN,37,596,2,flip_h_r270,H01_enc1,3.530229330062866,-3.2208914756774902,0.3804197311401367,1.3941516876220703,False
D4LensPINN,37,596,2,flip_h_r270,H02_enc2,3.6597094535827637,-3.3262171745300293,0.33289313316345215,1.4896087646484375,False
D4LensPINN,37,596,2,flip_h_r270,H03_enc3,1.9652986526489258,-0.9511499404907227,-0.9972918033599854,1.4011144638061523,False
D4LensPINN,37,596,2,flip_h_r270,H04_bot,1.9569244384765625,-0.904536247253418,-1.0273454189300537,1.398545265197754,False
D4LensPINN,37,596,2,flip_h_r270,H08_kappa_out,3.530229330062866,-3.2208914756774902,0.3804197311401367,1.3941516876220703,False
D4LensPINN,37,596,2,flip_h_r270,H09_poisson,0.27223390340805054,-0.07404041290283203,-0.19729208946228027,0.17235183715820312,False
D4LensPINN,37,596,2,flip_h_r270,H10_deflection,0.27223390340805054,-0.07404041290283203,-0.19729208946228027,0.17235183715820312,False
D4LensPINN,37,596,2,flip_h_r270,H11_inv_lens,25.176185607910156,-15.38682746887207,-10.721312522888184,16.79700469970703,False
D4LensPINN,37,596,2,flip_h_r270,H12_HANDOFF,1.590174913406372,1.1765384674072266,0.6313390731811523,-0.8636112213134766,False
D4LensPINN,37,596,2,flip_h_r270,H12b_input_proj,1.590174913406372,1.1765384674072266,0.6313390731811523,-0.8636112213134766,False
D4LensPINN,37,596,2,flip_h_r270,H13_eff3,1.590174913406372,1.1765384674072266,0.6313390731811523,-0.8636112213134766,False
D4LensPINN,37,596,2,flip_h_r270,H13b_eff4,1.590174913406372,1.1765384674072266,0.6313390731811523,-0.8636112213134766,False
D4LensPINN,37,596,2,flip_h_r270,H14_eff5,1.590174913406372,1.1765384674072266,0.6313390731811523,-0.8636112213134766,False
D4LensPINN,37,596,2,flip_h_r270,H14b_eff6,1.590174913406372,1.1765384674072266,0.6313390731811523,-0.8636112213134766,False
D4LensPINN,37,596,2,flip_h_r270,H15_before_gap,1.590174913406372,1.1765384674072266,0.6313390731811523,-0.8636112213134766,False
D4LensPINN,37,596,2,flip_h_r270,H16_after_gap,1.590174913406372,1.1765384674072266,0.6313390731811523,-0.8636112213134766,False
D4LensPINN,37,596,2,flip_h_r270,H17_pre_linear,1.590174913406372,1.1765384674072266,0.6313390731811523,-0.8636112213134766,False
D4LensPINN,38,597,0,e,H00_preprocess,0.0,0.0,0.0,0.0,False
D4LensPINN,38,597,0,e,H01_enc1,0.0,0.0,0.0,0.0,False
D4LensPINN,38,597,0,e,H02_enc2,0.0,0.0,0.0,0.0,False
D4LensPINN,38,597,0,e,H03_enc3,0.0,0.0,0.0,0.0,False
D4LensPINN,38,597,0,e,H04_bot,0.0,0.0,0.0,0.0,False
D4LensPINN,38,597,0,e,H08_kappa_out,0.0,0.0,0.0,0.0,False
D4LensPINN,38,597,0,e,H09_poisson,0.0,0.0,0.0,0.0,False
D4LensPINN,38,597,0,e,H10_deflection,0.0,0.0,0.0,0.0,False
D4LensPINN,38,597,0,e,H11_inv_lens,0.0,0.0,0.0,0.0,False
D4LensPINN,38,597,0,e,H12_HANDOFF,0.0,0.0,0.0,0.0,False
D4LensPINN,38,597,0,e,H12b_input_proj,0.0,0.0,0.0,0.0,False
D4LensPINN,38,597,0,e,H13_eff3,0.0,0.0,0.0,0.0,False
D4LensPINN,38,597,0,e,H13b_eff4,0.0,0.0,0.0,0.0,False
D4LensPINN,38,597,0,e,H14_eff5,0.0,0.0,0.0,0.0,False
D4LensPINN,38,597,0,e,H14b_eff6,0.0,0.0,0.0,0.0,False
D4LensPINN,38,597,0,e,H15_before_gap,0.0,0.0,0.0,0.0,False
D4LensPINN,38,597,0,e,H16_after_gap,0.0,0.0,0.0,0.0,False
D4LensPINN,38,597,0,e,H17_pre_linear,0.0,0.0,0.0,0.0,False
D4LensPINN,38,597,0,r90,H00_preprocess,2.417349100112915,-1.6701769828796387,1.7427334785461426,-0.13025307655334473,False
D4LensPINN,38,597,0,r90,H01_enc1,2.417349100112915,-1.6701769828796387,1.7427334785461426,-0.13025307655334473,False
D4LensPINN,38,597,0,r90,H02_enc2,2.1969096660614014,-1.4893062114715576,1.6034562587738037,-0.19314932823181152,False
D4LensPINN,38,597,0,r90,H03_enc3,1.8032965660095215,-1.2522947788238525,0.26943278312683105,1.2692683935165405,False
D4LensPINN,38,597,0,r90,H04_bot,1.8012319803237915,-1.3040294647216797,0.4411965310573578,1.16158926486969,False
D4LensPINN,38,597,0,r90,H08_kappa_out,2.417349100112915,-1.6701769828796387,1.7427334785461426,-0.13025307655334473,False
D4LensPINN,38,597,0,r90,H09_poisson,0.12307247519493103,-0.008301258087158203,-0.07236742973327637,0.09920120239257812,False
D4LensPINN,38,597,0,r90,H10_deflection,0.12307247519493103,-0.008301258087158203,-0.07236742973327637,0.09920120239257812,False
D4LensPINN,38,597,0,r90,H11_inv_lens,4.001862525939941,-2.8942618370056152,0.12399369478225708,2.7609376907348633,False
D4LensPINN,38,597,0,r90,H12_HANDOFF,7.624128818511963,-5.886781692504883,-0.4424854516983032,4.824660301208496,False
D4LensPINN,38,597,0,r90,H12b_input_proj,7.624128818511963,-5.886781692504883,-0.4424854516983032,4.824660301208496,False
D4LensPINN,38,597,0,r90,H13_eff3,7.624128818511963,-5.886781692504883,-0.4424854516983032,4.824660301208496,False
D4LensPINN,38,597,0,r90,H13b_eff4,7.624128818511963,-5.886781692504883,-0.4424854516983032,4.824660301208496,False
D4LensPINN,38,597,0,r90,H14_eff5,7.624128818511963,-5.886781692504883,-0.4424854516983032,4.824660301208496,False
D4LensPINN,38,597,0,r90,H14b_eff6,7.624128818511963,-5.886781692504883,-0.4424854516983032,4.824660301208496,False
D4LensPINN,38,597,0,r90,H15_before_gap,7.624128818511963,-5.886781692504883,-0.4424854516983032,4.824660301208496,False
D4LensPINN,38,597,0,r90,H16_after_gap,7.624128818511963,-5.886781692504883,-0.4424854516983032,4.824660301208496,False
D4LensPINN,38,597,0,r90,H17_pre_linear,7.624128818511963,-5.886781692504883,-0.4424854516983032,4.824660301208496,False
D4LensPINN,38,597,0,r180,H00_preprocess,0.7601675987243652,-0.5466463565826416,0.1768937110900879,0.49773597717285156,False
D4LensPINN,38,597,0,r180,H01_enc1,0.7601675987243652,-0.5466463565826416,0.1768937110900879,0.49773597717285156,False
D4LensPINN,38,597,0,r180,H02_enc2,0.5693254470825195,-0.3705413341522217,0.033459484577178955,0.4309420585632324,False
D4LensPINN,38,597,0,r180,H03_enc3,0.2580310106277466,-0.18126916885375977,0.07340329885482788,0.16832542419433594,False
D4LensPINN,38,597,0,r180,H04_bot,0.12164884060621262,-0.07691621780395508,0.0928376317024231,0.016232967376708984,False
D4LensPINN,38,597,0,r180,H08_kappa_out,0.7601675987243652,-0.5466463565826416,0.1768937110900879,0.49773597717285156,False
D4LensPINN,38,597,0,r180,H09_poisson,0.1756792962551117,-0.014713525772094727,0.14508378505706787,-0.09796643257141113,False
D4LensPINN,38,597,0,r180,H10_deflection,0.1756792962551117,-0.014713525772094727,0.14508378505706787,-0.09796643257141113,False
D4LensPINN,38,597,0,r180,H11_inv_lens,30.732046127319336,-20.29026985168457,-10.811317443847656,20.393110275268555,False
D4LensPINN,38,597,0,r180,H12_HANDOFF,1.041319489479065,-0.7440035343170166,0.2894468903541565,0.6685997247695923,False
D4LensPINN,38,597,0,r180,H12b_input_proj,1.041319489479065,-0.7440035343170166,0.2894468903541565,0.6685997247695923,False
D4LensPINN,38,597,0,r180,H13_eff3,1.041319489479065,-0.7440035343170166,0.2894468903541565,0.6685997247695923,False
D4LensPINN,38,597,0,r180,H13b_eff4,1.041319489479065,-0.7440035343170166,0.2894468903541565,0.6685997247695923,False
D4LensPINN,38,597,0,r180,H14_eff5,1.041319489479065,-0.7440035343170166,0.2894468903541565,0.6685997247695923,False
D4LensPINN,38,597,0,r180,H14b_eff6,1.041319489479065,-0.7440035343170166,0.2894468903541565,0.6685997247695923,False
D4LensPINN,38,597,0,r180,H15_before_gap,1.041319489479065,-0.7440035343170166,0.2894468903541565,0.6685997247695923,False
D4LensPINN,38,597,0,r180,H16_after_gap,1.041319489479065,-0.7440035343170166,0.2894468903541565,0.6685997247695923,False
D4LensPINN,38,597,0,r180,H17_pre_linear,1.041319489479065,-0.7440035343170166,0.2894468903541565,0.6685997247695923,False
D4LensPINN,38,597,0,r270,H00_preprocess,5.107881546020508,-4.3113112449646,0.6582729816436768,2.658895492553711,False
D4LensPINN,38,597,0,r270,H01_enc1,5.107881546020508,-4.3113112449646,0.6582729816436768,2.658895492553711,False
D4LensPINN,38,597,0,r270,H02_enc2,3.3544540405273438,-2.58272647857666,0.20459294319152832,2.1307342052459717,False
D4LensPINN,38,597,0,r270,H03_enc3,0.26435330510139465,0.06303143501281738,0.1424536108970642,-0.21358060836791992,False
D4LensPINN,38,597,0,r270,H04_bot,0.3074331283569336,0.01338648796081543,0.20951777696609497,-0.22458457946777344,False
D4LensPINN,38,597,0,r270,H08_kappa_out,5.107881546020508,-4.3113112449646,0.6582729816436768,2.658895492553711,False
D4LensPINN,38,597,0,r270,H09_poisson,0.17136801779270172,0.10012125968933105,-0.13817203044891357,0.015850067138671875,False
D4LensPINN,38,597,0,r270,H10_deflection,0.17136801779270172,0.10012125968933105,-0.13817203044891357,0.015850067138671875,False
D4LensPINN,38,597,0,r270,H11_inv_lens,15.033123016357422,-11.009292602539062,-3.4312825202941895,9.644510269165039,False
D4LensPINN,38,597,0,r270,H12_HANDOFF,6.295252323150635,-4.562830448150635,-0.5925731658935547,4.2964677810668945,False
D4LensPINN,38,597,0,r270,H12b_input_proj,6.295252323150635,-4.562830448150635,-0.5925731658935547,4.2964677810668945,False
D4LensPINN,38,597,0,r270,H13_eff3,6.295252323150635,-4.562830448150635,-0.5925731658935547,4.2964677810668945,False
D4LensPINN,38,597,0,r270,H13b_eff4,6.295252323150635,-4.562830448150635,-0.5925731658935547,4.2964677810668945,False
D4LensPINN,38,597,0,r270,H14_eff5,6.295252323150635,-4.562830448150635,-0.5925731658935547,4.2964677810668945,False
D4LensPINN,38,597,0,r270,H14b_eff6,6.295252323150635,-4.562830448150635,-0.5925731658935547,4.2964677810668945,False
D4LensPINN,38,597,0,r270,H15_before_gap,6.295252323150635,-4.562830448150635,-0.5925731658935547,4.2964677810668945,False
D4LensPINN,38,597,0,r270,H16_after_gap,6.295252323150635,-4.562830448150635,-0.5925731658935547,4.2964677810668945,False
D4LensPINN,38,597,0,r270,H17_pre_linear,6.295252323150635,-4.562830448150635,-0.5925731658935547,4.2964677810668945,False
D4LensPINN,38,597,0,flip_h,H00_preprocess,0.46178609132766724,0.21936726570129395,0.09980326890945435,-0.3939082622528076,False
D4LensPINN,38,597,0,flip_h,H01_enc1,0.46178609132766724,0.21936726570129395,0.09980326890945435,-0.3939082622528076,False
D4LensPINN,38,597,0,flip_h,H02_enc2,0.5487269759178162,0.26891160011291504,0.10947567224502563,-0.4656209945678711,False
D4LensPINN,38,597,0,flip_h,H03_enc3,2.27547550201416,-1.1526110172271729,1.7394568920135498,-0.9075052738189697,False
D4LensPINN,38,597,0,flip_h,H04_bot,2.1886191368103027,-1.1413545608520508,1.6660137176513672,-0.8436596393585205,False
D4LensPINN,38,597,0,flip_h,H08_kappa_out,0.46178609132766724,0.21936726570129395,0.09980326890945435,-0.3939082622528076,False
D4LensPINN,38,597,0,flip_h,H09_poisson,0.18349845707416534,-0.10449671745300293,-0.00420302152633667,0.15077948570251465,False
D4LensPINN,38,597,0,flip_h,H10_deflection,0.18349845707416534,-0.10449671745300293,-0.00420302152633667,0.15077948570251465,False
D4LensPINN,38,597,0,flip_h,H11_inv_lens,20.32576560974121,-14.001729011535645,-6.089796543121338,13.416507720947266,False
D4LensPINN,38,597,0,flip_h,H12_HANDOFF,0.561899721622467,-0.3808915615081787,0.07118040323257446,0.40692293643951416,False
D4LensPINN,38,597,0,flip_h,H12b_input_proj,0.561899721622467,-0.3808915615081787,0.07118040323257446,0.40692293643951416,False
D4LensPINN,38,597,0,flip_h,H13_eff3,0.561899721622467,-0.3808915615081787,0.07118040323257446,0.40692293643951416,False
D4LensPINN,38,597,0,flip_h,H13b_eff4,0.561899721622467,-0.3808915615081787,0.07118040323257446,0.40692293643951416,False
D4LensPINN,38,597,0,flip_h,H14_eff5,0.561899721622467,-0.3808915615081787,0.07118040323257446,0.40692293643951416,False
D4LensPINN,38,597,0,flip_h,H14b_eff6,0.561899721622467,-0.3808915615081787,0.07118040323257446,0.40692293643951416,False
D4LensPINN,38,597,0,flip_h,H15_before_gap,0.561899721622467,-0.3808915615081787,0.07118040323257446,0.40692293643951416,False
D4LensPINN,38,597,0,flip_h,H16_after_gap,0.561899721622467,-0.3808915615081787,0.07118040323257446,0.40692293643951416,False
D4LensPINN,38,597,0,flip_h,H17_pre_linear,0.561899721622467,-0.3808915615081787,0.07118040323257446,0.40692293643951416,False
D4LensPINN,38,597,0,flip_h_r90,H00_preprocess,2.752617597579956,-2.1546692848205566,0.6739832162857056,1.5748177766799927,False
D4LensPINN,38,597,0,flip_h_r90,H01_enc1,2.752617597579956,-2.1546692848205566,0.6739832162857056,1.5748177766799927,False
D4LensPINN,38,597,0,flip_h_r90,H02_enc2,1.600566029548645,-1.1975617408752441,0.5061473846435547,0.933526873588562,False
D4LensPINN,38,597,0,flip_h_r90,H03_enc3,3.1537342071533203,-2.258040189743042,0.17392867803573608,2.1947762966156006,False
D4LensPINN,38,597,0,flip_h_r90,H04_bot,3.2352840900421143,-2.3694515228271484,0.3193551301956177,2.1796271800994873,False
D4LensPINN,38,597,0,flip_h_r90,H08_kappa_out,2.752617597579956,-2.1546692848205566,0.6739832162857056,1.5748177766799927,False
D4LensPINN,38,597,0,flip_h_r90,H09_poisson,0.18306079506874084,0.12939810752868652,-0.00861358642578125,-0.12920212745666504,False
D4LensPINN,38,597,0,flip_h_r90,H10_deflection,0.18306079506874084,0.12939810752868652,-0.00861358642578125,-0.12920212745666504,False
D4LensPINN,38,597,0,flip_h_r90,H11_inv_lens,4.728567123413086,-3.685936450958252,0.1432005763053894,2.958498477935791,False
D4LensPINN,38,597,0,flip_h_r90,H12_HANDOFF,6.045780181884766,-4.3945770263671875,-0.48345351219177246,4.123763561248779,False
D4LensPINN,38,597,0,flip_h_r90,H12b_input_proj,6.045780181884766,-4.3945770263671875,-0.48345351219177246,4.123763561248779,False
D4LensPINN,38,597,0,flip_h_r90,H13_eff3,6.045780181884766,-4.3945770263671875,-0.48345351219177246,4.123763561248779,False
D4LensPINN,38,597,0,flip_h_r90,H13b_eff4,6.045780181884766,-4.3945770263671875,-0.48345351219177246,4.123763561248779,False
D4LensPINN,38,597,0,flip_h_r90,H14_eff5,6.045780181884766,-4.3945770263671875,-0.48345351219177246,4.123763561248779,False
D4LensPINN,38,597,0,flip_h_r90,H14b_eff6,6.045780181884766,-4.3945770263671875,-0.48345351219177246,4.123763561248779,False
D4LensPINN,38,597,0,flip_h_r90,H15_before_gap,6.045780181884766,-4.3945770263671875,-0.48345351219177246,4.123763561248779,False
D4LensPINN,38,597,0,flip_h_r90,H16_after_gap,6.045780181884766,-4.3945770263671875,-0.48345351219177246,4.123763561248779,False
D4LensPINN,38,597,0,flip_h_r90,H17_pre_linear,6.045780181884766,-4.3945770263671875,-0.48345351219177246,4.123763561248779,False
D4LensPINN,38,597,0,flip_h_r180,H00_preprocess,5.862135410308838,-5.081231117248535,1.0062084197998047,2.7446794509887695,False
D4LensPINN,38,597,0,flip_h_r180,H01_enc1,5.862135410308838,-5.081231117248535,1.0062084197998047,2.7446794509887695,False
D4LensPINN,38,597,0,flip_h_r180,H02_enc2,2.96809983253479,-2.353663682937622,0.49720001220703125,1.7385846376419067,False
D4LensPINN,38,597,0,flip_h_r180,H03_enc3,0.7810757756233215,-0.5831472873687744,0.28293949365615845,0.4358484745025635,False
D4LensPINN,38,597,0,flip_h_r180,H04_bot,0.5733851790428162,-0.42722392082214355,0.23335319757461548,0.3029794692993164,False
D4LensPINN,38,597,0,flip_h_r180,H08_kappa_out,5.862135410308838,-5.081231117248535,1.0062084197998047,2.7446794509887695,False
D4LensPINN,38,597,0,flip_h_r180,H09_poisson,0.28973209857940674,0.15299248695373535,0.061497628688812256,-0.2382352352142334,False
D4LensPINN,38,597,0,flip_h_r180,H10_deflection,0.28973209857940674,0.15299248695373535,0.061497628688812256,-0.2382352352142334,False
D4LensPINN,38,597,0,flip_h_r180,H11_inv_lens,33.22750473022461,-22.860076904296875,-10.659555435180664,21.630022048950195,False
D4LensPINN,38,597,0,flip_h_r180,H12_HANDOFF,1.315405011177063,-0.9692485332489014,0.38662081956863403,0.8008570671081543,False
D4LensPINN,38,597,0,flip_h_r180,H12b_input_proj,1.315405011177063,-0.9692485332489014,0.38662081956863403,0.8008570671081543,False
D4LensPINN,38,597,0,flip_h_r180,H13_eff3,1.315405011177063,-0.9692485332489014,0.38662081956863403,0.8008570671081543,False
D4LensPINN,38,597,0,flip_h_r180,H13b_eff4,1.315405011177063,-0.9692485332489014,0.38662081956863403,0.8008570671081543,False
D4LensPINN,38,597,0,flip_h_r180,H14_eff5,1.315405011177063,-0.9692485332489014,0.38662081956863403,0.8008570671081543,False
D4LensPINN,38,597,0,flip_h_r180,H14b_eff6,1.315405011177063,-0.9692485332489014,0.38662081956863403,0.8008570671081543,False
D4LensPINN,38,597,0,flip_h_r180,H15_before_gap,1.315405011177063,-0.9692485332489014,0.38662081956863403,0.8008570671081543,False
D4LensPINN,38,597,0,flip_h_r180,H16_after_gap,1.315405011177063,-0.9692485332489014,0.38662081956863403,0.8008570671081543,False
D4LensPINN,38,597,0,flip_h_r180,H17_pre_linear,1.315405011177063,-0.9692485332489014,0.38662081956863403,0.8008570671081543,False
D4LensPINN,38,597,0,flip_h_r270,H00_preprocess,0.1531013697385788,0.035382986068725586,0.08085072040557861,-0.1251049041748047,False
D4LensPINN,38,597,0,flip_h_r270,H01_enc1,0.1531013697385788,0.035382986068725586,0.08085072040557861,-0.1251049041748047,False
D4LensPINN,38,597,0,flip_h_r270,H02_enc2,0.21327510476112366,0.11495232582092285,0.030847549438476562,-0.17697644233703613,False
D4LensPINN,38,597,0,flip_h_r270,H03_enc3,0.3901114761829376,-0.10660362243652344,0.3294890522956848,-0.1796095371246338,False
D4LensPINN,38,597,0,flip_h_r270,H04_bot,0.28849804401397705,-0.08472609519958496,0.24456322193145752,-0.1274418830871582,False
D4LensPINN,38,597,0,flip_h_r270,H08_kappa_out,0.1531013697385788,0.035382986068725586,0.08085072040557861,-0.1251049041748047,False
D4LensPINN,38,597,0,flip_h_r270,H09_poisson,0.17680251598358154,0.022791147232055664,-0.13750004768371582,0.10878157615661621,False
D4LensPINN,38,597,0,flip_h_r270,H10_deflection,0.17680251598358154,0.022791147232055664,-0.13750004768371582,0.10878157615661621,False
D4LensPINN,38,597,0,flip_h_r270,H11_inv_lens,7.1701459884643555,-5.332744121551514,-0.5928993225097656,4.756186008453369,False
D4LensPINN,38,597,0,flip_h_r270,H12_HANDOFF,5.904688358306885,-4.169820308685303,-0.5913478136062622,4.13862943649292,False
D4LensPINN,38,597,0,flip_h_r270,H12b_input_proj,5.904688358306885,-4.169820308685303,-0.5913478136062622,4.13862943649292,False
D4LensPINN,38,597,0,flip_h_r270,H13_eff3,5.904688358306885,-4.169820308685303,-0.5913478136062622,4.13862943649292,False
D4LensPINN,38,597,0,flip_h_r270,H13b_eff4,5.904688358306885,-4.169820308685303,-0.5913478136062622,4.13862943649292,False
D4LensPINN,38,597,0,flip_h_r270,H14_eff5,5.904688358306885,-4.169820308685303,-0.5913478136062622,4.13862943649292,False
D4LensPINN,38,597,0,flip_h_r270,H14b_eff6,5.904688358306885,-4.169820308685303,-0.5913478136062622,4.13862943649292,False
D4LensPINN,38,597,0,flip_h_r270,H15_before_gap,5.904688358306885,-4.169820308685303,-0.5913478136062622,4.13862943649292,False
D4LensPINN,38,597,0,flip_h_r270,H16_after_gap,5.904688358306885,-4.169820308685303,-0.5913478136062622,4.13862943649292,False
D4LensPINN,38,597,0,flip_h_r270,H17_pre_linear,5.904688358306885,-4.169820308685303,-0.5913478136062622,4.13862943649292,False
D4LensPINN,39,600,0,e,H00_preprocess,0.0,0.0,0.0,0.0,False
D4LensPINN,39,600,0,e,H01_enc1,0.0,0.0,0.0,0.0,False
D4LensPINN,39,600,0,e,H02_enc2,0.0,0.0,0.0,0.0,False
D4LensPINN,39,600,0,e,H03_enc3,0.0,0.0,0.0,0.0,False
D4LensPINN,39,600,0,e,H04_bot,0.0,0.0,0.0,0.0,False
D4LensPINN,39,600,0,e,H08_kappa_out,0.0,0.0,0.0,0.0,False
D4LensPINN,39,600,0,e,H09_poisson,0.0,0.0,0.0,0.0,False
D4LensPINN,39,600,0,e,H10_deflection,0.0,0.0,0.0,0.0,False
D4LensPINN,39,600,0,e,H11_inv_lens,0.0,0.0,0.0,0.0,False
D4LensPINN,39,600,0,e,H12_HANDOFF,0.0,0.0,0.0,0.0,False
D4LensPINN,39,600,0,e,H12b_input_proj,0.0,0.0,0.0,0.0,False
D4LensPINN,39,600,0,e,H13_eff3,0.0,0.0,0.0,0.0,False
D4LensPINN,39,600,0,e,H13b_eff4,0.0,0.0,0.0,0.0,False
D4LensPINN,39,600,0,e,H14_eff5,0.0,0.0,0.0,0.0,False
D4LensPINN,39,600,0,e,H14b_eff6,0.0,0.0,0.0,0.0,False
D4LensPINN,39,600,0,e,H15_before_gap,0.0,0.0,0.0,0.0,False
D4LensPINN,39,600,0,e,H16_after_gap,0.0,0.0,0.0,0.0,False
D4LensPINN,39,600,0,e,H17_pre_linear,0.0,0.0,0.0,0.0,False
D4LensPINN,39,600,0,r90,H00_preprocess,3.2876617908477783,-2.6855216026306152,0.6301359534263611,1.7887489795684814,False
D4LensPINN,39,600,0,r90,H01_enc1,3.2876617908477783,-2.6855216026306152,0.6301359534263611,1.7887489795684814,False
D4LensPINN,39,600,0,r90,H02_enc2,3.0734310150146484,-2.371086597442627,0.31129971146583557,1.9305487871170044,False
D4LensPINN,39,600,0,r90,H03_enc3,5.23853063583374,-4.617995738983154,0.9856653213500977,2.2682108879089355,False
D4LensPINN,39,600,0,r90,H04_bot,4.726561546325684,-4.116076946258545,0.8490796685218811,2.1627204418182373,False
D4LensPINN,39,600,0,r90,H08_kappa_out,3.2876617908477783,-2.6855216026306152,0.6301359534263611,1.7887489795684814,False
D4LensPINN,39,600,0,r90,H09_poisson,0.26215800642967224,-0.144942045211792,0.2072329819202423,-0.06908774375915527,False
D4LensPINN,39,600,0,r90,H10_deflection,0.26215800642967224,-0.144942045211792,0.2072329819202423,-0.06908774375915527,False
D4LensPINN,39,600,0,r90,H11_inv_lens,12.432650566101074,-8.281584739685059,-3.5276050567626953,8.575672149658203,False
D4LensPINN,39,600,0,r90,H12_HANDOFF,4.433391571044922,-3.3080217838287354,-0.07624560594558716,2.9506165981292725,False
D4LensPINN,39,600,0,r90,H12b_input_proj,4.433391571044922,-3.3080217838287354,-0.07624560594558716,2.9506165981292725,False
D4LensPINN,39,600,0,r90,H13_eff3,4.433391571044922,-3.3080217838287354,-0.07624560594558716,2.9506165981292725,False
D4LensPINN,39,600,0,r90,H13b_eff4,4.433391571044922,-3.3080217838287354,-0.07624560594558716,2.9506165981292725,False
D4LensPINN,39,600,0,r90,H14_eff5,4.433391571044922,-3.3080217838287354,-0.07624560594558716,2.9506165981292725,False
D4LensPINN,39,600,0,r90,H14b_eff6,4.433391571044922,-3.3080217838287354,-0.07624560594558716,2.9506165981292725,False
D4LensPINN,39,600,0,r90,H15_before_gap,4.433391571044922,-3.3080217838287354,-0.07624560594558716,2.9506165981292725,False
D4LensPINN,39,600,0,r90,H16_after_gap,4.433391571044922,-3.3080217838287354,-0.07624560594558716,2.9506165981292725,False
D4LensPINN,39,600,0,r90,H17_pre_linear,4.433391571044922,-3.3080217838287354,-0.07624560594558716,2.9506165981292725,False
D4LensPINN,39,600,0,r180,H00_preprocess,0.4692297577857971,-0.3718693256378174,0.28607916831970215,-0.00696253776550293,False
D4LensPINN,39,600,0,r180,H01_enc1,0.4692297577857971,-0.3718693256378174,0.28607916831970215,-0.00696253776550293,False
D4LensPINN,39,600,0,r180,H02_enc2,0.7312692999839783,-0.5154848098754883,0.4937503933906555,-0.1588735580444336,False
D4LensPINN,39,600,0,r180,H03_enc3,0.45308437943458557,-0.3295891284942627,0.03398028016090393,0.3090336322784424,False
D4LensPINN,39,600,0,r180,H04_bot,0.331676721572876,-0.1959240436553955,-0.031655728816986084,0.2657463550567627,False
D4LensPINN,39,600,0,r180,H08_kappa_out,0.4692297577857971,-0.3718693256378174,0.28607916831970215,-0.00696253776550293,False
D4LensPINN,39,600,0,r180,H09_poisson,0.12353620678186417,0.016346216201782227,0.06953507661819458,-0.10079121589660645,False
D4LensPINN,39,600,0,r180,H10_deflection,0.12353620678186417,0.016346216201782227,0.06953507661819458,-0.10079121589660645,False
D4LensPINN,39,600,0,r180,H11_inv_lens,15.704618453979492,-10.442935943603516,-4.705742835998535,10.744120597839355,False
D4LensPINN,39,600,0,r180,H12_HANDOFF,0.6917927265167236,0.23038887977600098,0.3527682423591614,-0.548682689666748,False
D4LensPINN,39,600,0,r180,H12b_input_proj,0.6917927265167236,0.23038887977600098,0.3527682423591614,-0.548682689666748,False
D4LensPINN,39,600,0,r180,H13_eff3,0.6917927265167236,0.23038887977600098,0.3527682423591614,-0.548682689666748,False
D4LensPINN,39,600,0,r180,H13b_eff4,0.6917927265167236,0.23038887977600098,0.3527682423591614,-0.548682689666748,False
D4LensPINN,39,600,0,r180,H14_eff5,0.6917927265167236,0.23038887977600098,0.3527682423591614,-0.548682689666748,False
D4LensPINN,39,600,0,r180,H14b_eff6,0.6917927265167236,0.23038887977600098,0.3527682423591614,-0.548682689666748,False
D4LensPINN,39,600,0,r180,H15_before_gap,0.6917927265167236,0.23038887977600098,0.3527682423591614,-0.548682689666748,False
D4LensPINN,39,600,0,r180,H16_after_gap,0.6917927265167236,0.23038887977600098,0.3527682423591614,-0.548682689666748,False
D4LensPINN,39,600,0,r180,H17_pre_linear,0.6917927265167236,0.23038887977600098,0.3527682423591614,-0.548682689666748,False
D4LensPINN,39,600,0,r270,H00_preprocess,2.255180835723877,-1.847676396369934,0.7488185167312622,1.054136037826538,False
D4LensPINN,39,600,0,r270,H01_enc1,2.255180835723877,-1.847676396369934,0.7488185167312622,1.054136037826538,False
D4LensPINN,39,600,0,r270,H02_enc2,1.8476709127426147,-1.479229211807251,0.5788609385490417,0.9437631368637085,False
D4LensPINN,39,600,0,r270,H03_enc3,5.103636264801025,-4.432842254638672,0.7904469966888428,2.402541160583496,False
D4LensPINN,39,600,0,r270,H04_bot,5.079504013061523,-4.3714599609375,0.6717270016670227,2.4980955123901367,False
D4LensPINN,39,600,0,r270,H08_kappa_out,2.255180835723877,-1.847676396369934,0.7488185167312622,1.054136037826538,False
D4LensPINN,39,600,0,r270,H09_poisson,0.3739038109779358,-0.29140210151672363,0.22931301593780518,0.0480043888092041,False
D4LensPINN,39,600,0,r270,H10_deflection,0.3739038109779358,-0.29140210151672363,0.22931301593780518,0.0480043888092041,False
D4LensPINN,39,600,0,r270,H11_inv_lens,29.56804847717285,-19.701589584350586,-9.988905906677246,19.655500411987305,False
D4LensPINN,39,600,0,r270,H12_HANDOFF,5.788976192474365,-3.974822521209717,-0.8172038793563843,4.128584384918213,False
D4LensPINN,39,600,0,r270,H12b_input_proj,5.788976192474365,-3.974822521209717,-0.8172038793563843,4.128584384918213,False
D4LensPINN,39,600,0,r270,H13_eff3,5.788976192474365,-3.974822521209717,-0.8172038793563843,4.128584384918213,False
D4LensPINN,39,600,0,r270,H13b_eff4,5.788976192474365,-3.974822521209717,-0.8172038793563843,4.128584384918213,False
D4LensPINN,39,600,0,r270,H14_eff5,5.788976192474365,-3.974822521209717,-0.8172038793563843,4.128584384918213,False
D4LensPINN,39,600,0,r270,H14b_eff6,5.788976192474365,-3.974822521209717,-0.8172038793563843,4.128584384918213,False
D4LensPINN,39,600,0,r270,H15_before_gap,5.788976192474365,-3.974822521209717,-0.8172038793563843,4.128584384918213,False
D4LensPINN,39,600,0,r270,H16_after_gap,5.788976192474365,-3.974822521209717,-0.8172038793563843,4.128584384918213,False
D4LensPINN,39,600,0,r270,H17_pre_linear,5.788976192474365,-3.974822521209717,-0.8172038793563843,4.128584384918213,False
D4LensPINN,39,600,0,flip_h,H00_preprocess,0.5946703553199768,0.44587063789367676,-0.19673854112625122,-0.3407728672027588,False
D4LensPINN,39,600,0,flip_h,H01_enc1,0.5946703553199768,0.44587063789367676,-0.19673854112625122,-0.3407728672027588,False
D4LensPINN,39,600,0,flip_h,H02_enc2,0.37111130356788635,0.28652000427246094,-0.1840205192565918,-0.14753413200378418,False
D4LensPINN,39,600,0,flip_h,H03_enc3,0.15183185040950775,-0.013443470001220703,-0.08049994707107544,0.12803101539611816,False
D4LensPINN,39,600,0,flip_h,H04_bot,0.11027193814516068,0.012745141983032227,-0.07198971509933472,0.08255267143249512,False
D4LensPINN,39,600,0,flip_h,H08_kappa_out,0.5946703553199768,0.44587063789367676,-0.19673854112625122,-0.3407728672027588,False
D4LensPINN,39,600,0,flip_h,H09_poisson,0.05152494087815285,-0.04187345504760742,0.02040231227874756,0.022026777267456055,False
D4LensPINN,39,600,0,flip_h,H10_deflection,0.05152494087815285,-0.04187345504760742,0.02040231227874756,0.022026777267456055,False
D4LensPINN,39,600,0,flip_h,H11_inv_lens,8.019458770751953,-5.7595930099487305,-1.3435167074203491,5.416065692901611,False
D4LensPINN,39,600,0,flip_h,H12_HANDOFF,1.573063611984253,1.192145586013794,-0.6341187953948975,-0.8069765567779541,False
D4LensPINN,39,600,0,flip_h,H12b_input_proj,1.573063611984253,1.192145586013794,-0.6341187953948975,-0.8069765567779541,False
D4LensPINN,39,600,0,flip_h,H13_eff3,1.573063611984253,1.192145586013794,-0.6341187953948975,-0.8069765567779541,False
D4LensPINN,39,600,0,flip_h,H13b_eff4,1.573063611984253,1.192145586013794,-0.6341187953948975,-0.8069765567779541,False
D4LensPINN,39,600,0,flip_h,H14_eff5,1.573063611984253,1.192145586013794,-0.6341187953948975,-0.8069765567779541,False
D4LensPINN,39,600,0,flip_h,H14b_eff6,1.573063611984253,1.192145586013794,-0.6341187953948975,-0.8069765567779541,False
D4LensPINN,39,600,0,flip_h,H15_before_gap,1.573063611984253,1.192145586013794,-0.6341187953948975,-0.8069765567779541,False
D4LensPINN,39,600,0,flip_h,H16_after_gap,1.573063611984253,1.192145586013794,-0.6341187953948975,-0.8069765567779541,False
D4LensPINN,39,600,0,flip_h,H17_pre_linear,1.573063611984253,1.192145586013794,-0.6341187953948975,-0.8069765567779541,False
D4LensPINN,39,600,0,flip_h_r90,H00_preprocess,0.8429399728775024,-0.645409345626831,0.28645336627960205,0.46036839485168457,False
D4LensPINN,39,600,0,flip_h_r90,H01_enc1,0.8429399728775024,-0.645409345626831,0.28645336627960205,0.46036839485168457,False
D4LensPINN,39,600,0,flip_h_r90,H02_enc2,0.9505063891410828,-0.5176877975463867,-0.11068719625473022,0.7894365787506104,False
D4LensPINN,39,600,0,flip_h_r90,H03_enc3,5.736832141876221,-5.049205780029297,0.9309711456298828,2.5593080520629883,False
D4LensPINN,39,600,0,flip_h_r90,H04_bot,5.484679222106934,-4.781540870666504,0.782465398311615,2.5702767372131348,False
D4LensPINN,39,600,0,flip_h_r90,H08_kappa_out,0.8429399728775024,-0.645409345626831,0.28645336627960205,0.46036839485168457,False
D4LensPINN,39,600,0,flip_h_r90,H09_poisson,0.3276781439781189,-0.2625436782836914,0.16579270362854004,0.10467362403869629,False
D4LensPINN,39,600,0,flip_h_r90,H10_deflection,0.3276781439781189,-0.2625436782836914,0.16579270362854004,0.10467362403869629,False
D4LensPINN,39,600,0,flip_h_r90,H11_inv_lens,15.712640762329102,-10.369024276733398,-4.831624984741211,10.771528244018555,False
D4LensPINN,39,600,0,flip_h_r90,H12_HANDOFF,4.539299488067627,-3.089859962463379,-0.4308739900588989,3.2973251342773438,False
D4LensPINN,39,600,0,flip_h_r90,H12b_input_proj,4.539299488067627,-3.089859962463379,-0.4308739900588989,3.2973251342773438,False
D4LensPINN,39,600,0,flip_h_r90,H13_eff3,4.539299488067627,-3.089859962463379,-0.4308739900588989,3.2973251342773438,False
D4LensPINN,39,600,0,flip_h_r90,H13b_eff4,4.539299488067627,-3.089859962463379,-0.4308739900588989,3.2973251342773438,False
D4LensPINN,39,600,0,flip_h_r90,H14_eff5,4.539299488067627,-3.089859962463379,-0.4308739900588989,3.2973251342773438,False
D4LensPINN,39,600,0,flip_h_r90,H14b_eff6,4.539299488067627,-3.089859962463379,-0.4308739900588989,3.2973251342773438,False
D4LensPINN,39,600,0,flip_h_r90,H15_before_gap,4.539299488067627,-3.089859962463379,-0.4308739900588989,3.2973251342773438,False
D4LensPINN,39,600,0,flip_h_r90,H16_after_gap,4.539299488067627,-3.089859962463379,-0.4308739900588989,3.2973251342773438,False
D4LensPINN,39,600,0,flip_h_r90,H17_pre_linear,4.539299488067627,-3.089859962463379,-0.4308739900588989,3.2973251342773438,False
D4LensPINN,39,600,0,flip_h_r180,H00_preprocess,0.5362144708633423,0.4018421173095703,-0.1870463490486145,-0.30176568031311035,False
D4LensPINN,39,600,0,flip_h_r180,H01_enc1,0.5362144708633423,0.4018421173095703,-0.1870463490486145,-0.30176568031311035,False
D4LensPINN,39,600,0,flip_h_r180,H02_enc2,0.3325783908367157,0.22935175895690918,-0.0701112151145935,-0.23041391372680664,False
D4LensPINN,39,600,0,flip_h_r180,H03_enc3,0.20126980543136597,-0.1249856948852539,-0.012284040451049805,0.15728068351745605,False
D4LensPINN,39,600,0,flip_h_r180,H04_bot,0.11354038119316101,-0.04883742332458496,-0.03595113754272461,0.09598875045776367,False
D4LensPINN,39,600,0,flip_h_r180,H08_kappa_out,0.5362144708633423,0.4018421173095703,-0.1870463490486145,-0.30176568031311035,False
D4LensPINN,39,600,0,flip_h_r180,H09_poisson,0.024832850322127342,0.00727391242980957,0.009573012590408325,-0.0217282772064209,False
D4LensPINN,39,600,0,flip_h_r180,H10_deflection,0.024832850322127342,0.00727391242980957,0.009573012590408325,-0.0217282772064209,False
D4LensPINN,39,600,0,flip_h_r180,H11_inv_lens,12.044767379760742,-8.983073234558105,-2.1961941719055176,7.717354774475098,False
D4LensPINN,39,600,0,flip_h_r180,H12_HANDOFF,0.8211182951927185,0.3527200222015381,0.24043631553649902,-0.70143723487854,False
D4LensPINN,39,600,0,flip_h_r180,H12b_input_proj,0.8211182951927185,0.3527200222015381,0.24043631553649902,-0.70143723487854,False
D4LensPINN,39,600,0,flip_h_r180,H13_eff3,0.8211182951927185,0.3527200222015381,0.24043631553649902,-0.70143723487854,False
D4LensPINN,39,600,0,flip_h_r180,H13b_eff4,0.8211182951927185,0.3527200222015381,0.24043631553649902,-0.70143723487854,False
D4LensPINN,39,600,0,flip_h_r180,H14_eff5,0.8211182951927185,0.3527200222015381,0.24043631553649902,-0.70143723487854,False
D4LensPINN,39,600,0,flip_h_r180,H14b_eff6,0.8211182951927185,0.3527200222015381,0.24043631553649902,-0.70143723487854,False
D4LensPINN,39,600,0,flip_h_r180,H15_before_gap,0.8211182951927185,0.3527200222015381,0.24043631553649902,-0.70143723487854,False
D4LensPINN,39,600,0,flip_h_r180,H16_after_gap,0.8211182951927185,0.3527200222015381,0.24043631553649902,-0.70143723487854,False
D4LensPINN,39,600,0,flip_h_r180,H17_pre_linear,0.8211182951927185,0.3527200222015381,0.24043631553649902,-0.70143723487854,False
D4LensPINN,39,600,0,flip_h_r270,H00_preprocess,4.104116439819336,-3.2159180641174316,0.1388837993144989,2.546046495437622,False
D4LensPINN,39,600,0,flip_h_r270,H01_enc1,4.104116439819336,-3.2159180641174316,0.1388837993144989,2.546046495437622,False
D4LensPINN,39,600,0,flip_h_r270,H02_enc2,3.9844119548797607,-2.8981332778930664,-0.20469385385513306,2.726621150970459,False
D4LensPINN,39,600,0,flip_h_r270,H03_enc3,4.175388336181641,-3.570199489593506,0.7044559717178345,2.047262668609619,False
D4LensPINN,39,600,0,flip_h_r270,H04_bot,4.005606174468994,-3.3732407093048096,0.5742461681365967,2.082395315170288,False
D4LensPINN,39,600,0,flip_h_r270,H08_kappa_out,4.104116439819336,-3.2159180641174316,0.1388837993144989,2.546046495437622,False
D4LensPINN,39,600,0,flip_h_r270,H09_poisson,0.19849292933940887,-0.079925537109375,0.156670480966568,-0.09200930595397949,False
D4LensPINN,39,600,0,flip_h_r270,H10_deflection,0.19849292933940887,-0.079925537109375,0.156670480966568,-0.09200930595397949,False
D4LensPINN,39,600,0,flip_h_r270,H11_inv_lens,15.157083511352539,-10.000869750976562,-4.653399467468262,10.395462989807129,False
D4LensPINN,39,600,0,flip_h_r270,H12_HANDOFF,6.808955192565918,-5.081019401550293,-0.7307982444763184,4.4733710289001465,False
D4LensPINN,39,600,0,flip_h_r270,H12b_input_proj,6.808955192565918,-5.081019401550293,-0.7307982444763184,4.4733710289001465,False
D4LensPINN,39,600,0,flip_h_r270,H13_eff3,6.808955192565918,-5.081019401550293,-0.7307982444763184,4.4733710289001465,False
D4LensPINN,39,600,0,flip_h_r270,H13b_eff4,6.808955192565918,-5.081019401550293,-0.7307982444763184,4.4733710289001465,False
D4LensPINN,39,600,0,flip_h_r270,H14_eff5,6.808955192565918,-5.081019401550293,-0.7307982444763184,4.4733710289001465,False
D4LensPINN,39,600,0,flip_h_r270,H14b_eff6,6.808955192565918,-5.081019401550293,-0.7307982444763184,4.4733710289001465,False
D4LensPINN,39,600,0,flip_h_r270,H15_before_gap,6.808955192565918,-5.081019401550293,-0.7307982444763184,4.4733710289001465,False
D4LensPINN,39,600,0,flip_h_r270,H16_after_gap,6.808955192565918,-5.081019401550293,-0.7307982444763184,4.4733710289001465,False
D4LensPINN,39,600,0,flip_h_r270,H17_pre_linear,6.808955192565918,-5.081019401550293,-0.7307982444763184,4.4733710289001465,False
D4LensPINN,40,603,2,e,H00_preprocess,0.0,0.0,0.0,0.0,False
D4LensPINN,40,603,2,e,H01_enc1,0.0,0.0,0.0,0.0,False
D4LensPINN,40,603,2,e,H02_enc2,0.0,0.0,0.0,0.0,False
D4LensPINN,40,603,2,e,H03_enc3,0.0,0.0,0.0,0.0,False
D4LensPINN,40,603,2,e,H04_bot,0.0,0.0,0.0,0.0,False
D4LensPINN,40,603,2,e,H08_kappa_out,0.0,0.0,0.0,0.0,False
D4LensPINN,40,603,2,e,H09_poisson,0.0,0.0,0.0,0.0,False
D4LensPINN,40,603,2,e,H10_deflection,0.0,0.0,0.0,0.0,False
D4LensPINN,40,603,2,e,H11_inv_lens,0.0,0.0,0.0,0.0,False
D4LensPINN,40,603,2,e,H12_HANDOFF,0.0,0.0,0.0,0.0,False
D4LensPINN,40,603,2,e,H12b_input_proj,0.0,0.0,0.0,0.0,False
D4LensPINN,40,603,2,e,H13_eff3,0.0,0.0,0.0,0.0,False
D4LensPINN,40,603,2,e,H13b_eff4,0.0,0.0,0.0,0.0,False
D4LensPINN,40,603,2,e,H14_eff5,0.0,0.0,0.0,0.0,False
D4LensPINN,40,603,2,e,H14b_eff6,0.0,0.0,0.0,0.0,False
D4LensPINN,40,603,2,e,H15_before_gap,0.0,0.0,0.0,0.0,False
D4LensPINN,40,603,2,e,H16_after_gap,0.0,0.0,0.0,0.0,False
D4LensPINN,40,603,2,e,H17_pre_linear,0.0,0.0,0.0,0.0,False
D4LensPINN,40,603,2,r90,H00_preprocess,2.860355854034424,0.7506899833679199,1.8175498247146606,-2.077164649963379,False
D4LensPINN,40,603,2,r90,H01_enc1,2.860355854034424,0.7506899833679199,1.8175498247146606,-2.077164649963379,False
D4LensPINN,40,603,2,r90,H02_enc2,2.3940207958221436,0.5177669525146484,1.5714988708496094,-1.730215072631836,False
D4LensPINN,40,603,2,r90,H03_enc3,0.5631533861160278,-0.3251504898071289,0.38739919662475586,-0.24767065048217773,False
D4LensPINN,40,603,2,r90,H04_bot,0.49076879024505615,-0.3352475166320801,0.3133838176727295,-0.1739358901977539,False
D4LensPINN,40,603,2,r90,H08_kappa_out,2.860355854034424,0.7506899833679199,1.8175498247146606,-2.077164649963379,False
D4LensPINN,40,603,2,r90,H09_poisson,0.6820446252822876,0.3704085350036621,0.32108020782470703,-0.4742255210876465,False
D4LensPINN,40,603,2,r90,H10_deflection,0.6820446252822876,0.3704085350036621,0.32108020782470703,-0.4742255210876465,False
D4LensPINN,40,603,2,r90,H11_inv_lens,0.9413359761238098,0.6673316955566406,-0.5707228183746338,0.3392009735107422,False
D4LensPINN,40,603,2,r90,H12_HANDOFF,3.8722567558288574,1.6519536972045898,2.190199613571167,-2.7328460216522217,False
D4LensPINN,40,603,2,r90,H12b_input_proj,3.8722567558288574,1.6519536972045898,2.190199613571167,-2.7328460216522217,False
D4LensPINN,40,603,2,r90,H13_eff3,3.8722567558288574,1.6519536972045898,2.190199613571167,-2.7328460216522217,False
D4LensPINN,40,603,2,r90,H13b_eff4,3.8722567558288574,1.6519536972045898,2.190199613571167,-2.7328460216522217,False
D4LensPINN,40,603,2,r90,H14_eff5,3.8722567558288574,1.6519536972045898,2.190199613571167,-2.7328460216522217,False
D4LensPINN,40,603,2,r90,H14b_eff6,3.8722567558288574,1.6519536972045898,2.190199613571167,-2.7328460216522217,False
D4LensPINN,40,603,2,r90,H15_before_gap,3.8722567558288574,1.6519536972045898,2.190199613571167,-2.7328460216522217,False
D4LensPINN,40,603,2,r90,H16_after_gap,3.8722567558288574,1.6519536972045898,2.190199613571167,-2.7328460216522217,False
D4LensPINN,40,603,2,r90,H17_pre_linear,3.8722567558288574,1.6519536972045898,2.190199613571167,-2.7328460216522217,False
D4LensPINN,40,603,2,r180,H00_preprocess,2.6998510360717773,-1.8651232719421387,1.7850046157836914,-0.790107250213623,False
D4LensPINN,40,603,2,r180,H01_enc1,2.6998510360717773,-1.8651232719421387,1.7850046157836914,-0.790107250213623,False
D4LensPINN,40,603,2,r180,H02_enc2,2.007584571838379,-1.7706222534179688,0.9461705684661865,0.007355690002441406,False
D4LensPINN,40,603,2,r180,H03_enc3,1.5792752504348755,0.6481790542602539,0.8534188270568848,-1.1600217819213867,False
D4LensPINN,40,603,2,r180,H04_bot,1.6586735248565674,0.6687211990356445,0.9041798114776611,-1.2192082405090332,False
D4LensPINN,40,603,2,r180,H08_kappa_out,2.6998510360717773,-1.8651232719421387,1.7850046157836914,-0.790107250213623,False
D4LensPINN,40,603,2,r180,H09_poisson,0.9586993455886841,0.5622549057006836,0.4230525493621826,-0.6511530876159668,False
D4LensPINN,40,603,2,r180,H10_deflection,0.9586993455886841,0.5622549057006836,0.4230525493621826,-0.6511530876159668,False
D4LensPINN,40,603,2,r180,H11_inv_lens,16.575605392456055,-10.430671691894531,-7.399395942687988,10.545175552368164,False
D4LensPINN,40,603,2,r180,H12_HANDOFF,2.393048048019409,0.7364115715026855,1.425523281097412,-1.7754607200622559,False
D4LensPINN,40,603,2,r180,H12b_input_proj,2.393048048019409,0.7364115715026855,1.425523281097412,-1.7754607200622559,False
D4LensPINN,40,603,2,r180,H13_eff3,2.393048048019409,0.7364115715026855,1.425523281097412,-1.7754607200622559,False
D4LensPINN,40,603,2,r180,H13b_eff4,2.393048048019409,0.7364115715026855,1.425523281097412,-1.7754607200622559,False
D4LensPINN,40,603,2,r180,H14_eff5,2.393048048019409,0.7364115715026855,1.425523281097412,-1.7754607200622559,False
D4LensPINN,40,603,2,r180,H14b_eff6,2.393048048019409,0.7364115715026855,1.425523281097412,-1.7754607200622559,False
D4LensPINN,40,603,2,r180,H15_before_gap,2.393048048019409,0.7364115715026855,1.425523281097412,-1.7754607200622559,False
D4LensPINN,40,603,2,r180,H16_after_gap,2.393048048019409,0.7364115715026855,1.425523281097412,-1.7754607200622559,False
D4LensPINN,40,603,2,r180,H17_pre_linear,2.393048048019409,0.7364115715026855,1.425523281097412,-1.7754607200622559,False
D4LensPINN,40,603,2,r270,H00_preprocess,0.9787048697471619,-0.18436145782470703,0.7398421764373779,-0.6136021614074707,False
D4LensPINN,40,603,2,r270,H01_enc1,0.9787048697471619,-0.18436145782470703,0.7398421764373779,-0.6136021614074707,False
D4LensPINN,40,603,2,r270,H02_enc2,0.9190701246261597,-0.08008670806884766,0.6675705909729004,-0.6265983581542969,False
D4LensPINN,40,603,2,r270,H03_enc3,1.4617526531219482,0.6026673316955566,0.8043093681335449,-1.0614137649536133,False
D4LensPINN,40,603,2,r270,H04_bot,1.6970516443252563,0.6319975852966309,0.974226713180542,-1.237515926361084,False
D4LensPINN,40,603,2,r270,H08_kappa_out,0.9787048697471619,-0.18436145782470703,0.7398421764373779,-0.6136021614074707,False
D4LensPINN,40,603,2,r270,H09_poisson,1.3060160875320435,0.6606321334838867,0.6384632587432861,-0.9282283782958984,False
D4LensPINN,40,603,2,r270,H10_deflection,1.3060160875320435,0.6606321334838867,0.6384632587432861,-0.9282283782958984,False
D4LensPINN,40,603,2,r270,H11_inv_lens,5.9797282218933105,4.7157301902771,1.221005916595459,-3.4681665897369385,False
D4LensPINN,40,603,2,r270,H12_HANDOFF,3.855813503265381,2.5825111865997314,1.4256060123443604,-2.4830589294433594,False
D4LensPINN,40,603,2,r270,H12b_input_proj,3.855813503265381,2.5825111865997314,1.4256060123443604,-2.4830589294433594,False
D4LensPINN,40,603,2,r270,H13_eff3,3.855813503265381,2.5825111865997314,1.4256060123443604,-2.4830589294433594,False
D4LensPINN,40,603,2,r270,H13b_eff4,3.855813503265381,2.5825111865997314,1.4256060123443604,-2.4830589294433594,False
D4LensPINN,40,603,2,r270,H14_eff5,3.855813503265381,2.5825111865997314,1.4256060123443604,-2.4830589294433594,False
D4LensPINN,40,603,2,r270,H14b_eff6,3.855813503265381,2.5825111865997314,1.4256060123443604,-2.4830589294433594,False
D4LensPINN,40,603,2,r270,H15_before_gap,3.855813503265381,2.5825111865997314,1.4256060123443604,-2.4830589294433594,False
D4LensPINN,40,603,2,r270,H16_after_gap,3.855813503265381,2.5825111865997314,1.4256060123443604,-2.4830589294433594,False
D4LensPINN,40,603,2,r270,H17_pre_linear,3.855813503265381,2.5825111865997314,1.4256060123443604,-2.4830589294433594,False
D4LensPINN,40,603,2,flip_h,H00_preprocess,1.280206561088562,-0.8032941818237305,0.9218804836273193,-0.37918806076049805,False
D4LensPINN,40,603,2,flip_h,H01_enc1,1.280206561088562,-0.8032941818237305,0.9218804836273193,-0.37918806076049805,False
D4LensPINN,40,603,2,flip_h,H02_enc2,1.1050820350646973,-0.7275295257568359,0.7825314998626709,-0.28204870223999023,False
D4LensPINN,40,603,2,flip_h,H03_enc3,1.0870915651321411,0.4436631202697754,0.6070139408111572,-0.7851529121398926,False
D4LensPINN,40,603,2,flip_h,H04_bot,0.9396601319313049,0.39265871047973633,0.5189268589019775,-0.6778607368469238,False
D4LensPINN,40,603,2,flip_h,H08_kappa_out,1.280206561088562,-0.8032941818237305,0.9218804836273193,-0.37918806076049805,False
D4LensPINN,40,603,2,flip_h,H09_poisson,0.9796968102455139,0.44089603424072266,0.5252916812896729,-0.6996321678161621,False
D4LensPINN,40,603,2,flip_h,H10_deflection,0.9796968102455139,0.44089603424072266,0.5252916812896729,-0.6996321678161621,False
D4LensPINN,40,603,2,flip_h,H11_inv_lens,11.260578155517578,-7.192718029022217,-4.532936096191406,7.383625507354736,False
D4LensPINN,40,603,2,flip_h,H12_HANDOFF,0.7521681189537048,0.35724639892578125,0.3653857707977295,-0.5519285202026367,False
D4LensPINN,40,603,2,flip_h,H12b_input_proj,0.7521681189537048,0.35724639892578125,0.3653857707977295,-0.5519285202026367,False
D4LensPINN,40,603,2,flip_h,H13_eff3,0.7521681189537048,0.35724639892578125,0.3653857707977295,-0.5519285202026367,False
D4LensPINN,40,603,2,flip_h,H13b_eff4,0.7521681189537048,0.35724639892578125,0.3653857707977295,-0.5519285202026367,False
D4LensPINN,40,603,2,flip_h,H14_eff5,0.7521681189537048,0.35724639892578125,0.3653857707977295,-0.5519285202026367,False
D4LensPINN,40,603,2,flip_h,H14b_eff6,0.7521681189537048,0.35724639892578125,0.3653857707977295,-0.5519285202026367,False
D4LensPINN,40,603,2,flip_h,H15_before_gap,0.7521681189537048,0.35724639892578125,0.3653857707977295,-0.5519285202026367,False
D4LensPINN,40,603,2,flip_h,H16_after_gap,0.7521681189537048,0.35724639892578125,0.3653857707977295,-0.5519285202026367,False
D4LensPINN,40,603,2,flip_h,H17_pre_linear,0.7521681189537048,0.35724639892578125,0.3653857707977295,-0.5519285202026367,False
D4LensPINN,40,603,2,flip_h_r90,H00_preprocess,2.840855836868286,1.3977746963500977,1.4119808673858643,-2.0305166244506836,False
D4LensPINN,40,603,2,flip_h_r90,H01_enc1,2.840855836868286,1.3977746963500977,1.4119808673858643,-2.0305166244506836,False
D4LensPINN,40,603,2,flip_h_r90,H02_enc2,1.9611623287200928,0.9087471961975098,1.0222327709197998,-1.4054808616638184,False
D4LensPINN,40,603,2,flip_h_r90,H03_enc3,0.4086732864379883,-0.20991230010986328,0.2899208068847656,-0.19722223281860352,False
D4LensPINN,40,603,2,flip_h_r90,H04_bot,0.42718473076820374,-0.1955890655517578,0.3065662384033203,-0.22416257858276367,False
D4LensPINN,40,603,2,flip_h_r90,H08_kappa_out,2.840855836868286,1.3977746963500977,1.4119808673858643,-2.0305166244506836,False
D4LensPINN,40,603,2,flip_h_r90,H09_poisson,0.5649176239967346,0.2585153579711914,0.2943854331970215,-0.40698766708374023,False
D4LensPINN,40,603,2,flip_h_r90,H10_deflection,0.5649176239967346,0.2585153579711914,0.2943854331970215,-0.40698766708374023,False
D4LensPINN,40,603,2,flip_h_r90,H11_inv_lens,3.0130703449249268,-1.6258563995361328,-1.5521957874298096,2.006457805633545,False
D4LensPINN,40,603,2,flip_h_r90,H12_HANDOFF,2.4678733348846436,1.129256248474121,1.3404719829559326,-1.7373294830322266,False
D4LensPINN,40,603,2,flip_h_r90,H12b_input_proj,2.4678733348846436,1.129256248474121,1.3404719829559326,-1.7373294830322266,False
D4LensPINN,40,603,2,flip_h_r90,H13_eff3,2.4678733348846436,1.129256248474121,1.3404719829559326,-1.7373294830322266,False
D4LensPINN,40,603,2,flip_h_r90,H13b_eff4,2.4678733348846436,1.129256248474121,1.3404719829559326,-1.7373294830322266,False
D4LensPINN,40,603,2,flip_h_r90,H14_eff5,2.4678733348846436,1.129256248474121,1.3404719829559326,-1.7373294830322266,False
D4LensPINN,40,603,2,flip_h_r90,H14b_eff6,2.4678733348846436,1.129256248474121,1.3404719829559326,-1.7373294830322266,False
D4LensPINN,40,603,2,flip_h_r90,H15_before_gap,2.4678733348846436,1.129256248474121,1.3404719829559326,-1.7373294830322266,False
D4LensPINN,40,603,2,flip_h_r90,H16_after_gap,2.4678733348846436,1.129256248474121,1.3404719829559326,-1.7373294830322266,False
D4LensPINN,40,603,2,flip_h_r90,H17_pre_linear,2.4678733348846436,1.129256248474121,1.3404719829559326,-1.7373294830322266,False
D4LensPINN,40,603,2,flip_h_r180,H00_preprocess,3.0904204845428467,0.7264876365661621,1.9766125679016113,-2.2618393898010254,False
D4LensPINN,40,603,2,flip_h_r180,H01_enc1,3.0904204845428467,0.7264876365661621,1.9766125679016113,-2.2618393898010254,False
D4LensPINN,40,603,2,flip_h_r180,H02_enc2,1.891610026359558,0.6004400253295898,1.1337859630584717,-1.3900322914123535,False
D4LensPINN,40,603,2,flip_h_r180,H03_enc3,0.6557403802871704,0.2715721130371094,0.3473658561706543,-0.4853668212890625,False
D4LensPINN,40,603,2,flip_h_r180,H04_bot,0.8388400077819824,0.30506420135498047,0.4712505340576172,-0.6233067512512207,False
D4LensPINN,40,603,2,flip_h_r180,H08_kappa_out,3.0904204845428467,0.7264876365661621,1.9766125679016113,-2.2618393898010254,False
D4LensPINN,40,603,2,flip_h_r180,H09_poisson,0.17727884650230408,0.16930103302001953,-0.04971647262573242,-0.017123699188232422,False
D4LensPINN,40,603,2,flip_h_r180,H10_deflection,0.17727884650230408,0.16930103302001953,-0.04971647262573242,-0.017123699188232422,False
D4LensPINN,40,603,2,flip_h_r180,H11_inv_lens,21.595775604248047,-13.585220336914062,-8.987192153930664,14.17919921875,False
D4LensPINN,40,603,2,flip_h_r180,H12_HANDOFF,0.8964647650718689,0.8193778991699219,-0.3464019298553467,-0.11079120635986328,False
D4LensPINN,40,603,2,flip_h_r180,H12b_input_proj,0.8964647650718689,0.8193778991699219,-0.3464019298553467,-0.11079120635986328,False
D4LensPINN,40,603,2,flip_h_r180,H13_eff3,0.8964647650718689,0.8193778991699219,-0.3464019298553467,-0.11079120635986328,False
D4LensPINN,40,603,2,flip_h_r180,H13b_eff4,0.8964647650718689,0.8193778991699219,-0.3464019298553467,-0.11079120635986328,False
D4LensPINN,40,603,2,flip_h_r180,H14_eff5,0.8964647650718689,0.8193778991699219,-0.3464019298553467,-0.11079120635986328,False
D4LensPINN,40,603,2,flip_h_r180,H14b_eff6,0.8964647650718689,0.8193778991699219,-0.3464019298553467,-0.11079120635986328,False
D4LensPINN,40,603,2,flip_h_r180,H15_before_gap,0.8964647650718689,0.8193778991699219,-0.3464019298553467,-0.11079120635986328,False
D4LensPINN,40,603,2,flip_h_r180,H16_after_gap,0.8964647650718689,0.8193778991699219,-0.3464019298553467,-0.11079120635986328,False
D4LensPINN,40,603,2,flip_h_r180,H17_pre_linear,0.8964647650718689,0.8193778991699219,-0.3464019298553467,-0.11079120635986328,False
D4LensPINN,40,603,2,flip_h_r270,H00_preprocess,1.5067857503890991,0.18613576889038086,1.0039920806884766,-1.108041763305664,False
D4LensPINN,40,603,2,flip_h_r270,H01_enc1,1.5067857503890991,0.18613576889038086,1.0039920806884766,-1.108041763305664,False
D4LensPINN,40,603,2,flip_h_r270,H02_enc2,1.4538291692733765,0.7960958480834961,0.6524677276611328,-1.0267114639282227,False
D4LensPINN,40,603,2,flip_h_r270,H03_enc3,0.8617016673088074,0.08309364318847656,0.5924150943756104,-0.6202173233032227,False
D4LensPINN,40,603,2,flip_h_r270,H04_bot,0.8736926317214966,0.031662940979003906,0.6162075996398926,-0.6185665130615234,False
D4LensPINN,40,603,2,flip_h_r270,H08_kappa_out,1.5067857503890991,0.18613576889038086,1.0039920806884766,-1.108041763305664,False
D4LensPINN,40,603,2,flip_h_r270,H09_poisson,1.2615222930908203,0.7155351638793945,0.5685544013977051,-0.8695940971374512,False
D4LensPINN,40,603,2,flip_h_r270,H10_deflection,1.2615222930908203,0.7155351638793945,0.5685544013977051,-0.8695940971374512,False
D4LensPINN,40,603,2,flip_h_r270,H11_inv_lens,6.234206676483154,4.886608123779297,1.2268822193145752,-3.6716692447662354,False
D4LensPINN,40,603,2,flip_h_r270,H12_HANDOFF,4.980672836303711,2.36871600151062,2.5708112716674805,-3.547847032546997,False
D4LensPINN,40,603,2,flip_h_r270,H12b_input_proj,4.980672836303711,2.36871600151062,2.5708112716674805,-3.547847032546997,False
D4LensPINN,40,603,2,flip_h_r270,H13_eff3,4.980672836303711,2.36871600151062,2.5708112716674805,-3.547847032546997,False
D4LensPINN,40,603,2,flip_h_r270,H13b_eff4,4.980672836303711,2.36871600151062,2.5708112716674805,-3.547847032546997,False
D4LensPINN,40,603,2,flip_h_r270,H14_eff5,4.980672836303711,2.36871600151062,2.5708112716674805,-3.547847032546997,False
D4LensPINN,40,603,2,flip_h_r270,H14b_eff6,4.980672836303711,2.36871600151062,2.5708112716674805,-3.547847032546997,False
D4LensPINN,40,603,2,flip_h_r270,H15_before_gap,4.980672836303711,2.36871600151062,2.5708112716674805,-3.547847032546997,False
D4LensPINN,40,603,2,flip_h_r270,H16_after_gap,4.980672836303711,2.36871600151062,2.5708112716674805,-3.547847032546997,False
D4LensPINN,40,603,2,flip_h_r270,H17_pre_linear,4.980672836303711,2.36871600151062,2.5708112716674805,-3.547847032546997,False
D4LensPINN,41,609,1,e,H00_preprocess,0.0,0.0,0.0,0.0,False
D4LensPINN,41,609,1,e,H01_enc1,0.0,0.0,0.0,0.0,False
D4LensPINN,41,609,1,e,H02_enc2,0.0,0.0,0.0,0.0,False
D4LensPINN,41,609,1,e,H03_enc3,0.0,0.0,0.0,0.0,False
D4LensPINN,41,609,1,e,H04_bot,0.0,0.0,0.0,0.0,False
D4LensPINN,41,609,1,e,H08_kappa_out,0.0,0.0,0.0,0.0,False
D4LensPINN,41,609,1,e,H09_poisson,0.0,0.0,0.0,0.0,False
D4LensPINN,41,609,1,e,H10_deflection,0.0,0.0,0.0,0.0,False
D4LensPINN,41,609,1,e,H11_inv_lens,0.0,0.0,0.0,0.0,False
D4LensPINN,41,609,1,e,H12_HANDOFF,0.0,0.0,0.0,0.0,False
D4LensPINN,41,609,1,e,H12b_input_proj,0.0,0.0,0.0,0.0,False
D4LensPINN,41,609,1,e,H13_eff3,0.0,0.0,0.0,0.0,False
D4LensPINN,41,609,1,e,H13b_eff4,0.0,0.0,0.0,0.0,False
D4LensPINN,41,609,1,e,H14_eff5,0.0,0.0,0.0,0.0,False
D4LensPINN,41,609,1,e,H14b_eff6,0.0,0.0,0.0,0.0,False
D4LensPINN,41,609,1,e,H15_before_gap,0.0,0.0,0.0,0.0,False
D4LensPINN,41,609,1,e,H16_after_gap,0.0,0.0,0.0,0.0,False
D4LensPINN,41,609,1,e,H17_pre_linear,0.0,0.0,0.0,0.0,False
D4LensPINN,41,609,1,r90,H00_preprocess,4.016394138336182,0.4532594680786133,-2.857056140899658,2.7862534523010254,False
D4LensPINN,41,609,1,r90,H01_enc1,4.016394138336182,0.4532594680786133,-2.857056140899658,2.7862534523010254,False
D4LensPINN,41,609,1,r90,H02_enc2,3.9203975200653076,0.32116127014160156,-2.7689080238342285,2.756722927093506,False
D4LensPINN,41,609,1,r90,H03_enc3,1.1974736452102661,-0.5577106475830078,0.8580598831176758,-0.6217999458312988,False
D4LensPINN,41,609,1,r90,H04_bot,1.326766014099121,-0.6060752868652344,0.9507322311401367,-0.6993489265441895,False
D4LensPINN,41,609,1,r90,H08_kappa_out,4.016394138336182,0.4532594680786133,-2.857056140899658,2.7862534523010254,False
D4LensPINN,41,609,1,r90,H09_poisson,0.26070237159729004,-0.032103538513183594,0.18488407135009766,-0.18097782135009766,False
D4LensPINN,41,609,1,r90,H10_deflection,0.26070237159729004,-0.032103538513183594,0.18488407135009766,-0.18097782135009766,False
D4LensPINN,41,609,1,r90,H11_inv_lens,37.02504348754883,-13.019996643066406,-22.029624938964844,26.75872039794922,False
D4LensPINN,41,609,1,r90,H12_HANDOFF,3.2046213150024414,1.9119610786437988,-2.2157907485961914,1.305478572845459,False
D4LensPINN,41,609,1,r90,H12b_input_proj,3.2046213150024414,1.9119610786437988,-2.2157907485961914,1.305478572845459,False
D4LensPINN,41,609,1,r90,H13_eff3,3.2046213150024414,1.9119610786437988,-2.2157907485961914,1.305478572845459,False
D4LensPINN,41,609,1,r90,H13b_eff4,3.2046213150024414,1.9119610786437988,-2.2157907485961914,1.305478572845459,False
D4LensPINN,41,609,1,r90,H14_eff5,3.2046213150024414,1.9119610786437988,-2.2157907485961914,1.305478572845459,False
D4LensPINN,41,609,1,r90,H14b_eff6,3.2046213150024414,1.9119610786437988,-2.2157907485961914,1.305478572845459,False
D4LensPINN,41,609,1,r90,H15_before_gap,3.2046213150024414,1.9119610786437988,-2.2157907485961914,1.305478572845459,False
D4LensPINN,41,609,1,r90,H16_after_gap,3.2046213150024414,1.9119610786437988,-2.2157907485961914,1.305478572845459,False
D4LensPINN,41,609,1,r90,H17_pre_linear,3.2046213150024414,1.9119610786437988,-2.2157907485961914,1.305478572845459,False
D4LensPINN,41,609,1,r180,H00_preprocess,2.0798935890197754,-1.909566879272461,0.40877628326416016,0.7158308029174805,False
D4LensPINN,41,609,1,r180,H01_enc1,2.0798935890197754,-1.909566879272461,0.40877628326416016,0.7158308029174805,False
D4LensPINN,41,609,1,r180,H02_enc2,2.1272897720336914,-1.8894729614257812,0.16802120208740234,0.962820291519165,False
D4LensPINN,41,609,1,r180,H03_enc3,0.1932557076215744,0.11158180236816406,-0.13457679748535156,0.08237934112548828,False
D4LensPINN,41,609,1,r180,H04_bot,0.2411729246377945,0.14740467071533203,-0.16501235961914062,0.09595394134521484,False
D4LensPINN,41,609,1,r180,H08_kappa_out,2.0798935890197754,-1.909566879272461,0.40877628326416016,0.7158308029174805,False
D4LensPINN,41,609,1,r180,H09_poisson,0.7704703211784363,-0.13539600372314453,0.5470705032348633,-0.5253629684448242,False
D4LensPINN,41,609,1,r180,H10_deflection,0.7704703211784363,-0.13539600372314453,0.5470705032348633,-0.5253629684448242,False
D4LensPINN,41,609,1,r180,H11_inv_lens,14.212056159973145,6.501120567321777,-10.260120391845703,7.378880977630615,False
D4LensPINN,41,609,1,r180,H12_HANDOFF,2.502760410308838,-1.0700616836547852,1.785451889038086,-1.3895821571350098,False
D4LensPINN,41,609,1,r180,H12b_input_proj,2.502760410308838,-1.0700616836547852,1.785451889038086,-1.3895821571350098,False
D4LensPINN,41,609,1,r180,H13_eff3,2.502760410308838,-1.0700616836547852,1.785451889038086,-1.3895821571350098,False
D4LensPINN,41,609,1,r180,H13b_eff4,2.502760410308838,-1.0700616836547852,1.785451889038086,-1.3895821571350098,False
D4LensPINN,41,609,1,r180,H14_eff5,2.502760410308838,-1.0700616836547852,1.785451889038086,-1.3895821571350098,False
D4LensPINN,41,609,1,r180,H14b_eff6,2.502760410308838,-1.0700616836547852,1.785451889038086,-1.3895821571350098,False
D4LensPINN,41,609,1,r180,H15_before_gap,2.502760410308838,-1.0700616836547852,1.785451889038086,-1.3895821571350098,False
D4LensPINN,41,609,1,r180,H16_after_gap,2.502760410308838,-1.0700616836547852,1.785451889038086,-1.3895821571350098,False
D4LensPINN,41,609,1,r180,H17_pre_linear,2.502760410308838,-1.0700616836547852,1.785451889038086,-1.3895821571350098,False
D4LensPINN,41,609,1,r270,H00_preprocess,2.723970651626587,-0.7046985626220703,-1.581404685974121,2.102992057800293,False
D4LensPINN,41,609,1,r270,H01_enc1,2.723970651626587,-0.7046985626220703,-1.581404685974121,2.102992057800293,False
D4LensPINN,41,609,1,r270,H02_enc2,2.708861827850342,-0.6810779571533203,-1.5829739570617676,2.0900380611419678,False
D4LensPINN,41,609,1,r270,H03_enc3,1.1530718803405762,-0.5271806716918945,0.8239974975585938,-0.6104779243469238,False
D4LensPINN,41,609,1,r270,H04_bot,1.2266210317611694,-0.5854282379150391,0.8740139007568359,-0.6308507919311523,False
D4LensPINN,41,609,1,r270,H08_kappa_out,2.723970651626587,-0.7046985626220703,-1.581404685974121,2.102992057800293,False
D4LensPINN,41,609,1,r270,H09_poisson,0.04399501532316208,-0.04218292236328125,0.010133743286132812,0.007312297821044922,False
D4LensPINN,41,609,1,r270,H10_deflection,0.04399501532316208,-0.04218292236328125,0.010133743286132812,0.007312297821044922,False
D4LensPINN,41,609,1,r270,H11_inv_lens,43.07597351074219,-17.13900375366211,-24.443143844604492,31.053611755371094,False
D4LensPINN,41,609,1,r270,H12_HANDOFF,2.688622236251831,0.8346452713012695,-1.984633445739746,1.6103687286376953,False
D4LensPINN,41,609,1,r270,H12b_input_proj,2.688622236251831,0.8346452713012695,-1.984633445739746,1.6103687286376953,False
D4LensPINN,41,609,1,r270,H13_eff3,2.688622236251831,0.8346452713012695,-1.984633445739746,1.6103687286376953,False
D4LensPINN,41,609,1,r270,H13b_eff4,2.688622236251831,0.8346452713012695,-1.984633445739746,1.6103687286376953,False
D4LensPINN,41,609,1,r270,H14_eff5,2.688622236251831,0.8346452713012695,-1.984633445739746,1.6103687286376953,False
D4LensPINN,41,609,1,r270,H14b_eff6,2.688622236251831,0.8346452713012695,-1.984633445739746,1.6103687286376953,False
D4LensPINN,41,609,1,r270,H15_before_gap,2.688622236251831,0.8346452713012695,-1.984633445739746,1.6103687286376953,False
D4LensPINN,41,609,1,r270,H16_after_gap,2.688622236251831,0.8346452713012695,-1.984633445739746,1.6103687286376953,False
D4LensPINN,41,609,1,r270,H17_pre_linear,2.688622236251831,0.8346452713012695,-1.984633445739746,1.6103687286376953,False
D4LensPINN,41,609,1,flip_h,H00_preprocess,1.526842713356018,0.1675586700439453,0.961578369140625,-1.174112319946289,False
D4LensPINN,41,609,1,flip_h,H01_enc1,1.526842713356018,0.1675586700439453,0.961578369140625,-1.174112319946289,False
D4LensPINN,41,609,1,flip_h,H02_enc2,1.4405142068862915,0.18826770782470703,0.8978586196899414,-1.1106243133544922,False
D4LensPINN,41,609,1,flip_h,H03_enc3,0.32553714513778687,-0.06740379333496094,-0.19636058807373047,0.2507462501525879,False
D4LensPINN,41,609,1,flip_h,H04_bot,0.29997718334198,-0.037323951721191406,-0.18977832794189453,0.22929763793945312,False
D4LensPINN,41,609,1,flip_h,H08_kappa_out,1.526842713356018,0.1675586700439453,0.961578369140625,-1.174112319946289,False
D4LensPINN,41,609,1,flip_h,H09_poisson,0.12248292565345764,-0.0632638931274414,0.08636856079101562,-0.05949974060058594,False
D4LensPINN,41,609,1,flip_h,H10_deflection,0.12248292565345764,-0.0632638931274414,0.08636856079101562,-0.05949974060058594,False
D4LensPINN,41,609,1,flip_h,H11_inv_lens,17.158771514892578,3.1621317863464355,-12.67359733581543,11.126739501953125,False
D4LensPINN,41,609,1,flip_h,H12_HANDOFF,1.4696303606033325,0.20213985443115234,0.8943233489990234,-1.1485376358032227,False
D4LensPINN,41,609,1,flip_h,H12b_input_proj,1.4696303606033325,0.20213985443115234,0.8943233489990234,-1.1485376358032227,False
D4LensPINN,41,609,1,flip_h,H13_eff3,1.4696303606033325,0.20213985443115234,0.8943233489990234,-1.1485376358032227,False
D4LensPINN,41,609,1,flip_h,H13b_eff4,1.4696303606033325,0.20213985443115234,0.8943233489990234,-1.1485376358032227,False
D4LensPINN,41,609,1,flip_h,H14_eff5,1.4696303606033325,0.20213985443115234,0.8943233489990234,-1.1485376358032227,False
D4LensPINN,41,609,1,flip_h,H14b_eff6,1.4696303606033325,0.20213985443115234,0.8943233489990234,-1.1485376358032227,False
D4LensPINN,41,609,1,flip_h,H15_before_gap,1.4696303606033325,0.20213985443115234,0.8943233489990234,-1.1485376358032227,False
D4LensPINN,41,609,1,flip_h,H16_after_gap,1.4696303606033325,0.20213985443115234,0.8943233489990234,-1.1485376358032227,False
D4LensPINN,41,609,1,flip_h,H17_pre_linear,1.4696303606033325,0.20213985443115234,0.8943233489990234,-1.1485376358032227,False
D4LensPINN,41,609,1,flip_h_r90,H00_preprocess,3.1559386253356934,-0.4711771011352539,-2.000838279724121,2.394699811935425,False
D4LensPINN,41,609,1,flip_h_r90,H01_enc1,3.1559386253356934,-0.4711771011352539,-2.000838279724121,2.394699811935425,False
D4LensPINN,41,609,1,flip_h_r90,H02_enc2,3.268435001373291,-0.7984199523925781,-1.9301586151123047,2.51389741897583,False
D4LensPINN,41,609,1,flip_h_r90,H03_enc3,1.0227144956588745,-0.5730619430541992,0.7113838195800781,-0.4598674774169922,False
D4LensPINN,41,609,1,flip_h_r90,H04_bot,1.206297516822815,-0.6016225814819336,0.8554220199584961,-0.6012129783630371,False
D4LensPINN,41,609,1,flip_h_r90,H08_kappa_out,3.1559386253356934,-0.4711771011352539,-2.000838279724121,2.394699811935425,False
D4LensPINN,41,609,1,flip_h_r90,H09_poisson,0.07354368269443512,-0.051471710205078125,-0.0125885009765625,0.050998687744140625,False
D4LensPINN,41,609,1,flip_h_r90,H10_deflection,0.07354368269443512,-0.051471710205078125,-0.0125885009765625,0.050998687744140625,False
D4LensPINN,41,609,1,flip_h_r90,H11_inv_lens,34.37376022338867,-10.411491394042969,-21.2435359954834,24.93729019165039,False
D4LensPINN,41,609,1,flip_h_r90,H12_HANDOFF,2.815417528152466,1.048912525177002,-2.032325267791748,1.641953706741333,False
D4LensPINN,41,609,1,flip_h_r90,H12b_input_proj,2.815417528152466,1.048912525177002,-2.032325267791748,1.641953706741333,False
D4LensPINN,41,609,1,flip_h_r90,H13_eff3,2.815417528152466,1.048912525177002,-2.032325267791748,1.641953706741333,False
D4LensPINN,41,609,1,flip_h_r90,H13b_eff4,2.815417528152466,1.048912525177002,-2.032325267791748,1.641953706741333,False
D4LensPINN,41,609,1,flip_h_r90,H14_eff5,2.815417528152466,1.048912525177002,-2.032325267791748,1.641953706741333,False
D4LensPINN,41,609,1,flip_h_r90,H14b_eff6,2.815417528152466,1.048912525177002,-2.032325267791748,1.641953706741333,False
D4LensPINN,41,609,1,flip_h_r90,H15_before_gap,2.815417528152466,1.048912525177002,-2.032325267791748,1.641953706741333,False
D4LensPINN,41,609,1,flip_h_r90,H16_after_gap,2.815417528152466,1.048912525177002,-2.032325267791748,1.641953706741333,False
D4LensPINN,41,609,1,flip_h_r90,H17_pre_linear,2.815417528152466,1.048912525177002,-2.032325267791748,1.641953706741333,False
D4LensPINN,41,609,1,flip_h_r180,H00_preprocess,2.805337429046631,-0.49155712127685547,-1.7179794311523438,2.162599563598633,False
D4LensPINN,41,609,1,flip_h_r180,H01_enc1,2.805337429046631,-0.49155712127685547,-1.7179794311523438,2.162599563598633,False
D4LensPINN,41,609,1,flip_h_r180,H02_enc2,2.639721155166626,-0.61962890625,-1.5419774055480957,2.050973892211914,False
D4LensPINN,41,609,1,flip_h_r180,H03_enc3,0.1743796318769455,-0.08984565734863281,-0.06673812866210938,0.13372373580932617,False
D4LensPINN,41,609,1,flip_h_r180,H04_bot,0.1733567863702774,-0.07461738586425781,-0.07768726348876953,0.13582897186279297,False
D4LensPINN,41,609,1,flip_h_r180,H08_kappa_out,2.805337429046631,-0.49155712127685547,-1.7179794311523438,2.162599563598633,False
D4LensPINN,41,609,1,flip_h_r180,H09_poisson,1.2169150114059448,-0.19860553741455078,0.8604249954223633,-0.8373212814331055,False
D4LensPINN,41,609,1,flip_h_r180,H10_deflection,1.2169150114059448,-0.19860553741455078,0.8604249954223633,-0.8373212814331055,False
D4LensPINN,41,609,1,flip_h_r180,H11_inv_lens,14.152191162109375,6.690849781036377,-10.241145133972168,7.115896701812744,False
D4LensPINN,41,609,1,flip_h_r180,H12_HANDOFF,0.3188808262348175,-0.3025188446044922,0.09544658660888672,0.0325160026550293,False
D4LensPINN,41,609,1,flip_h_r180,H12b_input_proj,0.3188808262348175,-0.3025188446044922,0.09544658660888672,0.0325160026550293,False
D4LensPINN,41,609,1,flip_h_r180,H13_eff3,0.3188808262348175,-0.3025188446044922,0.09544658660888672,0.0325160026550293,False
D4LensPINN,41,609,1,flip_h_r180,H13b_eff4,0.3188808262348175,-0.3025188446044922,0.09544658660888672,0.0325160026550293,False
D4LensPINN,41,609,1,flip_h_r180,H14_eff5,0.3188808262348175,-0.3025188446044922,0.09544658660888672,0.0325160026550293,False
D4LensPINN,41,609,1,flip_h_r180,H14b_eff6,0.3188808262348175,-0.3025188446044922,0.09544658660888672,0.0325160026550293,False
D4LensPINN,41,609,1,flip_h_r180,H15_before_gap,0.3188808262348175,-0.3025188446044922,0.09544658660888672,0.0325160026550293,False
D4LensPINN,41,609,1,flip_h_r180,H16_after_gap,0.3188808262348175,-0.3025188446044922,0.09544658660888672,0.0325160026550293,False
D4LensPINN,41,609,1,flip_h_r180,H17_pre_linear,0.3188808262348175,-0.3025188446044922,0.09544658660888672,0.0325160026550293,False
D4LensPINN,41,609,1,flip_h_r270,H00_preprocess,1.6678684949874878,-0.05713081359863281,-1.1362075805664062,1.2196531295776367,False
D4LensPINN,41,609,1,flip_h_r270,H01_enc1,1.6678684949874878,-0.05713081359863281,-1.1362075805664062,1.2196531295776367,False
D4LensPINN,41,609,1,flip_h_r270,H02_enc2,1.5644104480743408,-0.07959938049316406,-1.0640559196472168,1.144040584564209,False
D4LensPINN,41,609,1,flip_h_r270,H03_enc3,1.1733721494674683,-0.5521078109741211,0.8434209823608398,-0.6005167961120605,False
D4LensPINN,41,609,1,flip_h_r270,H04_bot,1.2031886577606201,-0.5365848541259766,0.8683910369873047,-0.6368961334228516,False
D4LensPINN,41,609,1,flip_h_r270,H08_kappa_out,1.6678684949874878,-0.05713081359863281,-1.1362075805664062,1.2196531295776367,False
D4LensPINN,41,609,1,flip_h_r270,H09_poisson,0.07049199193716049,-0.055576324462890625,-0.010443687438964844,0.04208707809448242,False
D4LensPINN,41,609,1,flip_h_r270,H10_deflection,0.07049199193716049,-0.055576324462890625,-0.010443687438964844,0.04208707809448242,False
D4LensPINN,41,609,1,flip_h_r270,H11_inv_lens,21.986122131347656,-0.8645477294921875,-15.574241638183594,15.49467945098877,False
D4LensPINN,41,609,1,flip_h_r270,H12_HANDOFF,1.390665888786316,-0.11374092102050781,0.9658699035644531,-0.9940371513366699,False
D4LensPINN,41,609,1,flip_h_r270,H12b_input_proj,1.390665888786316,-0.11374092102050781,0.9658699035644531,-0.9940371513366699,False
D4LensPINN,41,609,1,flip_h_r270,H13_eff3,1.390665888786316,-0.11374092102050781,0.9658699035644531,-0.9940371513366699,False
D4LensPINN,41,609,1,flip_h_r270,H13b_eff4,1.390665888786316,-0.11374092102050781,0.9658699035644531,-0.9940371513366699,False
D4LensPINN,41,609,1,flip_h_r270,H14_eff5,1.390665888786316,-0.11374092102050781,0.9658699035644531,-0.9940371513366699,False
D4LensPINN,41,609,1,flip_h_r270,H14b_eff6,1.390665888786316,-0.11374092102050781,0.9658699035644531,-0.9940371513366699,False
D4LensPINN,41,609,1,flip_h_r270,H15_before_gap,1.390665888786316,-0.11374092102050781,0.9658699035644531,-0.9940371513366699,False
D4LensPINN,41,609,1,flip_h_r270,H16_after_gap,1.390665888786316,-0.11374092102050781,0.9658699035644531,-0.9940371513366699,False
D4LensPINN,41,609,1,flip_h_r270,H17_pre_linear,1.390665888786316,-0.11374092102050781,0.9658699035644531,-0.9940371513366699,False
D4LensPINN,42,628,0,e,H00_preprocess,0.0,0.0,0.0,0.0,False
D4LensPINN,42,628,0,e,H01_enc1,0.0,0.0,0.0,0.0,False
D4LensPINN,42,628,0,e,H02_enc2,0.0,0.0,0.0,0.0,False
D4LensPINN,42,628,0,e,H03_enc3,0.0,0.0,0.0,0.0,False
D4LensPINN,42,628,0,e,H04_bot,0.0,0.0,0.0,0.0,False
D4LensPINN,42,628,0,e,H08_kappa_out,0.0,0.0,0.0,0.0,False
D4LensPINN,42,628,0,e,H09_poisson,0.0,0.0,0.0,0.0,False
D4LensPINN,42,628,0,e,H10_deflection,0.0,0.0,0.0,0.0,False
D4LensPINN,42,628,0,e,H11_inv_lens,0.0,0.0,0.0,0.0,False
D4LensPINN,42,628,0,e,H12_HANDOFF,0.0,0.0,0.0,0.0,False
D4LensPINN,42,628,0,e,H12b_input_proj,0.0,0.0,0.0,0.0,False
D4LensPINN,42,628,0,e,H13_eff3,0.0,0.0,0.0,0.0,False
D4LensPINN,42,628,0,e,H13b_eff4,0.0,0.0,0.0,0.0,False
D4LensPINN,42,628,0,e,H14_eff5,0.0,0.0,0.0,0.0,False
D4LensPINN,42,628,0,e,H14b_eff6,0.0,0.0,0.0,0.0,False
D4LensPINN,42,628,0,e,H15_before_gap,0.0,0.0,0.0,0.0,False
D4LensPINN,42,628,0,e,H16_after_gap,0.0,0.0,0.0,0.0,False
D4LensPINN,42,628,0,e,H17_pre_linear,0.0,0.0,0.0,0.0,False
D4LensPINN,42,628,0,r90,H00_preprocess,2.0877106189727783,-1.552124261856079,1.3920066356658936,-0.10845828056335449,False
D4LensPINN,42,628,0,r90,H01_enc1,2.0877106189727783,-1.552124261856079,1.3920066356658936,-0.10845828056335449,False
D4LensPINN,42,628,0,r90,H02_enc2,2.907601833343506,-2.4413046836853027,1.5342168807983398,0.37464332580566406,False
D4LensPINN,42,628,0,r90,H03_enc3,0.7975702881813049,-0.6037054061889648,0.3892914652824402,0.346569299697876,False
D4LensPINN,42,628,0,r90,H04_bot,0.6746411919593811,-0.5109200477600098,0.3323911428451538,0.28916704654693604,False
D4LensPINN,42,628,0,r90,H08_kappa_out,2.0877106189727783,-1.552124261856079,1.3920066356658936,-0.10845828056335449,False
D4LensPINN,42,628,0,r90,H09_poisson,0.21005375683307648,0.14623165130615234,-0.04328089952468872,-0.14444947242736816,False
D4LensPINN,42,628,0,r90,H10_deflection,0.21005375683307648,0.14623165130615234,-0.04328089952468872,-0.14444947242736816,False
D4LensPINN,42,628,0,r90,H11_inv_lens,55.872581481933594,-37.18119812011719,-19.657920837402344,36.78137969970703,False
D4LensPINN,42,628,0,r90,H12_HANDOFF,4.742029190063477,-3.8513336181640625,0.6809484958648682,2.681488275527954,False
D4LensPINN,42,628,0,r90,H12b_input_proj,4.742029190063477,-3.8513336181640625,0.6809484958648682,2.681488275527954,False
D4LensPINN,42,628,0,r90,H13_eff3,4.742029190063477,-3.8513336181640625,0.6809484958648682,2.681488275527954,False
D4LensPINN,42,628,0,r90,H13b_eff4,4.742029190063477,-3.8513336181640625,0.6809484958648682,2.681488275527954,False
D4LensPINN,42,628,0,r90,H14_eff5,4.742029190063477,-3.8513336181640625,0.6809484958648682,2.681488275527954,False
D4LensPINN,42,628,0,r90,H14b_eff6,4.742029190063477,-3.8513336181640625,0.6809484958648682,2.681488275527954,False
D4LensPINN,42,628,0,r90,H15_before_gap,4.742029190063477,-3.8513336181640625,0.6809484958648682,2.681488275527954,False
D4LensPINN,42,628,0,r90,H16_after_gap,4.742029190063477,-3.8513336181640625,0.6809484958648682,2.681488275527954,False
D4LensPINN,42,628,0,r90,H17_pre_linear,4.742029190063477,-3.8513336181640625,0.6809484958648682,2.681488275527954,False
D4LensPINN,42,628,0,r180,H00_preprocess,0.7347387671470642,0.5302248001098633,-0.4120638370513916,-0.2981712818145752,False
D4LensPINN,42,628,0,r180,H01_enc1,0.7347387671470642,0.5302248001098633,-0.4120638370513916,-0.2981712818145752,False
D4LensPINN,42,628,0,r180,H02_enc2,0.7593942284584045,0.5481109619140625,-0.433032751083374,-0.29788684844970703,False
D4LensPINN,42,628,0,r180,H03_enc3,0.10763197392225266,-0.07073974609375,0.0806228518486023,-0.008971452713012695,False
D4LensPINN,42,628,0,r180,H04_bot,0.11437977850437164,-0.0781254768371582,0.08351713418960571,-0.0020079612731933594,False
D4LensPINN,42,628,0,r180,H08_kappa_out,0.7347387671470642,0.5302248001098633,-0.4120638370513916,-0.2981712818145752,False
D4LensPINN,42,628,0,r180,H09_poisson,0.04200778901576996,0.020699262619018555,0.00852280855178833,-0.03554654121398926,False
D4LensPINN,42,628,0,r180,H10_deflection,0.04200778901576996,0.020699262619018555,0.00852280855178833,-0.03554654121398926,False
D4LensPINN,42,628,0,r180,H11_inv_lens,9.187570571899414,-8.301423072814941,2.474001407623291,3.062213897705078,False
D4LensPINN,42,628,0,r180,H12_HANDOFF,0.8223822712898254,0.176666259765625,0.41247469186782837,-0.6891779899597168,False
D4LensPINN,42,628,0,r180,H12b_input_proj,0.8223822712898254,0.176666259765625,0.41247469186782837,-0.6891779899597168,False
D4LensPINN,42,628,0,r180,H13_eff3,0.8223822712898254,0.176666259765625,0.41247469186782837,-0.6891779899597168,False
D4LensPINN,42,628,0,r180,H13b_eff4,0.8223822712898254,0.176666259765625,0.41247469186782837,-0.6891779899597168,False
D4LensPINN,42,628,0,r180,H14_eff5,0.8223822712898254,0.176666259765625,0.41247469186782837,-0.6891779899597168,False
D4LensPINN,42,628,0,r180,H14b_eff6,0.8223822712898254,0.176666259765625,0.41247469186782837,-0.6891779899597168,False
D4LensPINN,42,628,0,r180,H15_before_gap,0.8223822712898254,0.176666259765625,0.41247469186782837,-0.6891779899597168,False
D4LensPINN,42,628,0,r180,H16_after_gap,0.8223822712898254,0.176666259765625,0.41247469186782837,-0.6891779899597168,False
D4LensPINN,42,628,0,r180,H17_pre_linear,0.8223822712898254,0.176666259765625,0.41247469186782837,-0.6891779899597168,False
D4LensPINN,42,628,0,r270,H00_preprocess,0.5728968381881714,0.051018476486206055,0.3573562502861023,-0.44486451148986816,False
D4LensPINN,42,628,0,r270,H01_enc1,0.5728968381881714,0.051018476486206055,0.3573562502861023,-0.44486451148986816,False
D4LensPINN,42,628,0,r270,H02_enc2,0.6944431066513062,-0.4591069221496582,0.5210170745849609,0.003645658493041992,False
D4LensPINN,42,628,0,r270,H03_enc3,0.7087294459342957,-0.5331602096557617,0.2995045781135559,0.35823822021484375,False
D4LensPINN,42,628,0,r270,H04_bot,0.5273242592811584,-0.39759206771850586,0.2513682246208191,0.23833894729614258,False
D4LensPINN,42,628,0,r270,H08_kappa_out,0.5728968381881714,0.051018476486206055,0.3573562502861023,-0.44486451148986816,False
D4LensPINN,42,628,0,r270,H09_poisson,0.2770080268383026,0.20221710205078125,-0.09399676322937012,-0.1643359661102295,False
D4LensPINN,42,628,0,r270,H10_deflection,0.2770080268383026,0.20221710205078125,-0.09399676322937012,-0.1643359661102295,False
D4LensPINN,42,628,0,r270,H11_inv_lens,55.793235778808594,-36.981380462646484,-19.782005310058594,36.79585647583008,False
D4LensPINN,42,628,0,r270,H12_HANDOFF,5.334632873535156,-4.034988880157471,0.06395918130874634,3.4889941215515137,False
D4LensPINN,42,628,0,r270,H12b_input_proj,5.334632873535156,-4.034988880157471,0.06395918130874634,3.4889941215515137,False
D4LensPINN,42,628,0,r270,H13_eff3,5.334632873535156,-4.034988880157471,0.06395918130874634,3.4889941215515137,False
D4LensPINN,42,628,0,r270,H13b_eff4,5.334632873535156,-4.034988880157471,0.06395918130874634,3.4889941215515137,False
D4LensPINN,42,628,0,r270,H14_eff5,5.334632873535156,-4.034988880157471,0.06395918130874634,3.4889941215515137,False
D4LensPINN,42,628,0,r270,H14b_eff6,5.334632873535156,-4.034988880157471,0.06395918130874634,3.4889941215515137,False
D4LensPINN,42,628,0,r270,H15_before_gap,5.334632873535156,-4.034988880157471,0.06395918130874634,3.4889941215515137,False
D4LensPINN,42,628,0,r270,H16_after_gap,5.334632873535156,-4.034988880157471,0.06395918130874634,3.4889941215515137,False
D4LensPINN,42,628,0,r270,H17_pre_linear,5.334632873535156,-4.034988880157471,0.06395918130874634,3.4889941215515137,False
D4LensPINN,42,628,0,flip_h,H00_preprocess,1.112526535987854,0.799250602722168,-0.3732948303222656,-0.6779119968414307,False
D4LensPINN,42,628,0,flip_h,H01_enc1,1.112526535987854,0.799250602722168,-0.3732948303222656,-0.6779119968414307,False
D4LensPINN,42,628,0,flip_h,H02_enc2,1.0388189554214478,0.7522745132446289,-0.39036035537719727,-0.6007051467895508,False
D4LensPINN,42,628,0,flip_h,H03_enc3,0.17583011090755463,0.059533119201660156,0.061462342739105225,-0.15360474586486816,False
D4LensPINN,42,628,0,flip_h,H04_bot,0.16145162284374237,0.04042387008666992,0.06931710243225098,-0.14009881019592285,False
D4LensPINN,42,628,0,flip_h,H08_kappa_out,1.112526535987854,0.799250602722168,-0.3732948303222656,-0.6779119968414307,False
D4LensPINN,42,628,0,flip_h,H09_poisson,0.07977345585823059,0.056467294692993164,-0.019025743007659912,-0.053040266036987305,False
D4LensPINN,42,628,0,flip_h,H10_deflection,0.07977345585823059,0.056467294692993164,-0.019025743007659912,-0.053040266036987305,False
D4LensPINN,42,628,0,flip_h,H11_inv_lens,7.207817554473877,-6.202550888061523,1.090492844581604,3.5059690475463867,False
D4LensPINN,42,628,0,flip_h,H12_HANDOFF,0.437223345041275,-0.004287242889404297,0.2843402028083801,-0.3321092128753662,False
D4LensPINN,42,628,0,flip_h,H12b_input_proj,0.437223345041275,-0.004287242889404297,0.2843402028083801,-0.3321092128753662,False
D4LensPINN,42,628,0,flip_h,H13_eff3,0.437223345041275,-0.004287242889404297,0.2843402028083801,-0.3321092128753662,False
D4LensPINN,42,628,0,flip_h,H13b_eff4,0.437223345041275,-0.004287242889404297,0.2843402028083801,-0.3321092128753662,False
D4LensPINN,42,628,0,flip_h,H14_eff5,0.437223345041275,-0.004287242889404297,0.2843402028083801,-0.3321092128753662,False
D4LensPINN,42,628,0,flip_h,H14b_eff6,0.437223345041275,-0.004287242889404297,0.2843402028083801,-0.3321092128753662,False
D4LensPINN,42,628,0,flip_h,H15_before_gap,0.437223345041275,-0.004287242889404297,0.2843402028083801,-0.3321092128753662,False
D4LensPINN,42,628,0,flip_h,H16_after_gap,0.437223345041275,-0.004287242889404297,0.2843402028083801,-0.3321092128753662,False
D4LensPINN,42,628,0,flip_h,H17_pre_linear,0.437223345041275,-0.004287242889404297,0.2843402028083801,-0.3321092128753662,False
D4LensPINN,42,628,0,flip_h_r90,H00_preprocess,0.723900318145752,-0.08351659774780273,0.5394095778465271,-0.4754934310913086,False
D4LensPINN,42,628,0,flip_h_r90,H01_enc1,0.723900318145752,-0.08351659774780273,0.5394095778465271,-0.4754934310913086,False
D4LensPINN,42,628,0,flip_h_r90,H02_enc2,0.7085191607475281,-0.4346311092376709,0.5564965009689331,-0.05836820602416992,False
D4LensPINN,42,628,0,flip_h_r90,H03_enc3,0.8853129148483276,-0.6636924743652344,0.33278578519821167,0.4822291135787964,False
D4LensPINN,42,628,0,flip_h_r90,H04_bot,0.6345736384391785,-0.47567176818847656,0.23636215925216675,0.3472074270248413,False
D4LensPINN,42,628,0,flip_h_r90,H08_kappa_out,0.723900318145752,-0.08351659774780273,0.5394095778465271,-0.4754934310913086,False
D4LensPINN,42,628,0,flip_h_r90,H09_poisson,0.15098370611667633,0.1002645492553711,-0.017373979091644287,-0.11154031753540039,False
D4LensPINN,42,628,0,flip_h_r90,H10_deflection,0.15098370611667633,0.1002645492553711,-0.017373979091644287,-0.11154031753540039,False
D4LensPINN,42,628,0,flip_h_r90,H11_inv_lens,53.61052703857422,-35.73107147216797,-18.84568214416504,35.24513244628906,False
D4LensPINN,42,628,0,flip_h_r90,H12_HANDOFF,4.2952494621276855,-3.551279306411743,0.9313386678695679,2.2293930053710938,False
D4LensPINN,42,628,0,flip_h_r90,H12b_input_proj,4.2952494621276855,-3.551279306411743,0.9313386678695679,2.2293930053710938,False
D4LensPINN,42,628,0,flip_h_r90,H13_eff3,4.2952494621276855,-3.551279306411743,0.9313386678695679,2.2293930053710938,False
D4LensPINN,42,628,0,flip_h_r90,H13b_eff4,4.2952494621276855,-3.551279306411743,0.9313386678695679,2.2293930053710938,False
D4LensPINN,42,628,0,flip_h_r90,H14_eff5,4.2952494621276855,-3.551279306411743,0.9313386678695679,2.2293930053710938,False
D4LensPINN,42,628,0,flip_h_r90,H14b_eff6,4.2952494621276855,-3.551279306411743,0.9313386678695679,2.2293930053710938,False
D4LensPINN,42,628,0,flip_h_r90,H15_before_gap,4.2952494621276855,-3.551279306411743,0.9313386678695679,2.2293930053710938,False
D4LensPINN,42,628,0,flip_h_r90,H16_after_gap,4.2952494621276855,-3.551279306411743,0.9313386678695679,2.2293930053710938,False
D4LensPINN,42,628,0,flip_h_r90,H17_pre_linear,4.2952494621276855,-3.551279306411743,0.9313386678695679,2.2293930053710938,False
D4LensPINN,42,628,0,flip_h_r180,H00_preprocess,1.0163618326187134,0.7321686744689941,-0.38294243812561035,-0.5918407440185547,False
D4LensPINN,42,628,0,flip_h_r180,H01_enc1,1.0163618326187134,0.7321686744689941,-0.38294243812561035,-0.5918407440185547,False
D4LensPINN,42,628,0,flip_h_r180,H02_enc2,0.9724707007408142,0.7032732963562012,-0.375494122505188,-0.5568752288818359,False
D4LensPINN,42,628,0,flip_h_r180,H03_enc3,0.1629515439271927,0.0022864341735839844,0.1014522910118103,-0.12749671936035156,False
D4LensPINN,42,628,0,flip_h_r180,H04_bot,0.1536114513874054,-0.0003819465637207031,0.09651905298233032,-0.11950063705444336,False
D4LensPINN,42,628,0,flip_h_r180,H08_kappa_out,1.0163618326187134,0.7321686744689941,-0.38294243812561035,-0.5918407440185547,False
D4LensPINN,42,628,0,flip_h_r180,H09_poisson,0.0955863669514656,0.06943416595458984,-0.02951151132583618,-0.05869174003601074,False
D4LensPINN,42,628,0,flip_h_r180,H10_deflection,0.0955863669514656,0.06943416595458984,-0.02951151132583618,-0.05869174003601074,False
D4LensPINN,42,628,0,flip_h_r180,H11_inv_lens,7.854516506195068,-6.414643287658691,0.19972336292266846,4.528343200683594,False
D4LensPINN,42,628,0,flip_h_r180,H12_HANDOFF,0.6116710901260376,-0.4316434860229492,0.43256303668022156,0.0267331600189209,False
D4LensPINN,42,628,0,flip_h_r180,H12b_input_proj,0.6116710901260376,-0.4316434860229492,0.43256303668022156,0.0267331600189209,False
D4LensPINN,42,628,0,flip_h_r180,H13_eff3,0.6116710901260376,-0.4316434860229492,0.43256303668022156,0.0267331600189209,False
D4LensPINN,42,628,0,flip_h_r180,H13b_eff4,0.6116710901260376,-0.4316434860229492,0.43256303668022156,0.0267331600189209,False
D4LensPINN,42,628,0,flip_h_r180,H14_eff5,0.6116710901260376,-0.4316434860229492,0.43256303668022156,0.0267331600189209,False
D4LensPINN,42,628,0,flip_h_r180,H14b_eff6,0.6116710901260376,-0.4316434860229492,0.43256303668022156,0.0267331600189209,False
D4LensPINN,42,628,0,flip_h_r180,H15_before_gap,0.6116710901260376,-0.4316434860229492,0.43256303668022156,0.0267331600189209,False
D4LensPINN,42,628,0,flip_h_r180,H16_after_gap,0.6116710901260376,-0.4316434860229492,0.43256303668022156,0.0267331600189209,False
D4LensPINN,42,628,0,flip_h_r180,H17_pre_linear,0.6116710901260376,-0.4316434860229492,0.43256303668022156,0.0267331600189209,False
D4LensPINN,42,628,0,flip_h_r270,H00_preprocess,0.8301226496696472,-0.6492445468902588,0.3971658945083618,0.3314279317855835,False
D4LensPINN,42,628,0,flip_h_r270,H01_enc1,0.8301226496696472,-0.6492445468902588,0.3971658945083618,0.3314279317855835,False
D4LensPINN,42,628,0,flip_h_r270,H02_enc2,1.7526257038116455,-1.4400620460510254,0.7065819501876831,0.7061587572097778,False
D4LensPINN,42,628,0,flip_h_r270,H03_enc3,1.1700987815856934,-0.8824124336242676,0.46195003390312195,0.6140697002410889,False
D4LensPINN,42,628,0,flip_h_r270,H04_bot,0.8391047716140747,-0.6320745944976807,0.3402349352836609,0.4345327615737915,False
D4LensPINN,42,628,0,flip_h_r270,H08_kappa_out,0.8301226496696472,-0.6492445468902588,0.3971658945083618,0.3314279317855835,False
D4LensPINN,42,628,0,flip_h_r270,H09_poisson,0.20031368732452393,0.1360158920288086,-0.02982240915298462,-0.14399957656860352,False
D4LensPINN,42,628,0,flip_h_r270,H10_deflection,0.20031368732452393,0.1360158920288086,-0.02982240915298462,-0.14399957656860352,False
D4LensPINN,42,628,0,flip_h_r270,H11_inv_lens,48.06746292114258,-31.783662796020508,-17.00105094909668,31.800064086914062,False
D4LensPINN,42,628,0,flip_h_r270,H12_HANDOFF,3.2866644859313965,-2.3621559143066406,0.2656667232513428,2.269758701324463,False
D4LensPINN,42,628,0,flip_h_r270,H12b_input_proj,3.2866644859313965,-2.3621559143066406,0.2656667232513428,2.269758701324463,False
D4LensPINN,42,628,0,flip_h_r270,H13_eff3,3.2866644859313965,-2.3621559143066406,0.2656667232513428,2.269758701324463,False
D4LensPINN,42,628,0,flip_h_r270,H13b_eff4,3.2866644859313965,-2.3621559143066406,0.2656667232513428,2.269758701324463,False
D4LensPINN,42,628,0,flip_h_r270,H14_eff5,3.2866644859313965,-2.3621559143066406,0.2656667232513428,2.269758701324463,False
D4LensPINN,42,628,0,flip_h_r270,H14b_eff6,3.2866644859313965,-2.3621559143066406,0.2656667232513428,2.269758701324463,False
D4LensPINN,42,628,0,flip_h_r270,H15_before_gap,3.2866644859313965,-2.3621559143066406,0.2656667232513428,2.269758701324463,False
D4LensPINN,42,628,0,flip_h_r270,H16_after_gap,3.2866644859313965,-2.3621559143066406,0.2656667232513428,2.269758701324463,False
D4LensPINN,42,628,0,flip_h_r270,H17_pre_linear,3.2866644859313965,-2.3621559143066406,0.2656667232513428,2.269758701324463,False
D4LensPINN,43,654,0,e,H00_preprocess,0.0,0.0,0.0,0.0,False
D4LensPINN,43,654,0,e,H01_enc1,0.0,0.0,0.0,0.0,False
D4LensPINN,43,654,0,e,H02_enc2,0.0,0.0,0.0,0.0,False
D4LensPINN,43,654,0,e,H03_enc3,0.0,0.0,0.0,0.0,False
D4LensPINN,43,654,0,e,H04_bot,0.0,0.0,0.0,0.0,False
D4LensPINN,43,654,0,e,H08_kappa_out,0.0,0.0,0.0,0.0,False
D4LensPINN,43,654,0,e,H09_poisson,0.0,0.0,0.0,0.0,False
D4LensPINN,43,654,0,e,H10_deflection,0.0,0.0,0.0,0.0,False
D4LensPINN,43,654,0,e,H11_inv_lens,0.0,0.0,0.0,0.0,False
D4LensPINN,43,654,0,e,H12_HANDOFF,0.0,0.0,0.0,0.0,False
D4LensPINN,43,654,0,e,H12b_input_proj,0.0,0.0,0.0,0.0,False
D4LensPINN,43,654,0,e,H13_eff3,0.0,0.0,0.0,0.0,False
D4LensPINN,43,654,0,e,H13b_eff4,0.0,0.0,0.0,0.0,False
D4LensPINN,43,654,0,e,H14_eff5,0.0,0.0,0.0,0.0,False
D4LensPINN,43,654,0,e,H14b_eff6,0.0,0.0,0.0,0.0,False
D4LensPINN,43,654,0,e,H15_before_gap,0.0,0.0,0.0,0.0,False
D4LensPINN,43,654,0,e,H16_after_gap,0.0,0.0,0.0,0.0,False
D4LensPINN,43,654,0,e,H17_pre_linear,0.0,0.0,0.0,0.0,False
D4LensPINN,43,654,0,r90,H00_preprocess,0.9486581683158875,0.5929017066955566,-0.015606164932250977,-0.740389347076416,False
D4LensPINN,43,654,0,r90,H01_enc1,0.9486581683158875,0.5929017066955566,-0.015606164932250977,-0.740389347076416,False
D4LensPINN,43,654,0,r90,H02_enc2,0.8378471732139587,0.4909653663635254,0.04835367202758789,-0.6772022247314453,False
D4LensPINN,43,654,0,r90,H03_enc3,0.23655329644680023,-0.17210912704467773,0.11289036273956299,0.11658334732055664,False
D4LensPINN,43,654,0,r90,H04_bot,0.18347662687301636,-0.12767601013183594,0.05016279220581055,0.12184500694274902,False
D4LensPINN,43,654,0,r90,H08_kappa_out,0.9486581683158875,0.5929017066955566,-0.015606164932250977,-0.740389347076416,False
D4LensPINN,43,654,0,r90,H09_poisson,0.3049195408821106,0.19590282440185547,-0.022632598876953125,-0.23256349563598633,False
D4LensPINN,43,654,0,r90,H10_deflection,0.3049195408821106,0.19590282440185547,-0.022632598876953125,-0.23256349563598633,False
D4LensPINN,43,654,0,r90,H11_inv_lens,43.041072845458984,-29.341718673706055,-13.598443031311035,28.40210723876953,False
D4LensPINN,43,654,0,r90,H12_HANDOFF,4.045292854309082,-3.075226306915283,1.2410871982574463,2.3166956901550293,False
D4LensPINN,43,654,0,r90,H12b_input_proj,4.045292854309082,-3.075226306915283,1.2410871982574463,2.3166956901550293,False
D4LensPINN,43,654,0,r90,H13_eff3,4.045292854309082,-3.075226306915283,1.2410871982574463,2.3166956901550293,False
D4LensPINN,43,654,0,r90,H13b_eff4,4.045292854309082,-3.075226306915283,1.2410871982574463,2.3166956901550293,False
D4LensPINN,43,654,0,r90,H14_eff5,4.045292854309082,-3.075226306915283,1.2410871982574463,2.3166956901550293,False
D4LensPINN,43,654,0,r90,H14b_eff6,4.045292854309082,-3.075226306915283,1.2410871982574463,2.3166956901550293,False
D4LensPINN,43,654,0,r90,H15_before_gap,4.045292854309082,-3.075226306915283,1.2410871982574463,2.3166956901550293,False
D4LensPINN,43,654,0,r90,H16_after_gap,4.045292854309082,-3.075226306915283,1.2410871982574463,2.3166956901550293,False
D4LensPINN,43,654,0,r90,H17_pre_linear,4.045292854309082,-3.075226306915283,1.2410871982574463,2.3166956901550293,False
D4LensPINN,43,654,0,r180,H00_preprocess,0.7533388137817383,0.49311017990112305,-0.09932518005371094,-0.5607995986938477,False
D4LensPINN,43,654,0,r180,H01_enc1,0.7533388137817383,0.49311017990112305,-0.09932518005371094,-0.5607995986938477,False
D4LensPINN,43,654,0,r180,H02_enc2,0.7258918881416321,0.46652984619140625,-0.07476282119750977,-0.5510711669921875,False
D4LensPINN,43,654,0,r180,H03_enc3,0.08604951202869415,-0.06427192687988281,0.05242908000946045,0.022909164428710938,False
D4LensPINN,43,654,0,r180,H04_bot,0.04499730095267296,-0.035517215728759766,0.020508289337158203,0.01851201057434082,False
D4LensPINN,43,654,0,r180,H08_kappa_out,0.7533388137817383,0.49311017990112305,-0.09932518005371094,-0.5607995986938477,False
D4LensPINN,43,654,0,r180,H09_poisson,0.08946020901203156,0.04897165298461914,0.007748723030090332,-0.0744638442993164,False
D4LensPINN,43,654,0,r180,H10_deflection,0.08946020901203156,0.04897165298461914,0.007748723030090332,-0.0744638442993164,False
D4LensPINN,43,654,0,r180,H11_inv_lens,9.202095985412598,-6.807156085968018,-0.20550286769866943,6.188615798950195,False
D4LensPINN,43,654,0,r180,H12_HANDOFF,0.6945865750312805,0.3223423957824707,0.19488525390625,-0.5835800170898438,False
D4LensPINN,43,654,0,r180,H12b_input_proj,0.6945865750312805,0.3223423957824707,0.19488525390625,-0.5835800170898438,False
D4LensPINN,43,654,0,r180,H13_eff3,0.6945865750312805,0.3223423957824707,0.19488525390625,-0.5835800170898438,False
D4LensPINN,43,654,0,r180,H13b_eff4,0.6945865750312805,0.3223423957824707,0.19488525390625,-0.5835800170898438,False
D4LensPINN,43,654,0,r180,H14_eff5,0.6945865750312805,0.3223423957824707,0.19488525390625,-0.5835800170898438,False
D4LensPINN,43,654,0,r180,H14b_eff6,0.6945865750312805,0.3223423957824707,0.19488525390625,-0.5835800170898438,False
D4LensPINN,43,654,0,r180,H15_before_gap,0.6945865750312805,0.3223423957824707,0.19488525390625,-0.5835800170898438,False
D4LensPINN,43,654,0,r180,H16_after_gap,0.6945865750312805,0.3223423957824707,0.19488525390625,-0.5835800170898438,False
D4LensPINN,43,654,0,r180,H17_pre_linear,0.6945865750312805,0.3223423957824707,0.19488525390625,-0.5835800170898438,False
D4LensPINN,43,654,0,r270,H00_preprocess,0.4836021065711975,0.3190445899963379,-0.0030547380447387695,-0.363417387008667,False
D4LensPINN,43,654,0,r270,H01_enc1,0.4836021065711975,0.3190445899963379,-0.0030547380447387695,-0.363417387008667,False
D4LensPINN,43,654,0,r270,H02_enc2,0.5364251732826233,0.32214879989624023,0.04269206523895264,-0.4267897605895996,False
D4LensPINN,43,654,0,r270,H03_enc3,0.298484742641449,-0.20846319198608398,0.19112038612365723,0.09544229507446289,False
D4LensPINN,43,654,0,r270,H04_bot,0.3281792402267456,-0.23758697509765625,0.1507798433303833,0.16887712478637695,False
D4LensPINN,43,654,0,r270,H08_kappa_out,0.4836021065711975,0.3190445899963379,-0.0030547380447387695,-0.363417387008667,False
D4LensPINN,43,654,0,r270,H09_poisson,0.28237226605415344,0.1877455711364746,-0.03231251239776611,-0.20842647552490234,False
D4LensPINN,43,654,0,r270,H10_deflection,0.28237226605415344,0.1877455711364746,-0.03231251239776611,-0.20842647552490234,False
D4LensPINN,43,654,0,r270,H11_inv_lens,38.228614807128906,-26.2264404296875,-11.754594802856445,25.207744598388672,False
D4LensPINN,43,654,0,r270,H12_HANDOFF,5.376728534698486,-3.7370495796203613,0.2964169979095459,3.854323387145996,False
D4LensPINN,43,654,0,r270,H12b_input_proj,5.376728534698486,-3.7370495796203613,0.2964169979095459,3.854323387145996,False
D4LensPINN,43,654,0,r270,H13_eff3,5.376728534698486,-3.7370495796203613,0.2964169979095459,3.854323387145996,False
D4LensPINN,43,654,0,r270,H13b_eff4,5.376728534698486,-3.7370495796203613,0.2964169979095459,3.854323387145996,False
D4LensPINN,43,654,0,r270,H14_eff5,5.376728534698486,-3.7370495796203613,0.2964169979095459,3.854323387145996,False
D4LensPINN,43,654,0,r270,H14b_eff6,5.376728534698486,-3.7370495796203613,0.2964169979095459,3.854323387145996,False
D4LensPINN,43,654,0,r270,H15_before_gap,5.376728534698486,-3.7370495796203613,0.2964169979095459,3.854323387145996,False
D4LensPINN,43,654,0,r270,H16_after_gap,5.376728534698486,-3.7370495796203613,0.2964169979095459,3.854323387145996,False
D4LensPINN,43,654,0,r270,H17_pre_linear,5.376728534698486,-3.7370495796203613,0.2964169979095459,3.854323387145996,False
D4LensPINN,43,654,0,flip_h,H00_preprocess,0.22088642418384552,0.13151121139526367,-0.012372970581054688,-0.17703819274902344,False
D4LensPINN,43,654,0,flip_h,H01_enc1,0.22088642418384552,0.13151121139526367,-0.012372970581054688,-0.17703819274902344,False
D4LensPINN,43,654,0,flip_h,H02_enc2,0.14902767539024353,0.06786108016967773,0.022913575172424316,-0.13068699836730957,False
D4LensPINN,43,654,0,flip_h,H03_enc3,0.03330575302243233,-0.008615970611572266,0.029286503791809082,-0.013316869735717773,False
D4LensPINN,43,654,0,flip_h,H04_bot,0.02864779345691204,-0.019435405731201172,0.014389991760253906,0.015358686447143555,False
D4LensPINN,43,654,0,flip_h,H08_kappa_out,0.22088642418384552,0.13151121139526367,-0.012372970581054688,-0.17703819274902344,False
D4LensPINN,43,654,0,flip_h,H09_poisson,0.05585993081331253,0.008898735046386719,0.031010985374450684,-0.04560112953186035,False
D4LensPINN,43,654,0,flip_h,H10_deflection,0.05585993081331253,0.008898735046386719,0.031010985374450684,-0.04560112953186035,False
D4LensPINN,43,654,0,flip_h,H11_inv_lens,10.02759838104248,-8.089595794677734,0.7606232762336731,5.8764472007751465,False
D4LensPINN,43,654,0,flip_h,H12_HANDOFF,0.4049360454082489,-0.12706661224365234,0.33153557777404785,-0.19470858573913574,False
D4LensPINN,43,654,0,flip_h,H12b_input_proj,0.4049360454082489,-0.12706661224365234,0.33153557777404785,-0.19470858573913574,False
D4LensPINN,43,654,0,flip_h,H13_eff3,0.4049360454082489,-0.12706661224365234,0.33153557777404785,-0.19470858573913574,False
D4LensPINN,43,654,0,flip_h,H13b_eff4,0.4049360454082489,-0.12706661224365234,0.33153557777404785,-0.19470858573913574,False
D4LensPINN,43,654,0,flip_h,H14_eff5,0.4049360454082489,-0.12706661224365234,0.33153557777404785,-0.19470858573913574,False
D4LensPINN,43,654,0,flip_h,H14b_eff6,0.4049360454082489,-0.12706661224365234,0.33153557777404785,-0.19470858573913574,False
D4LensPINN,43,654,0,flip_h,H15_before_gap,0.4049360454082489,-0.12706661224365234,0.33153557777404785,-0.19470858573913574,False
D4LensPINN,43,654,0,flip_h,H16_after_gap,0.4049360454082489,-0.12706661224365234,0.33153557777404785,-0.19470858573913574,False
D4LensPINN,43,654,0,flip_h,H17_pre_linear,0.4049360454082489,-0.12706661224365234,0.33153557777404785,-0.19470858573913574,False
D4LensPINN,43,654,0,flip_h_r90,H00_preprocess,1.0949019193649292,0.6923995018005371,-0.04234611988067627,-0.8471126556396484,False
D4LensPINN,43,654,0,flip_h_r90,H01_enc1,1.0949019193649292,0.6923995018005371,-0.04234611988067627,-0.8471126556396484,False
D4LensPINN,43,654,0,flip_h_r90,H02_enc2,0.9406856298446655,0.6026487350463867,-0.059662699699401855,-0.7198224067687988,False
D4LensPINN,43,654,0,flip_h_r90,H03_enc3,0.19745104014873505,-0.13889026641845703,0.13450098037719727,0.04007363319396973,False
D4LensPINN,43,654,0,flip_h_r90,H04_bot,0.1819862574338913,-0.12093067169189453,0.13496649265289307,0.01669788360595703,False
D4LensPINN,43,654,0,flip_h_r90,H08_kappa_out,1.0949019193649292,0.6923995018005371,-0.04234611988067627,-0.8471126556396484,False
D4LensPINN,43,654,0,flip_h_r90,H09_poisson,0.3943226635456085,0.2693190574645996,-0.06488311290740967,-0.2806203365325928,False
D4LensPINN,43,654,0,flip_h_r90,H10_deflection,0.3943226635456085,0.2693190574645996,-0.06488311290740967,-0.2806203365325928,False
D4LensPINN,43,654,0,flip_h_r90,H11_inv_lens,41.38652038574219,-28.47059440612793,-12.934696197509766,27.110198974609375,False
D4LensPINN,43,654,0,flip_h_r90,H12_HANDOFF,3.406668186187744,-2.474915027618408,0.7957512736320496,2.2015819549560547,False
D4LensPINN,43,654,0,flip_h_r90,H12b_input_proj,3.406668186187744,-2.474915027618408,0.7957512736320496,2.2015819549560547,False
D4LensPINN,43,654,0,flip_h_r90,H13_eff3,3.406668186187744,-2.474915027618408,0.7957512736320496,2.2015819549560547,False
D4LensPINN,43,654,0,flip_h_r90,H13b_eff4,3.406668186187744,-2.474915027618408,0.7957512736320496,2.2015819549560547,False
D4LensPINN,43,654,0,flip_h_r90,H14_eff5,3.406668186187744,-2.474915027618408,0.7957512736320496,2.2015819549560547,False
D4LensPINN,43,654,0,flip_h_r90,H14b_eff6,3.406668186187744,-2.474915027618408,0.7957512736320496,2.2015819549560547,False
D4LensPINN,43,654,0,flip_h_r90,H15_before_gap,3.406668186187744,-2.474915027618408,0.7957512736320496,2.2015819549560547,False
D4LensPINN,43,654,0,flip_h_r90,H16_after_gap,3.406668186187744,-2.474915027618408,0.7957512736320496,2.2015819549560547,False
D4LensPINN,43,654,0,flip_h_r90,H17_pre_linear,3.406668186187744,-2.474915027618408,0.7957512736320496,2.2015819549560547,False
D4LensPINN,43,654,0,flip_h_r180,H00_preprocess,0.7351213097572327,0.4712033271789551,-0.06229293346405029,-0.5607943534851074,False
D4LensPINN,43,654,0,flip_h_r180,H01_enc1,0.7351213097572327,0.4712033271789551,-0.06229293346405029,-0.5607943534851074,False
D4LensPINN,43,654,0,flip_h_r180,H02_enc2,0.7701494097709656,0.48505687713623047,-0.0452805757522583,-0.596489429473877,False
D4LensPINN,43,654,0,flip_h_r180,H03_enc3,0.0043403697200119495,0.0013661384582519531,0.004101395606994629,0.0003886222839355469,False
D4LensPINN,43,654,0,flip_h_r180,H04_bot,0.05622756481170654,0.0385279655456543,-0.04068434238433838,-0.004681825637817383,False
D4LensPINN,43,654,0,flip_h_r180,H08_kappa_out,0.7351213097572327,0.4712033271789551,-0.06229293346405029,-0.5607943534851074,False
D4LensPINN,43,654,0,flip_h_r180,H09_poisson,0.012186401523649693,0.0042896270751953125,0.0011719465255737305,-0.011346101760864258,False
D4LensPINN,43,654,0,flip_h_r180,H10_deflection,0.012186401523649693,0.0042896270751953125,0.0011719465255737305,-0.011346101760864258,False
D4LensPINN,43,654,0,flip_h_r180,H11_inv_lens,9.488470077514648,-7.638052463531494,0.8371071219444275,5.566908836364746,False
D4LensPINN,43,654,0,flip_h_r180,H12_HANDOFF,0.4085261821746826,-0.055452823638916016,-0.26526856422424316,0.3056979179382324,False
D4LensPINN,43,654,0,flip_h_r180,H12b_input_proj,0.4085261821746826,-0.055452823638916016,-0.26526856422424316,0.3056979179382324,False
D4LensPINN,43,654,0,flip_h_r180,H13_eff3,0.4085261821746826,-0.055452823638916016,-0.26526856422424316,0.3056979179382324,False
D4LensPINN,43,654,0,flip_h_r180,H13b_eff4,0.4085261821746826,-0.055452823638916016,-0.26526856422424316,0.3056979179382324,False
D4LensPINN,43,654,0,flip_h_r180,H14_eff5,0.4085261821746826,-0.055452823638916016,-0.26526856422424316,0.3056979179382324,False
D4LensPINN,43,654,0,flip_h_r180,H14b_eff6,0.4085261821746826,-0.055452823638916016,-0.26526856422424316,0.3056979179382324,False
D4LensPINN,43,654,0,flip_h_r180,H15_before_gap,0.4085261821746826,-0.055452823638916016,-0.26526856422424316,0.3056979179382324,False
D4LensPINN,43,654,0,flip_h_r180,H16_after_gap,0.4085261821746826,-0.055452823638916016,-0.26526856422424316,0.3056979179382324,False
D4LensPINN,43,654,0,flip_h_r180,H17_pre_linear,0.4085261821746826,-0.055452823638916016,-0.26526856422424316,0.3056979179382324,False
D4LensPINN,43,654,0,flip_h_r270,H00_preprocess,0.7197484374046326,0.44670820236206055,-0.030890703201293945,-0.5635027885437012,False
D4LensPINN,43,654,0,flip_h_r270,H01_enc1,0.7197484374046326,0.44670820236206055,-0.030890703201293945,-0.5635027885437012,False
D4LensPINN,43,654,0,flip_h_r270,H02_enc2,0.685849130153656,0.408933162689209,-0.00039958953857421875,-0.5506019592285156,False
D4LensPINN,43,654,0,flip_h_r270,H03_enc3,0.2473587840795517,-0.11661434173583984,0.20731627941131592,-0.06787800788879395,False
D4LensPINN,43,654,0,flip_h_r270,H04_bot,0.2531542479991913,-0.1357121467590332,0.20927774906158447,-0.04326796531677246,False
D4LensPINN,43,654,0,flip_h_r270,H08_kappa_out,0.7197484374046326,0.44670820236206055,-0.030890703201293945,-0.5635027885437012,False
D4LensPINN,43,654,0,flip_h_r270,H09_poisson,0.35096701979637146,0.23690080642700195,-0.051744699478149414,-0.25372886657714844,False
D4LensPINN,43,654,0,flip_h_r270,H10_deflection,0.35096701979637146,0.23690080642700195,-0.051744699478149414,-0.25372886657714844,False
D4LensPINN,43,654,0,flip_h_r270,H11_inv_lens,45.37528610229492,-30.70320701599121,-14.7383394241333,29.98351287841797,False
D4LensPINN,43,654,0,flip_h_r270,H12_HANDOFF,5.008384704589844,-4.087036609649658,2.2377777099609375,1.8364092111587524,False
D4LensPINN,43,654,0,flip_h_r270,H12b_input_proj,5.008384704589844,-4.087036609649658,2.2377777099609375,1.8364092111587524,False
D4LensPINN,43,654,0,flip_h_r270,H13_eff3,5.008384704589844,-4.087036609649658,2.2377777099609375,1.8364092111587524,False
D4LensPINN,43,654,0,flip_h_r270,H13b_eff4,5.008384704589844,-4.087036609649658,2.2377777099609375,1.8364092111587524,False
D4LensPINN,43,654,0,flip_h_r270,H14_eff5,5.008384704589844,-4.087036609649658,2.2377777099609375,1.8364092111587524,False
D4LensPINN,43,654,0,flip_h_r270,H14b_eff6,5.008384704589844,-4.087036609649658,2.2377777099609375,1.8364092111587524,False
D4LensPINN,43,654,0,flip_h_r270,H15_before_gap,5.008384704589844,-4.087036609649658,2.2377777099609375,1.8364092111587524,False
D4LensPINN,43,654,0,flip_h_r270,H16_after_gap,5.008384704589844,-4.087036609649658,2.2377777099609375,1.8364092111587524,False
D4LensPINN,43,654,0,flip_h_r270,H17_pre_linear,5.008384704589844,-4.087036609649658,2.2377777099609375,1.8364092111587524,False
D4LensPINN,44,680,1,e,H00_preprocess,0.0,0.0,0.0,0.0,False
D4LensPINN,44,680,1,e,H01_enc1,0.0,0.0,0.0,0.0,False
D4LensPINN,44,680,1,e,H02_enc2,0.0,0.0,0.0,0.0,False
D4LensPINN,44,680,1,e,H03_enc3,0.0,0.0,0.0,0.0,False
D4LensPINN,44,680,1,e,H04_bot,0.0,0.0,0.0,0.0,False
D4LensPINN,44,680,1,e,H08_kappa_out,0.0,0.0,0.0,0.0,False
D4LensPINN,44,680,1,e,H09_poisson,0.0,0.0,0.0,0.0,False
D4LensPINN,44,680,1,e,H10_deflection,0.0,0.0,0.0,0.0,False
D4LensPINN,44,680,1,e,H11_inv_lens,0.0,0.0,0.0,0.0,False
D4LensPINN,44,680,1,e,H12_HANDOFF,0.0,0.0,0.0,0.0,False
D4LensPINN,44,680,1,e,H12b_input_proj,0.0,0.0,0.0,0.0,False
D4LensPINN,44,680,1,e,H13_eff3,0.0,0.0,0.0,0.0,False
D4LensPINN,44,680,1,e,H13b_eff4,0.0,0.0,0.0,0.0,False
D4LensPINN,44,680,1,e,H14_eff5,0.0,0.0,0.0,0.0,False
D4LensPINN,44,680,1,e,H14b_eff6,0.0,0.0,0.0,0.0,False
D4LensPINN,44,680,1,e,H15_before_gap,0.0,0.0,0.0,0.0,False
D4LensPINN,44,680,1,e,H16_after_gap,0.0,0.0,0.0,0.0,False
D4LensPINN,44,680,1,e,H17_pre_linear,0.0,0.0,0.0,0.0,False
D4LensPINN,44,680,1,r90,H00_preprocess,5.34603214263916,-1.2006139755249023,3.9700751304626465,-3.3729944229125977,False
D4LensPINN,44,680,1,r90,H01_enc1,5.34603214263916,-1.2006139755249023,3.9700751304626465,-3.3729944229125977,False
D4LensPINN,44,680,1,r90,H02_enc2,5.05458927154541,-0.7945337295532227,3.7167234420776367,-3.3321995735168457,False
D4LensPINN,44,680,1,r90,H03_enc3,1.2712557315826416,-1.0812864303588867,-0.09500837326049805,0.661728024482727,False
D4LensPINN,44,680,1,r90,H04_bot,1.2689906358718872,-1.1449270248413086,0.05843973159790039,0.5441176891326904,False
D4LensPINN,44,680,1,r90,H08_kappa_out,5.34603214263916,-1.2006139755249023,3.9700751304626465,-3.3729944229125977,False
D4LensPINN,44,680,1,r90,H09_poisson,0.6141332983970642,-0.06052350997924805,0.4532656669616699,-0.40993523597717285,False
D4LensPINN,44,680,1,r90,H10_deflection,0.6141332983970642,-0.06052350997924805,0.4532656669616699,-0.40993523597717285,False
D4LensPINN,44,680,1,r90,H11_inv_lens,26.36821937561035,-13.291437149047852,-13.160654067993164,18.585420608520508,False
D4LensPINN,44,680,1,r90,H12_HANDOFF,3.3250198364257812,-0.3824319839477539,2.4520554542541504,-2.212899923324585,False
D4LensPINN,44,680,1,r90,H12b_input_proj,3.3250198364257812,-0.3824319839477539,2.4520554542541504,-2.212899923324585,False
D4LensPINN,44,680,1,r90,H13_eff3,3.3250198364257812,-0.3824319839477539,2.4520554542541504,-2.212899923324585,False
D4LensPINN,44,680,1,r90,H13b_eff4,3.3250198364257812,-0.3824319839477539,2.4520554542541504,-2.212899923324585,False
D4LensPINN,44,680,1,r90,H14_eff5,3.3250198364257812,-0.3824319839477539,2.4520554542541504,-2.212899923324585,False
D4LensPINN,44,680,1,r90,H14b_eff6,3.3250198364257812,-0.3824319839477539,2.4520554542541504,-2.212899923324585,False
D4LensPINN,44,680,1,r90,H15_before_gap,3.3250198364257812,-0.3824319839477539,2.4520554542541504,-2.212899923324585,False
D4LensPINN,44,680,1,r90,H16_after_gap,3.3250198364257812,-0.3824319839477539,2.4520554542541504,-2.212899923324585,False
D4LensPINN,44,680,1,r90,H17_pre_linear,3.3250198364257812,-0.3824319839477539,2.4520554542541504,-2.212899923324585,False
D4LensPINN,44,680,1,r180,H00_preprocess,0.9139756560325623,-0.28000450134277344,0.757575273513794,-0.4278184771537781,False
D4LensPINN,44,680,1,r180,H01_enc1,0.9139756560325623,-0.28000450134277344,0.757575273513794,-0.4278184771537781,False
D4LensPINN,44,680,1,r180,H02_enc2,0.7280905842781067,-0.3592672348022461,-0.200026273727417,0.6008597612380981,False
D4LensPINN,44,680,1,r180,H03_enc3,0.9221800565719604,-0.3534703254699707,-0.49422013759613037,0.6937011480331421,False
D4LensPINN,44,680,1,r180,H04_bot,0.5407930612564087,-0.27006053924560547,-0.23336172103881836,0.4062840938568115,False
D4LensPINN,44,680,1,r180,H08_kappa_out,0.9139756560325623,-0.28000450134277344,0.757575273513794,-0.4278184771537781,False
D4LensPINN,44,680,1,r180,H09_poisson,0.24407395720481873,-0.22460460662841797,0.09489226341247559,0.010969400405883789,False
D4LensPINN,44,680,1,r180,H10_deflection,0.24407395720481873,-0.22460460662841797,0.09489226341247559,0.010969400405883789,False
D4LensPINN,44,680,1,r180,H11_inv_lens,7.40041971206665,-0.3935518264770508,-5.338971138000488,5.10947322845459,False
D4LensPINN,44,680,1,r180,H12_HANDOFF,5.411608695983887,1.5788850784301758,3.0362157821655273,-4.192138671875,False
D4LensPINN,44,680,1,r180,H12b_input_proj,5.411608695983887,1.5788850784301758,3.0362157821655273,-4.192138671875,False
D4LensPINN,44,680,1,r180,H13_eff3,5.411608695983887,1.5788850784301758,3.0362157821655273,-4.192138671875,False
D4LensPINN,44,680,1,r180,H13b_eff4,5.411608695983887,1.5788850784301758,3.0362157821655273,-4.192138671875,False
D4LensPINN,44,680,1,r180,H14_eff5,5.411608695983887,1.5788850784301758,3.0362157821655273,-4.192138671875,False
D4LensPINN,44,680,1,r180,H14b_eff6,5.411608695983887,1.5788850784301758,3.0362157821655273,-4.192138671875,False
D4LensPINN,44,680,1,r180,H15_before_gap,5.411608695983887,1.5788850784301758,3.0362157821655273,-4.192138671875,False
D4LensPINN,44,680,1,r180,H16_after_gap,5.411608695983887,1.5788850784301758,3.0362157821655273,-4.192138671875,False
D4LensPINN,44,680,1,r180,H17_pre_linear,5.411608695983887,1.5788850784301758,3.0362157821655273,-4.192138671875,False
D4LensPINN,44,680,1,r270,H00_preprocess,2.257244825363159,-0.9841413497924805,1.651911735534668,-1.1822892427444458,False
D4LensPINN,44,680,1,r270,H01_enc1,2.257244825363159,-0.9841413497924805,1.651911735534668,-1.1822892427444458,False
D4LensPINN,44,680,1,r270,H02_enc2,1.1619523763656616,-1.0311808586120605,0.5339546203613281,-0.04113268852233887,False
D4LensPINN,44,680,1,r270,H03_enc3,0.9537241458892822,-0.6594386100769043,-0.2671620845794678,0.6351022720336914,False
D4LensPINN,44,680,1,r270,H04_bot,0.9436509609222412,-0.48748111724853516,-0.40775060653686523,0.697551965713501,False
D4LensPINN,44,680,1,r270,H08_kappa_out,2.257244825363159,-0.9841413497924805,1.651911735534668,-1.1822892427444458,False
D4LensPINN,44,680,1,r270,H09_poisson,0.4597166180610657,0.21994924545288086,0.21870434284210205,-0.3393082916736603,False
D4LensPINN,44,680,1,r270,H10_deflection,0.4597166180610657,0.21994924545288086,0.21870434284210205,-0.3393082916736603,False
D4LensPINN,44,680,1,r270,H11_inv_lens,32.47995376586914,-18.57520866394043,-14.705852508544922,22.21816635131836,False
D4LensPINN,44,680,1,r270,H12_HANDOFF,1.2799772024154663,1.0506494045257568,0.261218786239624,-0.6828193664550781,False
D4LensPINN,44,680,1,r270,H12b_input_proj,1.2799772024154663,1.0506494045257568,0.261218786239624,-0.6828193664550781,False
D4LensPINN,44,680,1,r270,H13_eff3,1.2799772024154663,1.0506494045257568,0.261218786239624,-0.6828193664550781,False
D4LensPINN,44,680,1,r270,H13b_eff4,1.2799772024154663,1.0506494045257568,0.261218786239624,-0.6828193664550781,False
D4LensPINN,44,680,1,r270,H14_eff5,1.2799772024154663,1.0506494045257568,0.261218786239624,-0.6828193664550781,False
D4LensPINN,44,680,1,r270,H14b_eff6,1.2799772024154663,1.0506494045257568,0.261218786239624,-0.6828193664550781,False
D4LensPINN,44,680,1,r270,H15_before_gap,1.2799772024154663,1.0506494045257568,0.261218786239624,-0.6828193664550781,False
D4LensPINN,44,680,1,r270,H16_after_gap,1.2799772024154663,1.0506494045257568,0.261218786239624,-0.6828193664550781,False
D4LensPINN,44,680,1,r270,H17_pre_linear,1.2799772024154663,1.0506494045257568,0.261218786239624,-0.6828193664550781,False
D4LensPINN,44,680,1,flip_h,H00_preprocess,3.614767074584961,1.30147123336792,2.077005386352539,-2.6568331718444824,False
D4LensPINN,44,680,1,flip_h,H01_enc1,3.614767074584961,1.30147123336792,2.077005386352539,-2.6568331718444824,False
D4LensPINN,44,680,1,flip_h,H02_enc2,4.654405117034912,3.8100979328155518,0.7339332103729248,-2.5705995559692383,False
D4LensPINN,44,680,1,flip_h,H03_enc3,0.3861940801143646,-0.1824789047241211,0.2945406436920166,-0.1705670952796936,False
D4LensPINN,44,680,1,flip_h,H04_bot,0.665902853012085,-0.1982879638671875,0.5151529312133789,-0.372459352016449,False
D4LensPINN,44,680,1,flip_h,H08_kappa_out,3.614767074584961,1.30147123336792,2.077005386352539,-2.6568331718444824,False
D4LensPINN,44,680,1,flip_h,H09_poisson,0.2971864342689514,-0.21066761016845703,0.1913454532623291,-0.0855911374092102,False
D4LensPINN,44,680,1,flip_h,H10_deflection,0.2971864342689514,-0.21066761016845703,0.1913454532623291,-0.0855911374092102,False
D4LensPINN,44,680,1,flip_h,H11_inv_lens,5.700681209564209,5.179247856140137,-2.3797390460968018,0.09999966621398926,False
D4LensPINN,44,680,1,flip_h,H12_HANDOFF,4.323787212371826,-0.6742286682128906,3.205409049987793,-2.8223934173583984,False
D4LensPINN,44,680,1,flip_h,H12b_input_proj,4.323787212371826,-0.6742286682128906,3.205409049987793,-2.8223934173583984,False
D4LensPINN,44,680,1,flip_h,H13_eff3,4.323787212371826,-0.6742286682128906,3.205409049987793,-2.8223934173583984,False
D4LensPINN,44,680,1,flip_h,H13b_eff4,4.323787212371826,-0.6742286682128906,3.205409049987793,-2.8223934173583984,False
D4LensPINN,44,680,1,flip_h,H14_eff5,4.323787212371826,-0.6742286682128906,3.205409049987793,-2.8223934173583984,False
D4LensPINN,44,680,1,flip_h,H14b_eff6,4.323787212371826,-0.6742286682128906,3.205409049987793,-2.8223934173583984,False
D4LensPINN,44,680,1,flip_h,H15_before_gap,4.323787212371826,-0.6742286682128906,3.205409049987793,-2.8223934173583984,False
D4LensPINN,44,680,1,flip_h,H16_after_gap,4.323787212371826,-0.6742286682128906,3.205409049987793,-2.8223934173583984,False
D4LensPINN,44,680,1,flip_h,H17_pre_linear,4.323787212371826,-0.6742286682128906,3.205409049987793,-2.8223934173583984,False
D4LensPINN,44,680,1,flip_h_r90,H00_preprocess,1.9380371570587158,0.5594639778137207,-1.400683879852295,1.2169933319091797,False
D4LensPINN,44,680,1,flip_h_r90,H01_enc1,1.9380371570587158,0.5594639778137207,-1.400683879852295,1.2169933319091797,False
D4LensPINN,44,680,1,flip_h_r90,H02_enc2,3.759505271911621,0.24607324600219727,-2.6722798347473145,2.6329164505004883,False
D4LensPINN,44,680,1,flip_h_r90,H03_enc3,1.3774967193603516,-0.17908716201782227,-0.9161733984947205,1.012941837310791,False
D4LensPINN,44,680,1,flip_h_r90,H04_bot,1.2727038860321045,-0.08269596099853516,-0.8726680874824524,0.9227063655853271,False
D4LensPINN,44,680,1,flip_h_r90,H08_kappa_out,1.9380371570587158,0.5594639778137207,-1.400683879852295,1.2169933319091797,False
D4LensPINN,44,680,1,flip_h_r90,H09_poisson,0.6524278521537781,0.05629158020019531,0.43935656547546387,-0.4790189862251282,False
D4LensPINN,44,680,1,flip_h_r90,H10_deflection,0.6524278521537781,0.05629158020019531,0.43935656547546387,-0.4790189862251282,False
D4LensPINN,44,680,1,flip_h_r90,H11_inv_lens,11.084710121154785,-3.6803555488586426,-6.602733135223389,8.10738468170166,False
D4LensPINN,44,680,1,flip_h_r90,H12_HANDOFF,3.05427885055542,2.053947687149048,0.9385762214660645,-2.0564517974853516,False
D4LensPINN,44,680,1,flip_h_r90,H12b_input_proj,3.05427885055542,2.053947687149048,0.9385762214660645,-2.0564517974853516,False
D4LensPINN,44,680,1,flip_h_r90,H13_eff3,3.05427885055542,2.053947687149048,0.9385762214660645,-2.0564517974853516,False
D4LensPINN,44,680,1,flip_h_r90,H13b_eff4,3.05427885055542,2.053947687149048,0.9385762214660645,-2.0564517974853516,False
D4LensPINN,44,680,1,flip_h_r90,H14_eff5,3.05427885055542,2.053947687149048,0.9385762214660645,-2.0564517974853516,False
D4LensPINN,44,680,1,flip_h_r90,H14b_eff6,3.05427885055542,2.053947687149048,0.9385762214660645,-2.0564517974853516,False
D4LensPINN,44,680,1,flip_h_r90,H15_before_gap,3.05427885055542,2.053947687149048,0.9385762214660645,-2.0564517974853516,False
D4LensPINN,44,680,1,flip_h_r90,H16_after_gap,3.05427885055542,2.053947687149048,0.9385762214660645,-2.0564517974853516,False
D4LensPINN,44,680,1,flip_h_r90,H17_pre_linear,3.05427885055542,2.053947687149048,0.9385762214660645,-2.0564517974853516,False
D4LensPINN,44,680,1,flip_h_r180,H00_preprocess,3.0500946044921875,1.2095749378204346,1.4398751258850098,-2.401409149169922,False
D4LensPINN,44,680,1,flip_h_r180,H01_enc1,3.0500946044921875,1.2095749378204346,1.4398751258850098,-2.401409149169922,False
D4LensPINN,44,680,1,flip_h_r180,H02_enc2,2.9306647777557373,1.4378819465637207,1.1828038692474365,-2.263242721557617,False
D4LensPINN,44,680,1,flip_h_r180,H03_enc3,1.3572912216186523,-0.06968879699707031,-0.934307873249054,0.9820650815963745,False
D4LensPINN,44,680,1,flip_h_r180,H04_bot,1.3357547521591187,0.013607501983642578,-0.9428873062133789,0.9460545778274536,False
D4LensPINN,44,680,1,flip_h_r180,H08_kappa_out,3.0500946044921875,1.2095749378204346,1.4398751258850098,-2.401409149169922,False
D4LensPINN,44,680,1,flip_h_r180,H09_poisson,0.45615679025650024,0.2509946823120117,0.19808435440063477,-0.32533565163612366,False
D4LensPINN,44,680,1,flip_h_r180,H10_deflection,0.45615679025650024,0.2509946823120117,0.19808435440063477,-0.32533565163612366,False
D4LensPINN,44,680,1,flip_h_r180,H11_inv_lens,9.855927467346191,-1.7559089660644531,-6.292757511138916,7.379518032073975,False
D4LensPINN,44,680,1,flip_h_r180,H12_HANDOFF,3.18505859375,1.0131525993347168,1.827967882156372,-2.4034669399261475,False
D4LensPINN,44,680,1,flip_h_r180,H12b_input_proj,3.18505859375,1.0131525993347168,1.827967882156372,-2.4034669399261475,False
D4LensPINN,44,680,1,flip_h_r180,H13_eff3,3.18505859375,1.0131525993347168,1.827967882156372,-2.4034669399261475,False
D4LensPINN,44,680,1,flip_h_r180,H13b_eff4,3.18505859375,1.0131525993347168,1.827967882156372,-2.4034669399261475,False
D4LensPINN,44,680,1,flip_h_r180,H14_eff5,3.18505859375,1.0131525993347168,1.827967882156372,-2.4034669399261475,False
D4LensPINN,44,680,1,flip_h_r180,H14b_eff6,3.18505859375,1.0131525993347168,1.827967882156372,-2.4034669399261475,False
D4LensPINN,44,680,1,flip_h_r180,H15_before_gap,3.18505859375,1.0131525993347168,1.827967882156372,-2.4034669399261475,False
D4LensPINN,44,680,1,flip_h_r180,H16_after_gap,3.18505859375,1.0131525993347168,1.827967882156372,-2.4034669399261475,False
D4LensPINN,44,680,1,flip_h_r180,H17_pre_linear,3.18505859375,1.0131525993347168,1.827967882156372,-2.4034669399261475,False
D4LensPINN,44,680,1,flip_h_r270,H00_preprocess,4.382477283477783,-0.7780160903930664,3.255065441131592,-2.829371929168701,False
D4LensPINN,44,680,1,flip_h_r270,H01_enc1,4.382477283477783,-0.7780160903930664,3.255065441131592,-2.829371929168701,False
D4LensPINN,44,680,1,flip_h_r270,H02_enc2,2.9820396900177,-0.747767448425293,2.2364845275878906,-1.8252511024475098,False
D4LensPINN,44,680,1,flip_h_r270,H03_enc3,0.6044615507125854,-0.5303869247436523,0.28946614265441895,0.016518235206604004,False
D4LensPINN,44,680,1,flip_h_r270,H04_bot,0.6313242316246033,-0.5808639526367188,0.2237614393234253,0.10534769296646118,False
D4LensPINN,44,680,1,flip_h_r270,H08_kappa_out,4.382477283477783,-0.7780160903930664,3.255065441131592,-2.829371929168701,False
D4LensPINN,44,680,1,flip_h_r270,H09_poisson,0.7996645569801331,0.020768165588378906,0.5624179840087891,-0.5680828094482422,False
D4LensPINN,44,680,1,flip_h_r270,H10_deflection,0.7996645569801331,0.020768165588378906,0.5624179840087891,-0.5680828094482422,False
D4LensPINN,44,680,1,flip_h_r270,H11_inv_lens,33.35441589355469,-18.440467834472656,-15.547576904296875,23.03777503967285,False
D4LensPINN,44,680,1,flip_h_r270,H12_HANDOFF,2.222930908203125,0.042563438415527344,1.6203255653381348,-1.5212347507476807,False
D4LensPINN,44,680,1,flip_h_r270,H12b_input_proj,2.222930908203125,0.042563438415527344,1.6203255653381348,-1.5212347507476807,False
D4LensPINN,44,680,1,flip_h_r270,H13_eff3,2.222930908203125,0.042563438415527344,1.6203255653381348,-1.5212347507476807,False
D4LensPINN,44,680,1,flip_h_r270,H13b_eff4,2.222930908203125,0.042563438415527344,1.6203255653381348,-1.5212347507476807,False
D4LensPINN,44,680,1,flip_h_r270,H14_eff5,2.222930908203125,0.042563438415527344,1.6203255653381348,-1.5212347507476807,False
D4LensPINN,44,680,1,flip_h_r270,H14b_eff6,2.222930908203125,0.042563438415527344,1.6203255653381348,-1.5212347507476807,False
D4LensPINN,44,680,1,flip_h_r270,H15_before_gap,2.222930908203125,0.042563438415527344,1.6203255653381348,-1.5212347507476807,False
D4LensPINN,44,680,1,flip_h_r270,H16_after_gap,2.222930908203125,0.042563438415527344,1.6203255653381348,-1.5212347507476807,False
D4LensPINN,44,680,1,flip_h_r270,H17_pre_linear,2.222930908203125,0.042563438415527344,1.6203255653381348,-1.5212347507476807,False
D4LensPINN,45,711,1,e,H00_preprocess,0.0,0.0,0.0,0.0,False
D4LensPINN,45,711,1,e,H01_enc1,0.0,0.0,0.0,0.0,False
D4LensPINN,45,711,1,e,H02_enc2,0.0,0.0,0.0,0.0,False
D4LensPINN,45,711,1,e,H03_enc3,0.0,0.0,0.0,0.0,False
D4LensPINN,45,711,1,e,H04_bot,0.0,0.0,0.0,0.0,False
D4LensPINN,45,711,1,e,H08_kappa_out,0.0,0.0,0.0,0.0,False
D4LensPINN,45,711,1,e,H09_poisson,0.0,0.0,0.0,0.0,False
D4LensPINN,45,711,1,e,H10_deflection,0.0,0.0,0.0,0.0,False
D4LensPINN,45,711,1,e,H11_inv_lens,0.0,0.0,0.0,0.0,False
D4LensPINN,45,711,1,e,H12_HANDOFF,0.0,0.0,0.0,0.0,False
D4LensPINN,45,711,1,e,H12b_input_proj,0.0,0.0,0.0,0.0,False
D4LensPINN,45,711,1,e,H13_eff3,0.0,0.0,0.0,0.0,False
D4LensPINN,45,711,1,e,H13b_eff4,0.0,0.0,0.0,0.0,False
D4LensPINN,45,711,1,e,H14_eff5,0.0,0.0,0.0,0.0,False
D4LensPINN,45,711,1,e,H14b_eff6,0.0,0.0,0.0,0.0,False
D4LensPINN,45,711,1,e,H15_before_gap,0.0,0.0,0.0,0.0,False
D4LensPINN,45,711,1,e,H16_after_gap,0.0,0.0,0.0,0.0,False
D4LensPINN,45,711,1,e,H17_pre_linear,0.0,0.0,0.0,0.0,False
D4LensPINN,45,711,1,r90,H00_preprocess,2.7196831703186035,-1.5986919403076172,1.9041560888290405,-1.1022930145263672,False
D4LensPINN,45,711,1,r90,H01_enc1,2.7196831703186035,-1.5986919403076172,1.9041560888290405,-1.1022930145263672,False
D4LensPINN,45,711,1,r90,H02_enc2,1.5804179906845093,-1.4961471557617188,0.4769158661365509,0.17837047576904297,False
D4LensPINN,45,711,1,r90,H03_enc3,1.440124750137329,-0.6747474670410156,-0.7832728624343872,1.0025761127471924,False
D4LensPINN,45,711,1,r90,H04_bot,1.4352020025253296,-0.6261944770812988,-0.8123822212219238,1.0038528442382812,False
D4LensPINN,45,711,1,r90,H08_kappa_out,2.7196831703186035,-1.5986919403076172,1.9041560888290405,-1.1022930145263672,False
D4LensPINN,45,711,1,r90,H09_poisson,0.5668280720710754,0.4036855697631836,0.14656923711299896,-0.369931697845459,False
D4LensPINN,45,711,1,r90,H10_deflection,0.5668280720710754,0.4036855697631836,0.14656923711299896,-0.369931697845459,False
D4LensPINN,45,711,1,r90,H11_inv_lens,22.2741756439209,-12.680305480957031,-10.131646156311035,15.254459381103516,False
D4LensPINN,45,711,1,r90,H12_HANDOFF,2.6917078495025635,2.551982879638672,-0.8048107624053955,-0.29146909713745117,False
D4LensPINN,45,711,1,r90,H12b_input_proj,2.6917078495025635,2.551982879638672,-0.8048107624053955,-0.29146909713745117,False
D4LensPINN,45,711,1,r90,H13_eff3,2.6917078495025635,2.551982879638672,-0.8048107624053955,-0.29146909713745117,False
D4LensPINN,45,711,1,r90,H13b_eff4,2.6917078495025635,2.551982879638672,-0.8048107624053955,-0.29146909713745117,False
D4LensPINN,45,711,1,r90,H14_eff5,2.6917078495025635,2.551982879638672,-0.8048107624053955,-0.29146909713745117,False
D4LensPINN,45,711,1,r90,H14b_eff6,2.6917078495025635,2.551982879638672,-0.8048107624053955,-0.29146909713745117,False
D4LensPINN,45,711,1,r90,H15_before_gap,2.6917078495025635,2.551982879638672,-0.8048107624053955,-0.29146909713745117,False
D4LensPINN,45,711,1,r90,H16_after_gap,2.6917078495025635,2.551982879638672,-0.8048107624053955,-0.29146909713745117,False
D4LensPINN,45,711,1,r90,H17_pre_linear,2.6917078495025635,2.551982879638672,-0.8048107624053955,-0.29146909713745117,False
D4LensPINN,45,711,1,r180,H00_preprocess,2.191263437271118,-2.0720648765563965,0.5713096261024475,0.42636585235595703,False
D4LensPINN,45,711,1,r180,H01_enc1,2.191263437271118,-2.0720648765563965,0.5713096261024475,0.42636585235595703,False
D4LensPINN,45,711,1,r180,H02_enc2,2.049363851547241,-1.8903803825378418,0.7773505449295044,0.14859414100646973,False
D4LensPINN,45,711,1,r180,H03_enc3,0.13305312395095825,0.07404708862304688,0.057014912366867065,-0.09470725059509277,False
D4LensPINN,45,711,1,r180,H04_bot,0.171780064702034,0.03350257873535156,0.10663111507892609,-0.13044452667236328,False
D4LensPINN,45,711,1,r180,H08_kappa_out,2.191263437271118,-2.0720648765563965,0.5713096261024475,0.42636585235595703,False
D4LensPINN,45,711,1,r180,H09_poisson,0.04053346812725067,0.038060665130615234,0.012860268354415894,-0.005381584167480469,False
D4LensPINN,45,711,1,r180,H10_deflection,0.04053346812725067,0.038060665130615234,0.012860268354415894,-0.005381584167480469,False
D4LensPINN,45,711,1,r180,H11_inv_lens,3.7186946868896484,3.3913474082946777,-1.5157034397125244,-0.17348551750183105,False
D4LensPINN,45,711,1,r180,H12_HANDOFF,2.631202459335327,-0.3867168426513672,1.9372899532318115,-1.7379827499389648,False
D4LensPINN,45,711,1,r180,H12b_input_proj,2.631202459335327,-0.3867168426513672,1.9372899532318115,-1.7379827499389648,False
D4LensPINN,45,711,1,r180,H13_eff3,2.631202459335327,-0.3867168426513672,1.9372899532318115,-1.7379827499389648,False
D4LensPINN,45,711,1,r180,H13b_eff4,2.631202459335327,-0.3867168426513672,1.9372899532318115,-1.7379827499389648,False
D4LensPINN,45,711,1,r180,H14_eff5,2.631202459335327,-0.3867168426513672,1.9372899532318115,-1.7379827499389648,False
D4LensPINN,45,711,1,r180,H14b_eff6,2.631202459335327,-0.3867168426513672,1.9372899532318115,-1.7379827499389648,False
D4LensPINN,45,711,1,r180,H15_before_gap,2.631202459335327,-0.3867168426513672,1.9372899532318115,-1.7379827499389648,False
D4LensPINN,45,711,1,r180,H16_after_gap,2.631202459335327,-0.3867168426513672,1.9372899532318115,-1.7379827499389648,False
D4LensPINN,45,711,1,r180,H17_pre_linear,2.631202459335327,-0.3867168426513672,1.9372899532318115,-1.7379827499389648,False
D4LensPINN,45,711,1,r270,H00_preprocess,3.458416223526001,0.14219331741333008,2.4356751441955566,-2.451103925704956,False
D4LensPINN,45,711,1,r270,H01_enc1,3.458416223526001,0.14219331741333008,2.4356751441955566,-2.451103925704956,False
D4LensPINN,45,711,1,r270,H02_enc2,3.139509677886963,0.20126724243164062,2.178537607192993,-2.2516629695892334,False
D4LensPINN,45,711,1,r270,H03_enc3,1.0121954679489136,-0.7656855583190918,-0.3078298568725586,0.5860939025878906,False
D4LensPINN,45,711,1,r270,H04_bot,1.1090896129608154,-0.5926070213317871,-0.5616544485092163,0.7506270408630371,False
D4LensPINN,45,711,1,r270,H08_kappa_out,3.458416223526001,0.14219331741333008,2.4356751441955566,-2.451103925704956,False
D4LensPINN,45,711,1,r270,H09_poisson,0.26450517773628235,0.1002035140991211,-0.19657295942306519,0.14588117599487305,False
D4LensPINN,45,711,1,r270,H10_deflection,0.26450517773628235,0.1002035140991211,-0.19657295942306519,0.14588117599487305,False
D4LensPINN,45,711,1,r270,H11_inv_lens,4.886184215545654,-0.0317683219909668,-3.464367628097534,3.4455690383911133,False
D4LensPINN,45,711,1,r270,H12_HANDOFF,2.35032057762146,2.18965482711792,-0.31116214394569397,-0.7953594923019409,False
D4LensPINN,45,711,1,r270,H12b_input_proj,2.35032057762146,2.18965482711792,-0.31116214394569397,-0.7953594923019409,False
D4LensPINN,45,711,1,r270,H13_eff3,2.35032057762146,2.18965482711792,-0.31116214394569397,-0.7953594923019409,False
D4LensPINN,45,711,1,r270,H13b_eff4,2.35032057762146,2.18965482711792,-0.31116214394569397,-0.7953594923019409,False
D4LensPINN,45,711,1,r270,H14_eff5,2.35032057762146,2.18965482711792,-0.31116214394569397,-0.7953594923019409,False
D4LensPINN,45,711,1,r270,H14b_eff6,2.35032057762146,2.18965482711792,-0.31116214394569397,-0.7953594923019409,False
D4LensPINN,45,711,1,r270,H15_before_gap,2.35032057762146,2.18965482711792,-0.31116214394569397,-0.7953594923019409,False
D4LensPINN,45,711,1,r270,H16_after_gap,2.35032057762146,2.18965482711792,-0.31116214394569397,-0.7953594923019409,False
D4LensPINN,45,711,1,r270,H17_pre_linear,2.35032057762146,2.18965482711792,-0.31116214394569397,-0.7953594923019409,False
D4LensPINN,45,711,1,flip_h,H00_preprocess,2.1403751373291016,0.16457891464233398,1.483030915260315,-1.5345157384872437,False
D4LensPINN,45,711,1,flip_h,H01_enc1,2.1403751373291016,0.16457891464233398,1.483030915260315,-1.5345157384872437,False
D4LensPINN,45,711,1,flip_h,H02_enc2,1.1707831621170044,0.1676044464111328,0.794786810874939,-0.8431819677352905,False
D4LensPINN,45,711,1,flip_h,H03_enc3,0.16227373480796814,-0.003093242645263672,0.1111319437623024,-0.11820697784423828,False
D4LensPINN,45,711,1,flip_h,H04_bot,0.19091357290744781,-0.020742416381835938,0.13389907777309418,-0.13449454307556152,False
D4LensPINN,45,711,1,flip_h,H08_kappa_out,2.1403751373291016,0.16457891464233398,1.483030915260315,-1.5345157384872437,False
D4LensPINN,45,711,1,flip_h,H09_poisson,0.2626277208328247,0.017354965209960938,0.19200599193572998,-0.17834186553955078,False
D4LensPINN,45,711,1,flip_h,H10_deflection,0.2626277208328247,0.017354965209960938,0.19200599193572998,-0.17834186553955078,False
D4LensPINN,45,711,1,flip_h,H11_inv_lens,4.807105541229248,4.485830783843994,-0.32688143849372864,-1.6966831684112549,False
D4LensPINN,45,711,1,flip_h,H12_HANDOFF,2.5816526412963867,0.01377105712890625,1.8292112350463867,-1.821737289428711,False
D4LensPINN,45,711,1,flip_h,H12b_input_proj,2.5816526412963867,0.01377105712890625,1.8292112350463867,-1.821737289428711,False
D4LensPINN,45,711,1,flip_h,H13_eff3,2.5816526412963867,0.01377105712890625,1.8292112350463867,-1.821737289428711,False
D4LensPINN,45,711,1,flip_h,H13b_eff4,2.5816526412963867,0.01377105712890625,1.8292112350463867,-1.821737289428711,False
D4LensPINN,45,711,1,flip_h,H14_eff5,2.5816526412963867,0.01377105712890625,1.8292112350463867,-1.821737289428711,False
D4LensPINN,45,711,1,flip_h,H14b_eff6,2.5816526412963867,0.01377105712890625,1.8292112350463867,-1.821737289428711,False
D4LensPINN,45,711,1,flip_h,H15_before_gap,2.5816526412963867,0.01377105712890625,1.8292112350463867,-1.821737289428711,False
D4LensPINN,45,711,1,flip_h,H16_after_gap,2.5816526412963867,0.01377105712890625,1.8292112350463867,-1.821737289428711,False
D4LensPINN,45,711,1,flip_h,H17_pre_linear,2.5816526412963867,0.01377105712890625,1.8292112350463867,-1.821737289428711,False
D4LensPINN,45,711,1,flip_h_r90,H00_preprocess,5.8502349853515625,0.15663909912109375,4.0421953201293945,-4.226271629333496,False
D4LensPINN,45,711,1,flip_h_r90,H01_enc1,5.8502349853515625,0.15663909912109375,4.0421953201293945,-4.226271629333496,False
D4LensPINN,45,711,1,flip_h_r90,H02_enc2,5.045365333557129,0.7400617599487305,3.276761293411255,-3.7644200325012207,False
D4LensPINN,45,711,1,flip_h_r90,H03_enc3,1.1158428192138672,-0.5955810546875,-0.5614123344421387,0.7584223747253418,False
D4LensPINN,45,711,1,flip_h_r90,H04_bot,1.2340880632400513,-0.5016980171203613,-0.7189747095108032,0.8685319423675537,False
D4LensPINN,45,711,1,flip_h_r90,H08_kappa_out,5.8502349853515625,0.15663909912109375,4.0421953201293945,-4.226271629333496,False
D4LensPINN,45,711,1,flip_h_r90,H09_poisson,0.15311263501644135,0.12584352493286133,-0.08399015665054321,0.02350616455078125,False
D4LensPINN,45,711,1,flip_h_r90,H10_deflection,0.15311263501644135,0.12584352493286133,-0.08399015665054321,0.02350616455078125,False
D4LensPINN,45,711,1,flip_h_r90,H11_inv_lens,7.134374618530273,-1.7292418479919434,-4.555439472198486,5.21123743057251,False
D4LensPINN,45,711,1,flip_h_r90,H12_HANDOFF,1.9609198570251465,1.7357921600341797,-0.8969967365264893,0.16622042655944824,False
D4LensPINN,45,711,1,flip_h_r90,H12b_input_proj,1.9609198570251465,1.7357921600341797,-0.8969967365264893,0.16622042655944824,False
D4LensPINN,45,711,1,flip_h_r90,H13_eff3,1.9609198570251465,1.7357921600341797,-0.8969967365264893,0.16622042655944824,False
D4LensPINN,45,711,1,flip_h_r90,H13b_eff4,1.9609198570251465,1.7357921600341797,-0.8969967365264893,0.16622042655944824,False
D4LensPINN,45,711,1,flip_h_r90,H14_eff5,1.9609198570251465,1.7357921600341797,-0.8969967365264893,0.16622042655944824,False
D4LensPINN,45,711,1,flip_h_r90,H14b_eff6,1.9609198570251465,1.7357921600341797,-0.8969967365264893,0.16622042655944824,False
D4LensPINN,45,711,1,flip_h_r90,H15_before_gap,1.9609198570251465,1.7357921600341797,-0.8969967365264893,0.16622042655944824,False
D4LensPINN,45,711,1,flip_h_r90,H16_after_gap,1.9609198570251465,1.7357921600341797,-0.8969967365264893,0.16622042655944824,False
D4LensPINN,45,711,1,flip_h_r90,H17_pre_linear,1.9609198570251465,1.7357921600341797,-0.8969967365264893,0.16622042655944824,False
D4LensPINN,45,711,1,flip_h_r180,H00_preprocess,1.680192470550537,-1.6234712600708008,0.31531602144241333,0.2965867519378662,False
D4LensPINN,45,711,1,flip_h_r180,H01_enc1,1.680192470550537,-1.6234712600708008,0.31531602144241333,0.2965867519378662,False
D4LensPINN,45,711,1,flip_h_r180,H02_enc2,1.752920389175415,-1.6828117370605469,0.42663270235061646,0.24260926246643066,False
D4LensPINN,45,711,1,flip_h_r180,H03_enc3,0.3669584095478058,0.16361236572265625,0.17820091545581818,-0.2759237289428711,False
D4LensPINN,45,711,1,flip_h_r180,H04_bot,0.33617812395095825,0.16983842849731445,0.1481022834777832,-0.24947214126586914,False
D4LensPINN,45,711,1,flip_h_r180,H08_kappa_out,1.680192470550537,-1.6234712600708008,0.31531602144241333,0.2965867519378662,False
D4LensPINN,45,711,1,flip_h_r180,H09_poisson,0.23950770497322083,0.16070079803466797,0.08398100733757019,-0.15648126602172852,False
D4LensPINN,45,711,1,flip_h_r180,H10_deflection,0.23950770497322083,0.16070079803466797,0.08398100733757019,-0.15648126602172852,False
D4LensPINN,45,711,1,flip_h_r180,H11_inv_lens,3.869459629058838,3.654085636138916,-1.1503479480743408,-0.5450470447540283,False
D4LensPINN,45,711,1,flip_h_r180,H12_HANDOFF,3.1674816608428955,-0.06568765640258789,2.2061026096343994,-2.2719454765319824,False
D4LensPINN,45,711,1,flip_h_r180,H12b_input_proj,3.1674816608428955,-0.06568765640258789,2.2061026096343994,-2.2719454765319824,False
D4LensPINN,45,711,1,flip_h_r180,H13_eff3,3.1674816608428955,-0.06568765640258789,2.2061026096343994,-2.2719454765319824,False
D4LensPINN,45,711,1,flip_h_r180,H13b_eff4,3.1674816608428955,-0.06568765640258789,2.2061026096343994,-2.2719454765319824,False
D4LensPINN,45,711,1,flip_h_r180,H14_eff5,3.1674816608428955,-0.06568765640258789,2.2061026096343994,-2.2719454765319824,False
D4LensPINN,45,711,1,flip_h_r180,H14b_eff6,3.1674816608428955,-0.06568765640258789,2.2061026096343994,-2.2719454765319824,False
D4LensPINN,45,711,1,flip_h_r180,H15_before_gap,3.1674816608428955,-0.06568765640258789,2.2061026096343994,-2.2719454765319824,False
D4LensPINN,45,711,1,flip_h_r180,H16_after_gap,3.1674816608428955,-0.06568765640258789,2.2061026096343994,-2.2719454765319824,False
D4LensPINN,45,711,1,flip_h_r180,H17_pre_linear,3.1674816608428955,-0.06568765640258789,2.2061026096343994,-2.2719454765319824,False
D4LensPINN,45,711,1,flip_h_r270,H00_preprocess,1.8863086700439453,-0.7839012145996094,1.4023401737213135,-0.9884845018386841,False
D4LensPINN,45,711,1,flip_h_r270,H01_enc1,1.8863086700439453,-0.7839012145996094,1.4023401737213135,-0.9884845018386841,False
D4LensPINN,45,711,1,flip_h_r270,H02_enc2,2.3603947162628174,-0.7937583923339844,1.7659647464752197,-1.350103497505188,False
D4LensPINN,45,711,1,flip_h_r270,H03_enc3,1.5026792287826538,-0.911036491394043,-0.6536535024642944,1.0003972053527832,False
D4LensPINN,45,711,1,flip_h_r270,H04_bot,1.4582765102386475,-0.7235636711120605,-0.7554900646209717,1.0160024166107178,False
D4LensPINN,45,711,1,flip_h_r270,H08_kappa_out,1.8863086700439453,-0.7839012145996094,1.4023401737213135,-0.9884845018386841,False
D4LensPINN,45,711,1,flip_h_r270,H09_poisson,0.23119521141052246,0.1526803970336914,0.0707314983010292,-0.15854644775390625,False
D4LensPINN,45,711,1,flip_h_r270,H10_deflection,0.23119521141052246,0.1526803970336914,0.0707314983010292,-0.15854644775390625,False
D4LensPINN,45,711,1,flip_h_r270,H11_inv_lens,13.943082809448242,-6.482570171356201,-7.270761013031006,9.976064682006836,False
D4LensPINN,45,711,1,flip_h_r270,H12_HANDOFF,1.9889129400253296,1.75242018699646,-0.9309277534484863,0.13480162620544434,False
D4LensPINN,45,711,1,flip_h_r270,H12b_input_proj,1.9889129400253296,1.75242018699646,-0.9309277534484863,0.13480162620544434,False
D4LensPINN,45,711,1,flip_h_r270,H13_eff3,1.9889129400253296,1.75242018699646,-0.9309277534484863,0.13480162620544434,False
D4LensPINN,45,711,1,flip_h_r270,H13b_eff4,1.9889129400253296,1.75242018699646,-0.9309277534484863,0.13480162620544434,False
D4LensPINN,45,711,1,flip_h_r270,H14_eff5,1.9889129400253296,1.75242018699646,-0.9309277534484863,0.13480162620544434,False
D4LensPINN,45,711,1,flip_h_r270,H14b_eff6,1.9889129400253296,1.75242018699646,-0.9309277534484863,0.13480162620544434,False
D4LensPINN,45,711,1,flip_h_r270,H15_before_gap,1.9889129400253296,1.75242018699646,-0.9309277534484863,0.13480162620544434,False
D4LensPINN,45,711,1,flip_h_r270,H16_after_gap,1.9889129400253296,1.75242018699646,-0.9309277534484863,0.13480162620544434,False
D4LensPINN,45,711,1,flip_h_r270,H17_pre_linear,1.9889129400253296,1.75242018699646,-0.9309277534484863,0.13480162620544434,False
