model,img_idx,orig_idx,true_class,group,hook,delta_l2,dpc_0,dpc_1,dpc_2,secondary
D4LensPINN,0,11,2,e,H00_preprocess,0.0,0.0,0.0,0.0,False
D4LensPINN,0,11,2,e,H01_enc1,0.0,0.0,0.0,0.0,False
D4LensPINN,0,11,2,e,H02_enc2,0.0,0.0,0.0,0.0,False
D4LensPINN,0,11,2,e,H03_enc3,0.0,0.0,0.0,0.0,False
D4LensPINN,0,11,2,e,H04_bot,0.0,0.0,0.0,0.0,False
D4LensPINN,0,11,2,e,H08_kappa_out,0.0,0.0,0.0,0.0,False
D4LensPINN,0,11,2,e,H09_poisson,0.0,0.0,0.0,0.0,False
D4LensPINN,0,11,2,e,H10_deflection,0.0,0.0,0.0,0.0,False
D4LensPINN,0,11,2,e,H11_inv_lens,0.0,0.0,0.0,0.0,False
D4LensPINN,0,11,2,e,H12_HANDOFF,0.0,0.0,0.0,0.0,False
D4LensPINN,0,11,2,e,H12b_input_proj,0.0,0.0,0.0,0.0,False
D4LensPINN,0,11,2,e,H13_eff3,0.0,0.0,0.0,0.0,False
D4LensPINN,0,11,2,e,H13b_eff4,0.0,0.0,0.0,0.0,False
D4LensPINN,0,11,2,e,H14_eff5,0.0,0.0,0.0,0.0,False
D4LensPINN,0,11,2,e,H14b_eff6,0.0,0.0,0.0,0.0,False
D4LensPINN,0,11,2,e,H15_before_gap,0.0,0.0,0.0,0.0,False
D4LensPINN,0,11,2,e,H16_after_gap,0.0,0.0,0.0,0.0,False
D4LensPINN,0,11,2,e,H17_pre_linear,0.0,0.0,0.0,0.0,False
D4LensPINN,0,11,2,r90,H00_preprocess,3.7794299125671387,-0.2880687713623047,2.746650218963623,-2.580120086669922,False
D4LensPINN,0,11,2,r90,H01_enc1,3.7794299125671387,-0.2880687713623047,2.746650218963623,-2.580120086669922,False
D4LensPINN,0,11,2,r90,H02_enc2,4.0757269859313965,-1.0291028022766113,3.047369956970215,-2.503204822540283,False
D4LensPINN,0,11,2,r90,H03_enc3,0.5678642988204956,-0.5104727745056152,0.2290637493133545,0.09704232215881348,False
D4LensPINN,0,11,2,r90,H04_bot,0.5409573912620544,-0.48575830459594727,0.21629726886749268,0.09944486618041992,False
D4LensPINN,0,11,2,r90,H08_kappa_out,3.7794299125671387,-0.2880687713623047,2.746650218963623,-2.580120086669922,False
D4LensPINN,0,11,2,r90,H09_poisson,0.1681245118379593,-0.07369709014892578,0.12157368659973145,-0.08974647521972656,False
D4LensPINN,0,11,2,r90,H10_deflection,0.1681245118379593,-0.07369709014892578,0.12157368659973145,-0.08974647521972656,False
D4LensPINN,0,11,2,r90,H11_inv_lens,40.76362228393555,-26.718467712402344,-15.835619926452637,26.401317596435547,False
D4LensPINN,0,11,2,r90,H12_HANDOFF,2.990363597869873,-0.9312524795532227,2.3002474308013916,-1.6685038805007935,False
D4LensPINN,0,11,2,r90,H12b_input_proj,2.990363597869873,-0.9312524795532227,2.3002474308013916,-1.6685038805007935,False
D4LensPINN,0,11,2,r90,H13_eff3,2.990363597869873,-0.9312524795532227,2.3002474308013916,-1.6685038805007935,False
D4LensPINN,0,11,2,r90,H13b_eff4,2.990363597869873,-0.9312524795532227,2.3002474308013916,-1.6685038805007935,False
D4LensPINN,0,11,2,r90,H14_eff5,2.990363597869873,-0.9312524795532227,2.3002474308013916,-1.6685038805007935,False
D4LensPINN,0,11,2,r90,H14b_eff6,2.990363597869873,-0.9312524795532227,2.3002474308013916,-1.6685038805007935,False
D4LensPINN,0,11,2,r90,H15_before_gap,2.990363597869873,-0.9312524795532227,2.3002474308013916,-1.6685038805007935,False
D4LensPINN,0,11,2,r90,H16_after_gap,2.990363597869873,-0.9312524795532227,2.3002474308013916,-1.6685038805007935,False
D4LensPINN,0,11,2,r90,H17_pre_linear,2.990363597869873,-0.9312524795532227,2.3002474308013916,-1.6685038805007935,False
D4LensPINN,0,11,2,r180,H00_preprocess,0.9051448106765747,-0.18854093551635742,-0.41325950622558594,0.7829151153564453,False
D4LensPINN,0,11,2,r180,H01_enc1,0.9051448106765747,-0.18854093551635742,-0.41325950622558594,0.7829151153564453,False
D4LensPINN,0,11,2,r180,H02_enc2,0.6553296446800232,0.4143843650817871,-0.3239297866821289,0.3909118175506592,False
D4LensPINN,0,11,2,r180,H03_enc3,0.7395104169845581,0.1634531021118164,0.4983093738555908,-0.5213890075683594,False
D4LensPINN,0,11,2,r180,H04_bot,0.46423301100730896,-0.020804882049560547,0.37096941471099854,-0.2783184051513672,False
D4LensPINN,0,11,2,r180,H08_kappa_out,0.9051448106765747,-0.18854093551635742,-0.41325950622558594,0.7829151153564453,False
D4LensPINN,0,11,2,r180,H09_poisson,0.06551859527826309,-0.041817665100097656,0.04797172546386719,-0.015578269958496094,False
D4LensPINN,0,11,2,r180,H10_deflection,0.06551859527826309,-0.041817665100097656,0.04797172546386719,-0.015578269958496094,False
D4LensPINN,0,11,2,r180,H11_inv_lens,12.81518268585205,-7.857476711273193,-5.453668594360352,8.529152870178223,False
D4LensPINN,0,11,2,r180,H12_HANDOFF,2.4277193546295166,-1.0166831016540527,-1.1599671840667725,1.8747406005859375,False
D4LensPINN,0,11,2,r180,H12b_input_proj,2.4277193546295166,-1.0166831016540527,-1.1599671840667725,1.8747406005859375,False
D4LensPINN,0,11,2,r180,H13_eff3,2.4277193546295166,-1.0166831016540527,-1.1599671840667725,1.8747406005859375,False
D4LensPINN,0,11,2,r180,H13b_eff4,2.4277193546295166,-1.0166831016540527,-1.1599671840667725,1.8747406005859375,False
D4LensPINN,0,11,2,r180,H14_eff5,2.4277193546295166,-1.0166831016540527,-1.1599671840667725,1.8747406005859375,False
D4LensPINN,0,11,2,r180,H14b_eff6,2.4277193546295166,-1.0166831016540527,-1.1599671840667725,1.8747406005859375,False
D4LensPINN,0,11,2,r180,H15_before_gap,2.4277193546295166,-1.0166831016540527,-1.1599671840667725,1.8747406005859375,False
D4LensPINN,0,11,2,r180,H16_after_gap,2.4277193546295166,-1.0166831016540527,-1.1599671840667725,1.8747406005859375,False
D4LensPINN,0,11,2,r180,H17_pre_linear,2.4277193546295166,-1.0166831016540527,-1.1599671840667725,1.8747406005859375,False
D4LensPINN,0,11,2,r270,H00_preprocess,3.336867332458496,1.4546473026275635,1.672597050666809,-2.4942140579223633,False
D4LensPINN,0,11,2,r270,H01_enc1,3.336867332458496,1.4546473026275635,1.672597050666809,-2.4942140579223633,False
D4LensPINN,0,11,2,r270,H02_enc2,3.0133211612701416,1.3378117084503174,1.5082228183746338,-2.2395596504211426,False
D4LensPINN,0,11,2,r270,H03_enc3,0.3207971751689911,-0.28032636642456055,0.13450443744659424,0.07897162437438965,False
D4LensPINN,0,11,2,r270,H04_bot,0.33742639422416687,-0.2558612823486328,0.2196410894393921,-0.012221574783325195,False
D4LensPINN,0,11,2,r270,H08_kappa_out,3.336867332458496,1.4546473026275635,1.672597050666809,-2.4942140579223633,False
D4LensPINN,0,11,2,r270,H09_poisson,0.10529901832342148,0.06401443481445312,0.033602237701416016,-0.07655668258666992,False
D4LensPINN,0,11,2,r270,H10_deflection,0.10529901832342148,0.06401443481445312,0.033602237701416016,-0.07655668258666992,False
D4LensPINN,0,11,2,r270,H11_inv_lens,34.956451416015625,-21.796173095703125,-14.213739395141602,23.342021942138672,False
D4LensPINN,0,11,2,r270,H12_HANDOFF,1.9872690439224243,1.0397815704345703,0.873579204082489,-1.4508452415466309,False
D4LensPINN,0,11,2,r270,H12b_input_proj,1.9872690439224243,1.0397815704345703,0.873579204082489,-1.4508452415466309,False
D4LensPINN,0,11,2,r270,H13_eff3,1.9872690439224243,1.0397815704345703,0.873579204082489,-1.4508452415466309,False
D4LensPINN,0,11,2,r270,H13b_eff4,1.9872690439224243,1.0397815704345703,0.873579204082489,-1.4508452415466309,False
D4LensPINN,0,11,2,r270,H14_eff5,1.9872690439224243,1.0397815704345703,0.873579204082489,-1.4508452415466309,False
D4LensPINN,0,11,2,r270,H14b_eff6,1.9872690439224243,1.0397815704345703,0.873579204082489,-1.4508452415466309,False
D4LensPINN,0,11,2,r270,H15_before_gap,1.9872690439224243,1.0397815704345703,0.873579204082489,-1.4508452415466309,False
D4LensPINN,0,11,2,r270,H16_after_gap,1.9872690439224243,1.0397815704345703,0.873579204082489,-1.4508452415466309,False
D4LensPINN,0,11,2,r270,H17_pre_linear,1.9872690439224243,1.0397815704345703,0.873579204082489,-1.4508452415466309,False
D4LensPINN,0,11,2,flip_h,H00_preprocess,1.4474241733551025,-1.2046689987182617,0.03872847557067871,0.8014421463012695,False
D4LensPINN,0,11,2,flip_h,H01_enc1,1.4474241733551025,-1.2046689987182617,0.03872847557067871,0.8014421463012695,False
D4LensPINN,0,11,2,flip_h,H02_enc2,1.3344078063964844,-0.63311767578125,-0.5257816314697266,1.0504093170166016,False
D4LensPINN,0,11,2,flip_h,H03_enc3,0.6561781764030457,-0.5652899742126465,0.0026547908782958984,0.33318161964416504,False
D4LensPINN,0,11,2,flip_h,H04_bot,0.7183085680007935,-0.5844573974609375,-0.05584836006164551,0.4138329029083252,False
D4LensPINN,0,11,2,flip_h,H08_kappa_out,1.4474241733551025,-1.2046689987182617,0.03872847557067871,0.8014421463012695,False
D4LensPINN,0,11,2,flip_h,H09_poisson,0.15295185148715973,-0.037058353424072266,0.12105691432952881,-0.08582639694213867,False
D4LensPINN,0,11,2,flip_h,H10_deflection,0.15295185148715973,-0.037058353424072266,0.12105691432952881,-0.08582639694213867,False
D4LensPINN,0,11,2,flip_h,H11_inv_lens,9.830796241760254,-6.097473621368408,-4.113430976867676,6.522656440734863,False
D4LensPINN,0,11,2,flip_h,H12_HANDOFF,2.5533058643341064,-1.649139404296875,-0.7986953258514404,1.7781438827514648,False
D4LensPINN,0,11,2,flip_h,H12b_input_proj,2.5533058643341064,-1.649139404296875,-0.7986953258514404,1.7781438827514648,False
D4LensPINN,0,11,2,flip_h,H13_eff3,2.5533058643341064,-1.649139404296875,-0.7986953258514404,1.7781438827514648,False
D4LensPINN,0,11,2,flip_h,H13b_eff4,2.5533058643341064,-1.649139404296875,-0.7986953258514404,1.7781438827514648,False
D4LensPINN,0,11,2,flip_h,H14_eff5,2.5533058643341064,-1.649139404296875,-0.7986953258514404,1.7781438827514648,False
D4LensPINN,0,11,2,flip_h,H14b_eff6,2.5533058643341064,-1.649139404296875,-0.7986953258514404,1.7781438827514648,False
D4LensPINN,0,11,2,flip_h,H15_before_gap,2.5533058643341064,-1.649139404296875,-0.7986953258514404,1.7781438827514648,False
D4LensPINN,0,11,2,flip_h,H16_after_gap,2.5533058643341064,-1.649139404296875,-0.7986953258514404,1.7781438827514648,False
D4LensPINN,0,11,2,flip_h,H17_pre_linear,2.5533058643341064,-1.649139404296875,-0.7986953258514404,1.7781438827514648,False
D4LensPINN,0,11,2,flip_h_r90,H00_preprocess,4.834841728210449,0.37189579010009766,3.3077876567840576,-3.5065553188323975,False
D4LensPINN,0,11,2,flip_h_r90,H01_enc1,4.834841728210449,0.37189579010009766,3.3077876567840576,-3.5065553188323975,False
D4LensPINN,0,11,2,flip_h_r90,H02_enc2,4.5336995124816895,0.2794981002807617,3.1336631774902344,-3.2644243240356445,False
D4LensPINN,0,11,2,flip_h_r90,H03_enc3,0.764220654964447,-0.6518778800964355,0.007672548294067383,0.3987851142883301,False
D4LensPINN,0,11,2,flip_h_r90,H04_bot,0.5181083679199219,-0.46491527557373047,0.14007163047790527,0.18074846267700195,False
D4LensPINN,0,11,2,flip_h_r90,H08_kappa_out,4.834841728210449,0.37189579010009766,3.3077876567840576,-3.5065553188323975,False
D4LensPINN,0,11,2,flip_h_r90,H09_poisson,0.2602573335170746,0.12059307098388672,0.1145925521850586,-0.2001492977142334,False
D4LensPINN,0,11,2,flip_h_r90,H10_deflection,0.2602573335170746,0.12059307098388672,0.1145925521850586,-0.2001492977142334,False
D4LensPINN,0,11,2,flip_h_r90,H11_inv_lens,28.074682235717773,-17.64339256286621,-11.332167625427246,18.66762924194336,False
D4LensPINN,0,11,2,flip_h_r90,H12_HANDOFF,3.699105978012085,1.782693862915039,1.7417577505111694,-2.7334351539611816,False
D4LensPINN,0,11,2,flip_h_r90,H12b_input_proj,3.699105978012085,1.782693862915039,1.7417577505111694,-2.7334351539611816,False
D4LensPINN,0,11,2,flip_h_r90,H13_eff3,3.699105978012085,1.782693862915039,1.7417577505111694,-2.7334351539611816,False
D4LensPINN,0,11,2,flip_h_r90,H13b_eff4,3.699105978012085,1.782693862915039,1.7417577505111694,-2.7334351539611816,False
D4LensPINN,0,11,2,flip_h_r90,H14_eff5,3.699105978012085,1.782693862915039,1.7417577505111694,-2.7334351539611816,False
D4LensPINN,0,11,2,flip_h_r90,H14b_eff6,3.699105978012085,1.782693862915039,1.7417577505111694,-2.7334351539611816,False
D4LensPINN,0,11,2,flip_h_r90,H15_before_gap,3.699105978012085,1.782693862915039,1.7417577505111694,-2.7334351539611816,False
D4LensPINN,0,11,2,flip_h_r90,H16_after_gap,3.699105978012085,1.782693862915039,1.7417577505111694,-2.7334351539611816,False
D4LensPINN,0,11,2,flip_h_r90,H17_pre_linear,3.699105978012085,1.782693862915039,1.7417577505111694,-2.7334351539611816,False
D4LensPINN,0,11,2,flip_h_r180,H00_preprocess,1.2161365747451782,0.8621599674224854,-0.8390345573425293,0.17801547050476074,False
D4LensPINN,0,11,2,flip_h_r180,H01_enc1,1.2161365747451782,0.8621599674224854,-0.8390345573425293,0.17801547050476074,False
D4LensPINN,0,11,2,flip_h_r180,H02_enc2,1.1241847276687622,0.786496639251709,-0.7827720642089844,0.18022847175598145,False
D4LensPINN,0,11,2,flip_h_r180,H03_enc3,1.622470736503601,0.7786891460418701,0.7650498151779175,-1.2003138065338135,False
D4LensPINN,0,11,2,flip_h_r180,H04_bot,1.6078945398330688,0.7664272785186768,0.7627543210983276,-1.1900084018707275,False
D4LensPINN,0,11,2,flip_h_r180,H08_kappa_out,1.2161365747451782,0.8621599674224854,-0.8390345573425293,0.17801547050476074,False
D4LensPINN,0,11,2,flip_h_r180,H09_poisson,0.09606821835041046,0.03527259826660156,0.04833984375,-0.07515454292297363,False
D4LensPINN,0,11,2,flip_h_r180,H10_deflection,0.09606821835041046,0.03527259826660156,0.04833984375,-0.07515454292297363,False
D4LensPINN,0,11,2,flip_h_r180,H11_inv_lens,6.992574214935303,-4.158946514129639,-2.4972829818725586,5.0361528396606445,False
D4LensPINN,0,11,2,flip_h_r180,H12_HANDOFF,0.8866001963615417,0.018115997314453125,0.7354817390441895,-0.49477100372314453,False
D4LensPINN,0,11,2,flip_h_r180,H12b_input_proj,0.8866001963615417,0.018115997314453125,0.7354817390441895,-0.49477100372314453,False
D4LensPINN,0,11,2,flip_h_r180,H13_eff3,0.8866001963615417,0.018115997314453125,0.7354817390441895,-0.49477100372314453,False
D4LensPINN,0,11,2,flip_h_r180,H13b_eff4,0.8866001963615417,0.018115997314453125,0.7354817390441895,-0.49477100372314453,False
D4LensPINN,0,11,2,flip_h_r180,H14_eff5,0.8866001963615417,0.018115997314453125,0.7354817390441895,-0.49477100372314453,False
D4LensPINN,0,11,2,flip_h_r180,H14b_eff6,0.8866001963615417,0.018115997314453125,0.7354817390441895,-0.49477100372314453,False
D4LensPINN,0,11,2,flip_h_r180,H15_before_gap,0.8866001963615417,0.018115997314453125,0.7354817390441895,-0.49477100372314453,False
D4LensPINN,0,11,2,flip_h_r180,H16_after_gap,0.8866001963615417,0.018115997314453125,0.7354817390441895,-0.49477100372314453,False
D4LensPINN,0,11,2,flip_h_r180,H17_pre_linear,0.8866001963615417,0.018115997314453125,0.7354817390441895,-0.49477100372314453,False
D4LensPINN,0,11,2,flip_h_r270,H00_preprocess,1.6562793254852295,-1.0604782104492188,1.1687312126159668,-0.5027072429656982,False
D4LensPINN,0,11,2,flip_h_r270,H01_enc1,1.6562793254852295,-1.0604782104492188,1.1687312126159668,-0.5027072429656982,False
D4LensPINN,0,11,2,flip_h_r270,H02_enc2,2.2429070472717285,-1.7192764282226562,1.3887020349502563,-0.3823974132537842,False
D4LensPINN,0,11,2,flip_h_r270,H03_enc3,0.17571139335632324,-0.14946556091308594,0.06903469562530518,0.06139016151428223,False
D4LensPINN,0,11,2,flip_h_r270,H04_bot,0.30233266949653625,-0.2428436279296875,0.0014232397079467773,0.1800832748413086,False
D4LensPINN,0,11,2,flip_h_r270,H08_kappa_out,1.6562793254852295,-1.0604782104492188,1.1687312126159668,-0.5027072429656982,False
D4LensPINN,0,11,2,flip_h_r270,H09_poisson,0.1548006683588028,-0.08921957015991211,0.10869300365447998,-0.06472206115722656,False
D4LensPINN,0,11,2,flip_h_r270,H10_deflection,0.1548006683588028,-0.08921957015991211,0.10869300365447998,-0.06472206115722656,False
D4LensPINN,0,11,2,flip_h_r270,H11_inv_lens,32.325931549072266,-20.691604614257812,-12.723601341247559,21.329166412353516,False
D4LensPINN,0,11,2,flip_h_r270,H12_HANDOFF,3.8737354278564453,-2.9926280975341797,2.3729348182678223,-0.647444486618042,False
D4LensPINN,0,11,2,flip_h_r270,H12b_input_proj,3.8737354278564453,-2.9926280975341797,2.3729348182678223,-0.647444486618042,False
D4LensPINN,0,11,2,flip_h_r270,H13_eff3,3.8737354278564453,-2.9926280975341797,2.3729348182678223,-0.647444486618042,False
D4LensPINN,0,11,2,flip_h_r270,H13b_eff4,3.8737354278564453,-2.9926280975341797,2.3729348182678223,-0.647444486618042,False
D4LensPINN,0,11,2,flip_h_r270,H14_eff5,3.8737354278564453,-2.9926280975341797,2.3729348182678223,-0.647444486618042,False
D4LensPINN,0,11,2,flip_h_r270,H14b_eff6,3.8737354278564453,-2.9926280975341797,2.3729348182678223,-0.647444486618042,False
D4LensPINN,0,11,2,flip_h_r270,H15_before_gap,3.8737354278564453,-2.9926280975341797,2.3729348182678223,-0.647444486618042,False
D4LensPINN,0,11,2,flip_h_r270,H16_after_gap,3.8737354278564453,-2.9926280975341797,2.3729348182678223,-0.647444486618042,False
D4LensPINN,0,11,2,flip_h_r270,H17_pre_linear,3.8737354278564453,-2.9926280975341797,2.3729348182678223,-0.647444486618042,False
D4LensPINN,1,17,2,e,H00_preprocess,0.0,0.0,0.0,0.0,False
D4LensPINN,1,17,2,e,H01_enc1,0.0,0.0,0.0,0.0,False
D4LensPINN,1,17,2,e,H02_enc2,0.0,0.0,0.0,0.0,False
D4LensPINN,1,17,2,e,H03_enc3,0.0,0.0,0.0,0.0,False
D4LensPINN,1,17,2,e,H04_bot,0.0,0.0,0.0,0.0,False
D4LensPINN,1,17,2,e,H08_kappa_out,0.0,0.0,0.0,0.0,False
D4LensPINN,1,17,2,e,H09_poisson,0.0,0.0,0.0,0.0,False
D4LensPINN,1,17,2,e,H10_deflection,0.0,0.0,0.0,0.0,False
D4LensPINN,1,17,2,e,H11_inv_lens,0.0,0.0,0.0,0.0,False
D4LensPINN,1,17,2,e,H12_HANDOFF,0.0,0.0,0.0,0.0,False
D4LensPINN,1,17,2,e,H12b_input_proj,0.0,0.0,0.0,0.0,False
D4LensPINN,1,17,2,e,H13_eff3,0.0,0.0,0.0,0.0,False
D4LensPINN,1,17,2,e,H13b_eff4,0.0,0.0,0.0,0.0,False
D4LensPINN,1,17,2,e,H14_eff5,0.0,0.0,0.0,0.0,False
D4LensPINN,1,17,2,e,H14b_eff6,0.0,0.0,0.0,0.0,False
D4LensPINN,1,17,2,e,H15_before_gap,0.0,0.0,0.0,0.0,False
D4LensPINN,1,17,2,e,H16_after_gap,0.0,0.0,0.0,0.0,False
D4LensPINN,1,17,2,e,H17_pre_linear,0.0,0.0,0.0,0.0,False
D4LensPINN,1,17,2,r90,H00_preprocess,1.1887723207473755,-0.3844146728515625,0.8311589956283569,-0.7580103874206543,False
D4LensPINN,1,17,2,r90,H01_enc1,1.1887723207473755,-0.3844146728515625,0.8311589956283569,-0.7580103874206543,False
D4LensPINN,1,17,2,r90,H02_enc2,0.4927961826324463,-0.34922361373901367,0.2647406756877899,-0.22539591789245605,False
D4LensPINN,1,17,2,r90,H03_enc3,1.5593868494033813,0.14916324615478516,1.0720738172531128,-1.1225396394729614,False
D4LensPINN,1,17,2,r90,H04_bot,1.007828712463379,0.12517642974853516,0.6866883039474487,-0.7269861698150635,False
D4LensPINN,1,17,2,r90,H08_kappa_out,1.1887723207473755,-0.3844146728515625,0.8311589956283569,-0.7580103874206543,False
D4LensPINN,1,17,2,r90,H09_poisson,0.265651673078537,-0.12344121932983398,0.1971539855003357,-0.1283097267150879,False
D4LensPINN,1,17,2,r90,H10_deflection,0.265651673078537,-0.12344121932983398,0.1971539855003357,-0.1283097267150879,False
D4LensPINN,1,17,2,r90,H11_inv_lens,3.2350471019744873,2.774423599243164,-1.594612717628479,0.4746713638305664,False
D4LensPINN,1,17,2,r90,H12_HANDOFF,1.5534265041351318,0.16576671600341797,1.0043972730636597,-1.1733888387680054,False
D4LensPINN,1,17,2,r90,H12b_input_proj,1.5534265041351318,0.16576671600341797,1.0043972730636597,-1.1733888387680054,False
D4LensPINN,1,17,2,r90,H13_eff3,1.5534265041351318,0.16576671600341797,1.0043972730636597,-1.1733888387680054,False
D4LensPINN,1,17,2,r90,H13b_eff4,1.5534265041351318,0.16576671600341797,1.0043972730636597,-1.1733888387680054,False
D4LensPINN,1,17,2,r90,H14_eff5,1.5534265041351318,0.16576671600341797,1.0043972730636597,-1.1733888387680054,False
D4LensPINN,1,17,2,r90,H14b_eff6,1.5534265041351318,0.16576671600341797,1.0043972730636597,-1.1733888387680054,False
D4LensPINN,1,17,2,r90,H15_before_gap,1.5534265041351318,0.16576671600341797,1.0043972730636597,-1.1733888387680054,False
D4LensPINN,1,17,2,r90,H16_after_gap,1.5534265041351318,0.16576671600341797,1.0043972730636597,-1.1733888387680054,False
D4LensPINN,1,17,2,r90,H17_pre_linear,1.5534265041351318,0.16576671600341797,1.0043972730636597,-1.1733888387680054,False
D4LensPINN,1,17,2,r180,H00_preprocess,0.834079384803772,-0.6331124305725098,0.5070142149925232,-0.19440603256225586,False
D4LensPINN,1,17,2,r180,H01_enc1,0.834079384803772,-0.6331124305725098,0.5070142149925232,-0.19440603256225586,False
D4LensPINN,1,17,2,r180,H02_enc2,2.0418238639831543,0.6093478202819824,1.2268540859222412,-1.5141230821609497,False
D4LensPINN,1,17,2,r180,H03_enc3,0.4359736442565918,-0.21223688125610352,0.3176236152648926,-0.21010422706604004,False
D4LensPINN,1,17,2,r180,H04_bot,0.2837638258934021,-0.16264867782592773,-0.11301064491271973,0.20321393013000488,False
D4LensPINN,1,17,2,r180,H08_kappa_out,0.834079384803772,-0.6331124305725098,0.5070142149925232,-0.19440603256225586,False
D4LensPINN,1,17,2,r180,H09_poisson,0.16335542500019073,0.14728069305419922,-0.0038929879665374756,-0.070556640625,False
D4LensPINN,1,17,2,r180,H10_deflection,0.16335542500019073,0.14728069305419922,-0.0038929879665374756,-0.070556640625,False
D4LensPINN,1,17,2,r180,H11_inv_lens,13.923341751098633,-6.353113174438477,-7.6075921058654785,9.778647422790527,False
D4LensPINN,1,17,2,r180,H12_HANDOFF,1.6035295724868774,0.4848613739013672,-1.1602799892425537,0.9949707984924316,False
D4LensPINN,1,17,2,r180,H12b_input_proj,1.6035295724868774,0.4848613739013672,-1.1602799892425537,0.9949707984924316,False
D4LensPINN,1,17,2,r180,H13_eff3,1.6035295724868774,0.4848613739013672,-1.1602799892425537,0.9949707984924316,False
D4LensPINN,1,17,2,r180,H13b_eff4,1.6035295724868774,0.4848613739013672,-1.1602799892425537,0.9949707984924316,False
D4LensPINN,1,17,2,r180,H14_eff5,1.6035295724868774,0.4848613739013672,-1.1602799892425537,0.9949707984924316,False
D4LensPINN,1,17,2,r180,H14b_eff6,1.6035295724868774,0.4848613739013672,-1.1602799892425537,0.9949707984924316,False
D4LensPINN,1,17,2,r180,H15_before_gap,1.6035295724868774,0.4848613739013672,-1.1602799892425537,0.9949707984924316,False
D4LensPINN,1,17,2,r180,H16_after_gap,1.6035295724868774,0.4848613739013672,-1.1602799892425537,0.9949707984924316,False
D4LensPINN,1,17,2,r180,H17_pre_linear,1.6035295724868774,0.4848613739013672,-1.1602799892425537,0.9949707984924316,False
D4LensPINN,1,17,2,r270,H00_preprocess,0.6972475647926331,-0.5031843185424805,0.4086412191390991,-0.2568502426147461,False
D4LensPINN,1,17,2,r270,H01_enc1,0.6972475647926331,-0.5031843185424805,0.4086412191390991,-0.2568502426147461,False
D4LensPINN,1,17,2,r270,H02_enc2,1.1812477111816406,0.7832322120666504,0.34440624713897705,-0.8144187927246094,False
D4LensPINN,1,17,2,r270,H03_enc3,0.5635309219360352,-0.1154489517211914,0.4180300235748291,-0.3598465919494629,False
D4LensPINN,1,17,2,r270,H04_bot,0.6068543791770935,-0.21116352081298828,0.4491245746612549,-0.3492410182952881,False
D4LensPINN,1,17,2,r270,H08_kappa_out,0.6972475647926331,-0.5031843185424805,0.4086412191390991,-0.2568502426147461,False
D4LensPINN,1,17,2,r270,H09_poisson,0.10077733546495438,0.0895843505859375,-0.045823484659194946,-0.005560874938964844,False
D4LensPINN,1,17,2,r270,H10_deflection,0.10077733546495438,0.0895843505859375,-0.045823484659194946,-0.005560874938964844,False
D4LensPINN,1,17,2,r270,H11_inv_lens,3.3593287467956543,2.8365426063537598,-1.7767338752746582,0.28693628311157227,False
D4LensPINN,1,17,2,r270,H12_HANDOFF,1.3923496007919312,-1.3125643730163574,0.2288738489151001,0.4042634963989258,False
D4LensPINN,1,17,2,r270,H12b_input_proj,1.3923496007919312,-1.3125643730163574,0.2288738489151001,0.4042634963989258,False
D4LensPINN,1,17,2,r270,H13_eff3,1.3923496007919312,-1.3125643730163574,0.2288738489151001,0.4042634963989258,False
D4LensPINN,1,17,2,r270,H13b_eff4,1.3923496007919312,-1.3125643730163574,0.2288738489151001,0.4042634963989258,False
D4LensPINN,1,17,2,r270,H14_eff5,1.3923496007919312,-1.3125643730163574,0.2288738489151001,0.4042634963989258,False
D4LensPINN,1,17,2,r270,H14b_eff6,1.3923496007919312,-1.3125643730163574,0.2288738489151001,0.4042634963989258,False
D4LensPINN,1,17,2,r270,H15_before_gap,1.3923496007919312,-1.3125643730163574,0.2288738489151001,0.4042634963989258,False
D4LensPINN,1,17,2,r270,H16_after_gap,1.3923496007919312,-1.3125643730163574,0.2288738489151001,0.4042634963989258,False
D4LensPINN,1,17,2,r270,H17_pre_linear,1.3923496007919312,-1.3125643730163574,0.2288738489151001,0.4042634963989258,False
D4LensPINN,1,17,2,flip_h,H00_preprocess,1.6348379850387573,1.0878422260284424,0.5565032362937927,-1.0860933065414429,False
D4LensPINN,1,17,2,flip_h,H01_enc1,1.6348379850387573,1.0878422260284424,0.5565032362937927,-1.0860933065414429,False
D4LensPINN,1,17,2,flip_h,H02_enc2,2.569981098175049,1.606295108795166,0.9799076318740845,-1.7505427598953247,False
D4LensPINN,1,17,2,flip_h,H03_enc3,0.6432490944862366,0.21877384185791016,0.37835031747817993,-0.4719729423522949,False
D4LensPINN,1,17,2,flip_h,H04_bot,0.4780806601047516,0.20080995559692383,0.2618788480758667,-0.3459131717681885,False
D4LensPINN,1,17,2,flip_h,H08_kappa_out,1.6348379850387573,1.0878422260284424,0.5565032362937927,-1.0860933065414429,False
D4LensPINN,1,17,2,flip_h,H09_poisson,0.22383545339107513,0.10904121398925781,-0.16289132833480835,0.10806822776794434,False
D4LensPINN,1,17,2,flip_h,H10_deflection,0.22383545339107513,0.10904121398925781,-0.16289132833480835,0.10806822776794434,False
D4LensPINN,1,17,2,flip_h,H11_inv_lens,7.75655460357666,-2.6164374351501465,-4.739821910858154,5.554501533508301,False
D4LensPINN,1,17,2,flip_h,H12_HANDOFF,1.0694987773895264,0.022419452667236328,0.7309620380401611,-0.7803969383239746,False
D4LensPINN,1,17,2,flip_h,H12b_input_proj,1.0694987773895264,0.022419452667236328,0.7309620380401611,-0.7803969383239746,False
D4LensPINN,1,17,2,flip_h,H13_eff3,1.0694987773895264,0.022419452667236328,0.7309620380401611,-0.7803969383239746,False
D4LensPINN,1,17,2,flip_h,H13b_eff4,1.0694987773895264,0.022419452667236328,0.7309620380401611,-0.7803969383239746,False
D4LensPINN,1,17,2,flip_h,H14_eff5,1.0694987773895264,0.022419452667236328,0.7309620380401611,-0.7803969383239746,False
D4LensPINN,1,17,2,flip_h,H14b_eff6,1.0694987773895264,0.022419452667236328,0.7309620380401611,-0.7803969383239746,False
D4LensPINN,1,17,2,flip_h,H15_before_gap,1.0694987773895264,0.022419452667236328,0.7309620380401611,-0.7803969383239746,False
D4LensPINN,1,17,2,flip_h,H16_after_gap,1.0694987773895264,0.022419452667236328,0.7309620380401611,-0.7803969383239746,False
D4LensPINN,1,17,2,flip_h,H17_pre_linear,1.0694987773895264,0.022419452667236328,0.7309620380401611,-0.7803969383239746,False
D4LensPINN,1,17,2,flip_h_r90,H00_preprocess,1.7621108293533325,-0.2439126968383789,1.2525616884231567,-1.2151668071746826,False
D4LensPINN,1,17,2,flip_h_r90,H01_enc1,1.7621108293533325,-0.2439126968383789,1.2525616884231567,-1.2151668071746826,False
D4LensPINN,1,17,2,flip_h_r90,H02_enc2,2.680875301361084,1.0779671669006348,1.426607370376587,-1.9974662065505981,False
D4LensPINN,1,17,2,flip_h_r90,H03_enc3,1.4154093265533447,0.2182002067565918,0.9486908912658691,-1.0275006294250488,False
D4LensPINN,1,17,2,flip_h_r90,H04_bot,0.9994947910308838,0.23218727111816406,0.6438090801239014,-0.7284152507781982,False
D4LensPINN,1,17,2,flip_h_r90,H08_kappa_out,1.7621108293533325,-0.2439126968383789,1.2525616884231567,-1.2151668071746826,False
D4LensPINN,1,17,2,flip_h_r90,H09_poisson,0.2806556224822998,0.017226219177246094,0.19259798526763916,-0.2034130096435547,False
D4LensPINN,1,17,2,flip_h_r90,H10_deflection,0.2806556224822998,0.017226219177246094,0.19259798526763916,-0.2034130096435547,False
D4LensPINN,1,17,2,flip_h_r90,H11_inv_lens,3.482909679412842,0.7205691337585449,-2.565535545349121,2.242647171020508,False
D4LensPINN,1,17,2,flip_h_r90,H12_HANDOFF,0.4685080647468567,0.44240617752075195,-0.14698943495750427,-0.046590566635131836,False
D4LensPINN,1,17,2,flip_h_r90,H12b_input_proj,0.4685080647468567,0.44240617752075195,-0.14698943495750427,-0.046590566635131836,False
D4LensPINN,1,17,2,flip_h_r90,H13_eff3,0.4685080647468567,0.44240617752075195,-0.14698943495750427,-0.046590566635131836,False
D4LensPINN,1,17,2,flip_h_r90,H13b_eff4,0.4685080647468567,0.44240617752075195,-0.14698943495750427,-0.046590566635131836,False
D4LensPINN,1,17,2,flip_h_r90,H14_eff5,0.4685080647468567,0.44240617752075195,-0.14698943495750427,-0.046590566635131836,False
D4LensPINN,1,17,2,flip_h_r90,H14b_eff6,0.4685080647468567,0.44240617752075195,-0.14698943495750427,-0.046590566635131836,False
D4LensPINN,1,17,2,flip_h_r90,H15_before_gap,0.4685080647468567,0.44240617752075195,-0.14698943495750427,-0.046590566635131836,False
D4LensPINN,1,17,2,flip_h_r90,H16_after_gap,0.4685080647468567,0.44240617752075195,-0.14698943495750427,-0.046590566635131836,False
D4LensPINN,1,17,2,flip_h_r90,H17_pre_linear,0.4685080647468567,0.44240617752075195,-0.14698943495750427,-0.046590566635131836,False
D4LensPINN,1,17,2,flip_h_r180,H00_preprocess,3.9964938163757324,-1.7105436325073242,2.9367239475250244,-2.1027731895446777,False
D4LensPINN,1,17,2,flip_h_r180,H01_enc1,3.9964938163757324,-1.7105436325073242,2.9367239475250244,-2.1027731895446777,False
D4LensPINN,1,17,2,flip_h_r180,H02_enc2,3.7453012466430664,-0.8285155296325684,2.8034260272979736,-2.3412914276123047,False
D4LensPINN,1,17,2,flip_h_r180,H03_enc3,0.9582993388175964,-0.8229608535766602,0.4833108186721802,-0.08650803565979004,False
D4LensPINN,1,17,2,flip_h_r180,H04_bot,0.6780878901481628,-0.5553855895996094,-0.11362063884735107,0.37207579612731934,False
D4LensPINN,1,17,2,flip_h_r180,H08_kappa_out,3.9964938163757324,-1.7105436325073242,2.9367239475250244,-2.1027731895446777,False
D4LensPINN,1,17,2,flip_h_r180,H09_poisson,0.4739393889904022,-0.04589080810546875,0.34136587381362915,-0.3255486488342285,False
D4LensPINN,1,17,2,flip_h_r180,H10_deflection,0.4739393889904022,-0.04589080810546875,0.34136587381362915,-0.3255486488342285,False
D4LensPINN,1,17,2,flip_h_r180,H11_inv_lens,18.240978240966797,-9.464433670043945,-9.30869197845459,12.510238647460938,False
D4LensPINN,1,17,2,flip_h_r180,H12_HANDOFF,1.0221641063690186,0.34369611740112305,0.5962462425231934,-0.7557663917541504,False
D4LensPINN,1,17,2,flip_h_r180,H12b_input_proj,1.0221641063690186,0.34369611740112305,0.5962462425231934,-0.7557663917541504,False
D4LensPINN,1,17,2,flip_h_r180,H13_eff3,1.0221641063690186,0.34369611740112305,0.5962462425231934,-0.7557663917541504,False
D4LensPINN,1,17,2,flip_h_r180,H13b_eff4,1.0221641063690186,0.34369611740112305,0.5962462425231934,-0.7557663917541504,False
D4LensPINN,1,17,2,flip_h_r180,H14_eff5,1.0221641063690186,0.34369611740112305,0.5962462425231934,-0.7557663917541504,False
D4LensPINN,1,17,2,flip_h_r180,H14b_eff6,1.0221641063690186,0.34369611740112305,0.5962462425231934,-0.7557663917541504,False
D4LensPINN,1,17,2,flip_h_r180,H15_before_gap,1.0221641063690186,0.34369611740112305,0.5962462425231934,-0.7557663917541504,False
D4LensPINN,1,17,2,flip_h_r180,H16_after_gap,1.0221641063690186,0.34369611740112305,0.5962462425231934,-0.7557663917541504,False
D4LensPINN,1,17,2,flip_h_r180,H17_pre_linear,1.0221641063690186,0.34369611740112305,0.5962462425231934,-0.7557663917541504,False
D4LensPINN,1,17,2,flip_h_r270,H00_preprocess,1.8527989387512207,1.7220325469970703,-0.35084018111228943,-0.5868380069732666,False
D4LensPINN,1,17,2,flip_h_r270,H01_enc1,1.8527989387512207,1.7220325469970703,-0.35084018111228943,-0.5868380069732666,False
D4LensPINN,1,17,2,flip_h_r270,H02_enc2,1.6859080791473389,1.395934820175171,-0.9353432655334473,0.13705825805664062,False
D4LensPINN,1,17,2,flip_h_r270,H03_enc3,0.7907668352127075,0.4511733055114746,0.34089237451553345,-0.5527632236480713,False
D4LensPINN,1,17,2,flip_h_r270,H04_bot,0.8016194701194763,0.36910295486450195,0.40888264775276184,-0.5823845863342285,False
D4LensPINN,1,17,2,flip_h_r270,H08_kappa_out,1.8527989387512207,1.7220325469970703,-0.35084018111228943,-0.5868380069732666,False
D4LensPINN,1,17,2,flip_h_r270,H09_poisson,0.09825053811073303,0.038355350494384766,-0.06836956739425659,0.05922532081604004,False
D4LensPINN,1,17,2,flip_h_r270,H10_deflection,0.09825053811073303,0.038355350494384766,-0.06836956739425659,0.05922532081604004,False
D4LensPINN,1,17,2,flip_h_r270,H11_inv_lens,3.945807695388794,1.673173189163208,-2.9142253398895264,2.068134307861328,False
D4LensPINN,1,17,2,flip_h_r270,H12_HANDOFF,1.279908299446106,-0.7182331085205078,-0.6095188856124878,0.866483211517334,False
D4LensPINN,1,17,2,flip_h_r270,H12b_input_proj,1.279908299446106,-0.7182331085205078,-0.6095188856124878,0.866483211517334,False
D4LensPINN,1,17,2,flip_h_r270,H13_eff3,1.279908299446106,-0.7182331085205078,-0.6095188856124878,0.866483211517334,False
D4LensPINN,1,17,2,flip_h_r270,H13b_eff4,1.279908299446106,-0.7182331085205078,-0.6095188856124878,0.866483211517334,False
D4LensPINN,1,17,2,flip_h_r270,H14_eff5,1.279908299446106,-0.7182331085205078,-0.6095188856124878,0.866483211517334,False
D4LensPINN,1,17,2,flip_h_r270,H14b_eff6,1.279908299446106,-0.7182331085205078,-0.6095188856124878,0.866483211517334,False
D4LensPINN,1,17,2,flip_h_r270,H15_before_gap,1.279908299446106,-0.7182331085205078,-0.6095188856124878,0.866483211517334,False
D4LensPINN,1,17,2,flip_h_r270,H16_after_gap,1.279908299446106,-0.7182331085205078,-0.6095188856124878,0.866483211517334,False
D4LensPINN,1,17,2,flip_h_r270,H17_pre_linear,1.279908299446106,-0.7182331085205078,-0.6095188856124878,0.866483211517334,False
D4LensPINN,2,27,0,e,H00_preprocess,0.0,0.0,0.0,0.0,False
D4LensPINN,2,27,0,e,H01_enc1,0.0,0.0,0.0,0.0,False
D4LensPINN,2,27,0,e,H02_enc2,0.0,0.0,0.0,0.0,False
D4LensPINN,2,27,0,e,H03_enc3,0.0,0.0,0.0,0.0,False
D4LensPINN,2,27,0,e,H04_bot,0.0,0.0,0.0,0.0,False
D4LensPINN,2,27,0,e,H08_kappa_out,0.0,0.0,0.0,0.0,False
D4LensPINN,2,27,0,e,H09_poisson,0.0,0.0,0.0,0.0,False
D4LensPINN,2,27,0,e,H10_deflection,0.0,0.0,0.0,0.0,False
D4LensPINN,2,27,0,e,H11_inv_lens,0.0,0.0,0.0,0.0,False
D4LensPINN,2,27,0,e,H12_HANDOFF,0.0,0.0,0.0,0.0,False
D4LensPINN,2,27,0,e,H12b_input_proj,0.0,0.0,0.0,0.0,False
D4LensPINN,2,27,0,e,H13_eff3,0.0,0.0,0.0,0.0,False
D4LensPINN,2,27,0,e,H13b_eff4,0.0,0.0,0.0,0.0,False
D4LensPINN,2,27,0,e,H14_eff5,0.0,0.0,0.0,0.0,False
D4LensPINN,2,27,0,e,H14b_eff6,0.0,0.0,0.0,0.0,False
D4LensPINN,2,27,0,e,H15_before_gap,0.0,0.0,0.0,0.0,False
D4LensPINN,2,27,0,e,H16_after_gap,0.0,0.0,0.0,0.0,False
D4LensPINN,2,27,0,e,H17_pre_linear,0.0,0.0,0.0,0.0,False
D4LensPINN,2,27,0,r90,H00_preprocess,1.1936347484588623,0.6361682415008545,0.1374622881412506,-1.000578761100769,False
D4LensPINN,2,27,0,r90,H01_enc1,1.1936347484588623,0.6361682415008545,0.1374622881412506,-1.000578761100769,False
D4LensPINN,2,27,0,r90,H02_enc2,1.2071640491485596,0.7257993221282959,-0.006740748882293701,-0.9645801782608032,False
D4LensPINN,2,27,0,r90,H03_enc3,1.2636523246765137,-0.8531813621520996,-0.1002606749534607,0.9267396926879883,False
D4LensPINN,2,27,0,r90,H04_bot,1.2540606260299683,-0.8322329521179199,-0.12664246559143066,0.9295256733894348,False
D4LensPINN,2,27,0,r90,H08_kappa_out,1.1936347484588623,0.6361682415008545,0.1374622881412506,-1.000578761100769,False
D4LensPINN,2,27,0,r90,H09_poisson,0.19730162620544434,-0.12393546104431152,-0.008624136447906494,0.15327608585357666,False
D4LensPINN,2,27,0,r90,H10_deflection,0.19730162620544434,-0.12393546104431152,-0.008624136447906494,0.15327608585357666,False
D4LensPINN,2,27,0,r90,H11_inv_lens,29.886157989501953,-20.285341262817383,-10.237723350524902,19.413305282592773,False
D4LensPINN,2,27,0,r90,H12_HANDOFF,2.115990400314331,-1.887935757637024,0.6845555901527405,0.6667060852050781,False
D4LensPINN,2,27,0,r90,H12b_input_proj,2.115990400314331,-1.887935757637024,0.6845555901527405,0.6667060852050781,False
D4LensPINN,2,27,0,r90,H13_eff3,2.115990400314331,-1.887935757637024,0.6845555901527405,0.6667060852050781,False
D4LensPINN,2,27,0,r90,H13b_eff4,2.115990400314331,-1.887935757637024,0.6845555901527405,0.6667060852050781,False
D4LensPINN,2,27,0,r90,H14_eff5,2.115990400314331,-1.887935757637024,0.6845555901527405,0.6667060852050781,False
D4LensPINN,2,27,0,r90,H14b_eff6,2.115990400314331,-1.887935757637024,0.6845555901527405,0.6667060852050781,False
D4LensPINN,2,27,0,r90,H15_before_gap,2.115990400314331,-1.887935757637024,0.6845555901527405,0.6667060852050781,False
D4LensPINN,2,27,0,r90,H16_after_gap,2.115990400314331,-1.887935757637024,0.6845555901527405,0.6667060852050781,False
D4LensPINN,2,27,0,r90,H17_pre_linear,2.115990400314331,-1.887935757637024,0.6845555901527405,0.6667060852050781,False
D4LensPINN,2,27,0,r180,H00_preprocess,1.9416329860687256,1.39506196975708,-0.5821561217308044,-1.2185381650924683,False
D4LensPINN,2,27,0,r180,H01_enc1,1.9416329860687256,1.39506196975708,-0.5821561217308044,-1.2185381650924683,False
D4LensPINN,2,27,0,r180,H02_enc2,2.0779623985290527,1.4976367950439453,-0.6536914706230164,-1.2836273908615112,False
D4LensPINN,2,27,0,r180,H03_enc3,0.4885329008102417,-0.26554179191589355,-0.11128032207489014,0.3946753740310669,False
D4LensPINN,2,27,0,r180,H04_bot,0.40207451581954956,-0.21178698539733887,-0.10667169094085693,0.3247019052505493,False
D4LensPINN,2,27,0,r180,H08_kappa_out,1.9416329860687256,1.39506196975708,-0.5821561217308044,-1.2185381650924683,False
D4LensPINN,2,27,0,r180,H09_poisson,0.16381029784679413,0.07465815544128418,0.04549652338027954,-0.13852810859680176,False
D4LensPINN,2,27,0,r180,H10_deflection,0.16381029784679413,0.07465815544128418,0.04549652338027954,-0.13852810859680176,False
D4LensPINN,2,27,0,r180,H11_inv_lens,6.764499664306641,-5.033809185028076,-1.5481696128845215,4.245278358459473,False
D4LensPINN,2,27,0,r180,H12_HANDOFF,0.5829594731330872,0.4184703826904297,-0.13204413652420044,-0.3837820291519165,False
D4LensPINN,2,27,0,r180,H12b_input_proj,0.5829594731330872,0.4184703826904297,-0.13204413652420044,-0.3837820291519165,False
D4LensPINN,2,27,0,r180,H13_eff3,0.5829594731330872,0.4184703826904297,-0.13204413652420044,-0.3837820291519165,False
D4LensPINN,2,27,0,r180,H13b_eff4,0.5829594731330872,0.4184703826904297,-0.13204413652420044,-0.3837820291519165,False
D4LensPINN,2,27,0,r180,H14_eff5,0.5829594731330872,0.4184703826904297,-0.13204413652420044,-0.3837820291519165,False
D4LensPINN,2,27,0,r180,H14b_eff6,0.5829594731330872,0.4184703826904297,-0.13204413652420044,-0.3837820291519165,False
D4LensPINN,2,27,0,r180,H15_before_gap,0.5829594731330872,0.4184703826904297,-0.13204413652420044,-0.3837820291519165,False
D4LensPINN,2,27,0,r180,H16_after_gap,0.5829594731330872,0.4184703826904297,-0.13204413652420044,-0.3837820291519165,False
D4LensPINN,2,27,0,r180,H17_pre_linear,0.5829594731330872,0.4184703826904297,-0.13204413652420044,-0.3837820291519165,False
D4LensPINN,2,27,0,r270,H00_preprocess,0.4380272626876831,-0.23226475715637207,-0.1877727508544922,0.3204096555709839,False
D4LensPINN,2,27,0,r270,H01_enc1,0.4380272626876831,-0.23226475715637207,-0.1877727508544922,0.3204096555709839,False
D4LensPINN,2,27,0,r270,H02_enc2,0.5027572512626648,0.35424232482910156,-0.15314286947250366,-0.32221806049346924,False
D4LensPINN,2,27,0,r270,H03_enc3,4.615591049194336,-3.6723926067352295,-0.25385355949401855,2.7843799591064453,False
D4LensPINN,2,27,0,r270,H04_bot,3.6506969928741455,-2.9528181552886963,0.007952749729156494,2.146716356277466,False
D4LensPINN,2,27,0,r270,H08_kappa_out,0.4380272626876831,-0.23226475715637207,-0.1877727508544922,0.3204096555709839,False
D4LensPINN,2,27,0,r270,H09_poisson,0.10537051409482956,-0.04745626449584961,-0.03583848476409912,0.08698534965515137,False
D4LensPINN,2,27,0,r270,H10_deflection,0.10537051409482956,-0.04745626449584961,-0.03583848476409912,0.08698534965515137,False
D4LensPINN,2,27,0,r270,H11_inv_lens,28.49347496032715,-19.169267654418945,-10.021254539489746,18.547014236450195,False
D4LensPINN,2,27,0,r270,H12_HANDOFF,4.542700290679932,-4.092828750610352,0.5565557479858398,1.8908005952835083,False
D4LensPINN,2,27,0,r270,H12b_input_proj,4.542700290679932,-4.092828750610352,0.5565557479858398,1.8908005952835083,False
D4LensPINN,2,27,0,r270,H13_eff3,4.542700290679932,-4.092828750610352,0.5565557479858398,1.8908005952835083,False
D4LensPINN,2,27,0,r270,H13b_eff4,4.542700290679932,-4.092828750610352,0.5565557479858398,1.8908005952835083,False
D4LensPINN,2,27,0,r270,H14_eff5,4.542700290679932,-4.092828750610352,0.5565557479858398,1.8908005952835083,False
D4LensPINN,2,27,0,r270,H14b_eff6,4.542700290679932,-4.092828750610352,0.5565557479858398,1.8908005952835083,False
D4LensPINN,2,27,0,r270,H15_before_gap,4.542700290679932,-4.092828750610352,0.5565557479858398,1.8908005952835083,False
D4LensPINN,2,27,0,r270,H16_after_gap,4.542700290679932,-4.092828750610352,0.5565557479858398,1.8908005952835083,False
D4LensPINN,2,27,0,r270,H17_pre_linear,4.542700290679932,-4.092828750610352,0.5565557479858398,1.8908005952835083,False
D4LensPINN,2,27,0,flip_h,H00_preprocess,1.3682438135147095,0.6345529556274414,0.30180394649505615,-1.1740306615829468,False
D4LensPINN,2,27,0,flip_h,H01_enc1,1.3682438135147095,0.6345529556274414,0.30180394649505615,-1.1740306615829468,False
D4LensPINN,2,27,0,flip_h,H02_enc2,1.365081548690796,0.7426667213439941,0.15145045518875122,-1.1353222131729126,False
D4LensPINN,2,27,0,flip_h,H03_enc3,3.1923599243164062,-2.5995218753814697,0.03440302610397339,1.8526911735534668,False
D4LensPINN,2,27,0,flip_h,H04_bot,2.597777843475342,-2.0000603199005127,-0.07112836837768555,1.6562453508377075,False
D4LensPINN,2,27,0,flip_h,H08_kappa_out,1.3682438135147095,0.6345529556274414,0.30180394649505615,-1.1740306615829468,False
D4LensPINN,2,27,0,flip_h,H09_poisson,0.3537823557853699,0.2547628879547119,-0.06888049840927124,-0.2356126308441162,False
D4LensPINN,2,27,0,flip_h,H10_deflection,0.3537823557853699,0.2547628879547119,-0.06888049840927124,-0.2356126308441162,False
D4LensPINN,2,27,0,flip_h,H11_inv_lens,6.531591892242432,-4.822947978973389,-1.4996495246887207,4.141486644744873,False
D4LensPINN,2,27,0,flip_h,H12_HANDOFF,1.0460693836212158,-0.6306886672973633,-0.14393073320388794,0.8220564723014832,False
D4LensPINN,2,27,0,flip_h,H12b_input_proj,1.0460693836212158,-0.6306886672973633,-0.14393073320388794,0.8220564723014832,False
D4LensPINN,2,27,0,flip_h,H13_eff3,1.0460693836212158,-0.6306886672973633,-0.14393073320388794,0.8220564723014832,False
D4LensPINN,2,27,0,flip_h,H13b_eff4,1.0460693836212158,-0.6306886672973633,-0.14393073320388794,0.8220564723014832,False
D4LensPINN,2,27,0,flip_h,H14_eff5,1.0460693836212158,-0.6306886672973633,-0.14393073320388794,0.8220564723014832,False
D4LensPINN,2,27,0,flip_h,H14b_eff6,1.0460693836212158,-0.6306886672973633,-0.14393073320388794,0.8220564723014832,False
D4LensPINN,2,27,0,flip_h,H15_before_gap,1.0460693836212158,-0.6306886672973633,-0.14393073320388794,0.8220564723014832,False
D4LensPINN,2,27,0,flip_h,H16_after_gap,1.0460693836212158,-0.6306886672973633,-0.14393073320388794,0.8220564723014832,False
D4LensPINN,2,27,0,flip_h,H17_pre_linear,1.0460693836212158,-0.6306886672973633,-0.14393073320388794,0.8220564723014832,False
D4LensPINN,2,27,0,flip_h_r90,H00_preprocess,0.11176688969135284,-0.03801155090332031,-0.0770687460899353,0.07146584987640381,False
D4LensPINN,2,27,0,flip_h_r90,H01_enc1,0.11176688969135284,-0.03801155090332031,-0.0770687460899353,0.07146584987640381,False
D4LensPINN,2,27,0,flip_h_r90,H02_enc2,0.401091992855072,0.27425718307495117,-0.2830023169517517,-0.074615478515625,False
D4LensPINN,2,27,0,flip_h_r90,H03_enc3,1.1244679689407349,-0.7654786109924316,-0.05635935068130493,0.8217628598213196,False
D4LensPINN,2,27,0,flip_h_r90,H04_bot,0.7013843059539795,-0.4831671714782715,-4.762411117553711e-05,0.5084185600280762,False
D4LensPINN,2,27,0,flip_h_r90,H08_kappa_out,0.11176688969135284,-0.03801155090332031,-0.0770687460899353,0.07146584987640381,False
D4LensPINN,2,27,0,flip_h_r90,H09_poisson,0.1657828390598297,0.12082624435424805,-0.11211717128753662,-0.01774001121520996,False
D4LensPINN,2,27,0,flip_h_r90,H10_deflection,0.1657828390598297,0.12082624435424805,-0.11211717128753662,-0.01774001121520996,False
D4LensPINN,2,27,0,flip_h_r90,H11_inv_lens,23.991498947143555,-16.522132873535156,-8.075822830200195,15.407538414001465,False
D4LensPINN,2,27,0,flip_h_r90,H12_HANDOFF,3.4194533824920654,-2.9207348823547363,0.06931176781654358,1.776841402053833,False
D4LensPINN,2,27,0,flip_h_r90,H12b_input_proj,3.4194533824920654,-2.9207348823547363,0.06931176781654358,1.776841402053833,False
D4LensPINN,2,27,0,flip_h_r90,H13_eff3,3.4194533824920654,-2.9207348823547363,0.06931176781654358,1.776841402053833,False
D4LensPINN,2,27,0,flip_h_r90,H13b_eff4,3.4194533824920654,-2.9207348823547363,0.06931176781654358,1.776841402053833,False
D4LensPINN,2,27,0,flip_h_r90,H14_eff5,3.4194533824920654,-2.9207348823547363,0.06931176781654358,1.776841402053833,False
D4LensPINN,2,27,0,flip_h_r90,H14b_eff6,3.4194533824920654,-2.9207348823547363,0.06931176781654358,1.776841402053833,False
D4LensPINN,2,27,0,flip_h_r90,H15_before_gap,3.4194533824920654,-2.9207348823547363,0.06931176781654358,1.776841402053833,False
D4LensPINN,2,27,0,flip_h_r90,H16_after_gap,3.4194533824920654,-2.9207348823547363,0.06931176781654358,1.776841402053833,False
D4LensPINN,2,27,0,flip_h_r90,H17_pre_linear,3.4194533824920654,-2.9207348823547363,0.06931176781654358,1.776841402053833,False
D4LensPINN,2,27,0,flip_h_r180,H00_preprocess,2.0992531776428223,1.4592995643615723,-0.43485307693481445,-1.445064663887024,False
D4LensPINN,2,27,0,flip_h_r180,H01_enc1,2.0992531776428223,1.4592995643615723,-0.43485307693481445,-1.445064663887024,False
D4LensPINN,2,27,0,flip_h_r180,H02_enc2,2.147106170654297,1.5037217140197754,-0.4791272282600403,-1.4557894468307495,False
D4LensPINN,2,27,0,flip_h_r180,H03_enc3,2.162508487701416,-1.480820655822754,-0.20576053857803345,1.5624580383300781,False
D4LensPINN,2,27,0,flip_h_r180,H04_bot,1.937940001487732,-1.3695995807647705,-0.09779751300811768,1.3675687313079834,False
D4LensPINN,2,27,0,flip_h_r180,H08_kappa_out,2.0992531776428223,1.4592995643615723,-0.43485307693481445,-1.445064663887024,False
D4LensPINN,2,27,0,flip_h_r180,H09_poisson,0.05946857109665871,0.00069427490234375,0.03654998540878296,-0.046905517578125,False
D4LensPINN,2,27,0,flip_h_r180,H10_deflection,0.05946857109665871,0.00069427490234375,0.03654998540878296,-0.046905517578125,False
D4LensPINN,2,27,0,flip_h_r180,H11_inv_lens,14.96796703338623,-10.06396770477295,-4.6504693031311035,10.056327819824219,False
D4LensPINN,2,27,0,flip_h_r180,H12_HANDOFF,2.6467931270599365,1.80210542678833,-0.3511490225791931,-1.9064692258834839,False
D4LensPINN,2,27,0,flip_h_r180,H12b_input_proj,2.6467931270599365,1.80210542678833,-0.3511490225791931,-1.9064692258834839,False
D4LensPINN,2,27,0,flip_h_r180,H13_eff3,2.6467931270599365,1.80210542678833,-0.3511490225791931,-1.9064692258834839,False
D4LensPINN,2,27,0,flip_h_r180,H13b_eff4,2.6467931270599365,1.80210542678833,-0.3511490225791931,-1.9064692258834839,False
D4LensPINN,2,27,0,flip_h_r180,H14_eff5,2.6467931270599365,1.80210542678833,-0.3511490225791931,-1.9064692258834839,False
D4LensPINN,2,27,0,flip_h_r180,H14b_eff6,2.6467931270599365,1.80210542678833,-0.3511490225791931,-1.9064692258834839,False
D4LensPINN,2,27,0,flip_h_r180,H15_before_gap,2.6467931270599365,1.80210542678833,-0.3511490225791931,-1.9064692258834839,False
D4LensPINN,2,27,0,flip_h_r180,H16_after_gap,2.6467931270599365,1.80210542678833,-0.3511490225791931,-1.9064692258834839,False
D4LensPINN,2,27,0,flip_h_r180,H17_pre_linear,2.6467931270599365,1.80210542678833,-0.3511490225791931,-1.9064692258834839,False
D4LensPINN,2,27,0,flip_h_r270,H00_preprocess,0.784614086151123,0.5266613960266113,-0.5446323752403259,-0.20401620864868164,False
D4LensPINN,2,27,0,flip_h_r270,H01_enc1,0.784614086151123,0.5266613960266113,-0.5446323752403259,-0.20401620864868164,False
D4LensPINN,2,27,0,flip_h_r270,H02_enc2,0.7086796760559082,0.45145130157470703,-0.5275866389274597,-0.14167189598083496,False
D4LensPINN,2,27,0,flip_h_r270,H03_enc3,0.9237657189369202,-0.648221492767334,-0.007104039192199707,0.6581044793128967,False
D4LensPINN,2,27,0,flip_h_r270,H04_bot,1.040126085281372,-0.7491796016693115,0.017740488052368164,0.7213025689125061,False
D4LensPINN,2,27,0,flip_h_r270,H08_kappa_out,0.784614086151123,0.5266613960266113,-0.5446323752403259,-0.20401620864868164,False
D4LensPINN,2,27,0,flip_h_r270,H09_poisson,1.0924075841903687,-0.77644944190979,0.025541186332702637,0.7680027484893799,False
D4LensPINN,2,27,0,flip_h_r270,H10_deflection,1.0924075841903687,-0.77644944190979,0.025541186332702637,0.7680027484893799,False
D4LensPINN,2,27,0,flip_h_r270,H11_inv_lens,19.88846778869629,-13.44650650024414,-6.463681221008301,13.151557922363281,False
D4LensPINN,2,27,0,flip_h_r270,H12_HANDOFF,4.807060241699219,-3.4544622898101807,-0.9483904242515564,3.205475330352783,False
D4LensPINN,2,27,0,flip_h_r270,H12b_input_proj,4.807060241699219,-3.4544622898101807,-0.9483904242515564,3.205475330352783,False
D4LensPINN,2,27,0,flip_h_r270,H13_eff3,4.807060241699219,-3.4544622898101807,-0.9483904242515564,3.205475330352783,False
D4LensPINN,2,27,0,flip_h_r270,H13b_eff4,4.807060241699219,-3.4544622898101807,-0.9483904242515564,3.205475330352783,False
D4LensPINN,2,27,0,flip_h_r270,H14_eff5,4.807060241699219,-3.4544622898101807,-0.9483904242515564,3.205475330352783,False
D4LensPINN,2,27,0,flip_h_r270,H14b_eff6,4.807060241699219,-3.4544622898101807,-0.9483904242515564,3.205475330352783,False
D4LensPINN,2,27,0,flip_h_r270,H15_before_gap,4.807060241699219,-3.4544622898101807,-0.9483904242515564,3.205475330352783,False
D4LensPINN,2,27,0,flip_h_r270,H16_after_gap,4.807060241699219,-3.4544622898101807,-0.9483904242515564,3.205475330352783,False
D4LensPINN,2,27,0,flip_h_r270,H17_pre_linear,4.807060241699219,-3.4544622898101807,-0.9483904242515564,3.205475330352783,False
D4LensPINN,3,36,1,e,H00_preprocess,0.0,0.0,0.0,0.0,False
D4LensPINN,3,36,1,e,H01_enc1,0.0,0.0,0.0,0.0,False
D4LensPINN,3,36,1,e,H02_enc2,0.0,0.0,0.0,0.0,False
D4LensPINN,3,36,1,e,H03_enc3,0.0,0.0,0.0,0.0,False
D4LensPINN,3,36,1,e,H04_bot,0.0,0.0,0.0,0.0,False
D4LensPINN,3,36,1,e,H08_kappa_out,0.0,0.0,0.0,0.0,False
D4LensPINN,3,36,1,e,H09_poisson,0.0,0.0,0.0,0.0,False
D4LensPINN,3,36,1,e,H10_deflection,0.0,0.0,0.0,0.0,False
D4LensPINN,3,36,1,e,H11_inv_lens,0.0,0.0,0.0,0.0,False
D4LensPINN,3,36,1,e,H12_HANDOFF,0.0,0.0,0.0,0.0,False
D4LensPINN,3,36,1,e,H12b_input_proj,0.0,0.0,0.0,0.0,False
D4LensPINN,3,36,1,e,H13_eff3,0.0,0.0,0.0,0.0,False
D4LensPINN,3,36,1,e,H13b_eff4,0.0,0.0,0.0,0.0,False
D4LensPINN,3,36,1,e,H14_eff5,0.0,0.0,0.0,0.0,False
D4LensPINN,3,36,1,e,H14b_eff6,0.0,0.0,0.0,0.0,False
D4LensPINN,3,36,1,e,H15_before_gap,0.0,0.0,0.0,0.0,False
D4LensPINN,3,36,1,e,H16_after_gap,0.0,0.0,0.0,0.0,False
D4LensPINN,3,36,1,e,H17_pre_linear,0.0,0.0,0.0,0.0,False
D4LensPINN,3,36,1,r90,H00_preprocess,3.933781623840332,-2.0898795127868652,-1.6597237586975098,2.890044689178467,False
D4LensPINN,3,36,1,r90,H01_enc1,3.933781623840332,-2.0898795127868652,-1.6597237586975098,2.890044689178467,False
D4LensPINN,3,36,1,r90,H02_enc2,4.426107883453369,-2.0830535888671875,-2.0839719772338867,3.302783727645874,False
D4LensPINN,3,36,1,r90,H03_enc3,2.8523614406585693,-0.20547819137573242,-1.873694896697998,2.1407971382141113,False
D4LensPINN,3,36,1,r90,H04_bot,2.074733018875122,0.029050350189208984,-1.3989830017089844,1.5318355560302734,False
D4LensPINN,3,36,1,r90,H08_kappa_out,3.933781623840332,-2.0898795127868652,-1.6597237586975098,2.890044689178467,False
D4LensPINN,3,36,1,r90,H09_poisson,0.592054009437561,-0.20834732055664062,-0.2746152877807617,0.48135828971862793,False
D4LensPINN,3,36,1,r90,H10_deflection,0.592054009437561,-0.20834732055664062,-0.2746152877807617,0.48135828971862793,False
D4LensPINN,3,36,1,r90,H11_inv_lens,33.326263427734375,-14.018637657165527,-18.15774154663086,24.17465591430664,False
D4LensPINN,3,36,1,r90,H12_HANDOFF,3.7057945728302,-1.2179102897644043,-1.9769129753112793,2.8881521224975586,False
D4LensPINN,3,36,1,r90,H12b_input_proj,3.7057945728302,-1.2179102897644043,-1.9769129753112793,2.8881521224975586,False
D4LensPINN,3,36,1,r90,H13_eff3,3.7057945728302,-1.2179102897644043,-1.9769129753112793,2.8881521224975586,False
D4LensPINN,3,36,1,r90,H13b_eff4,3.7057945728302,-1.2179102897644043,-1.9769129753112793,2.8881521224975586,False
D4LensPINN,3,36,1,r90,H14_eff5,3.7057945728302,-1.2179102897644043,-1.9769129753112793,2.8881521224975586,False
D4LensPINN,3,36,1,r90,H14b_eff6,3.7057945728302,-1.2179102897644043,-1.9769129753112793,2.8881521224975586,False
D4LensPINN,3,36,1,r90,H15_before_gap,3.7057945728302,-1.2179102897644043,-1.9769129753112793,2.8881521224975586,False
D4LensPINN,3,36,1,r90,H16_after_gap,3.7057945728302,-1.2179102897644043,-1.9769129753112793,2.8881521224975586,False
D4LensPINN,3,36,1,r90,H17_pre_linear,3.7057945728302,-1.2179102897644043,-1.9769129753112793,2.8881521224975586,False
D4LensPINN,3,36,1,r180,H00_preprocess,3.1444711685180664,-2.7783451080322266,0.16245555877685547,1.4635932445526123,False
D4LensPINN,3,36,1,r180,H01_enc1,3.1444711685180664,-2.7783451080322266,0.16245555877685547,1.4635932445526123,False
D4LensPINN,3,36,1,r180,H02_enc2,3.3040969371795654,-2.9210596084594727,0.15521669387817383,1.536351203918457,False
D4LensPINN,3,36,1,r180,H03_enc3,0.0591028556227684,0.05808067321777344,-0.009055614471435547,-0.006146430969238281,False
D4LensPINN,3,36,1,r180,H04_bot,0.07137539982795715,0.06788206100463867,-0.00807332992553711,-0.020525455474853516,False
D4LensPINN,3,36,1,r180,H08_kappa_out,3.1444711685180664,-2.7783451080322266,0.16245555877685547,1.4635932445526123,False
D4LensPINN,3,36,1,r180,H09_poisson,0.5246222019195557,0.02460479736328125,-0.32230091094970703,0.41321325302124023,False
D4LensPINN,3,36,1,r180,H10_deflection,0.5246222019195557,0.02460479736328125,-0.32230091094970703,0.41321325302124023,False
D4LensPINN,3,36,1,r180,H11_inv_lens,28.73212242126465,-10.344985008239746,-16.77304458618164,20.908878326416016,False
D4LensPINN,3,36,1,r180,H12_HANDOFF,0.8129501342773438,-0.2394886016845703,-0.4265885353088379,0.6492729187011719,False
D4LensPINN,3,36,1,r180,H12b_input_proj,0.8129501342773438,-0.2394886016845703,-0.4265885353088379,0.6492729187011719,False
D4LensPINN,3,36,1,r180,H13_eff3,0.8129501342773438,-0.2394886016845703,-0.4265885353088379,0.6492729187011719,False
D4LensPINN,3,36,1,r180,H13b_eff4,0.8129501342773438,-0.2394886016845703,-0.4265885353088379,0.6492729187011719,False
D4LensPINN,3,36,1,r180,H14_eff5,0.8129501342773438,-0.2394886016845703,-0.4265885353088379,0.6492729187011719,False
D4LensPINN,3,36,1,r180,H14b_eff6,0.8129501342773438,-0.2394886016845703,-0.4265885353088379,0.6492729187011719,False
D4LensPINN,3,36,1,r180,H15_before_gap,0.8129501342773438,-0.2394886016845703,-0.4265885353088379,0.6492729187011719,False
D4LensPINN,3,36,1,r180,H16_after_gap,0.8129501342773438,-0.2394886016845703,-0.4265885353088379,0.6492729187011719,False
D4LensPINN,3,36,1,r180,H17_pre_linear,0.8129501342773438,-0.2394886016845703,-0.4265885353088379,0.6492729187011719,False
D4LensPINN,3,36,1,r270,H00_preprocess,1.9099020957946777,-0.8966751098632812,-0.8616495132446289,1.4495723247528076,False
D4LensPINN,3,36,1,r270,H01_enc1,1.9099020957946777,-0.8966751098632812,-0.8616495132446289,1.4495723247528076,False
D4LensPINN,3,36,1,r270,H02_enc2,2.5471739768981934,-0.7344756126403809,-1.4264259338378906,1.9783706665039062,False
D4LensPINN,3,36,1,r270,H03_enc3,2.687483310699463,-0.05216646194458008,-1.810427188873291,1.985497236251831,False
D4LensPINN,3,36,1,r270,H04_bot,2.03059720993042,0.07426881790161133,-1.3842906951904297,1.4837617874145508,False
D4LensPINN,3,36,1,r270,H08_kappa_out,1.9099020957946777,-0.8966751098632812,-0.8616495132446289,1.4495723247528076,False
D4LensPINN,3,36,1,r270,H09_poisson,0.057203661650419235,-0.004372596740722656,-0.007040500640869141,0.056600093841552734,False
D4LensPINN,3,36,1,r270,H10_deflection,0.057203661650419235,-0.004372596740722656,-0.007040500640869141,0.056600093841552734,False
D4LensPINN,3,36,1,r270,H11_inv_lens,29.94338607788086,-10.536690711975098,-17.54544448852539,21.85730743408203,False
D4LensPINN,3,36,1,r270,H12_HANDOFF,6.340428352355957,0.04331541061401367,-4.3681230545043945,4.595503807067871,False
D4LensPINN,3,36,1,r270,H12b_input_proj,6.340428352355957,0.04331541061401367,-4.3681230545043945,4.595503807067871,False
D4LensPINN,3,36,1,r270,H13_eff3,6.340428352355957,0.04331541061401367,-4.3681230545043945,4.595503807067871,False
D4LensPINN,3,36,1,r270,H13b_eff4,6.340428352355957,0.04331541061401367,-4.3681230545043945,4.595503807067871,False
D4LensPINN,3,36,1,r270,H14_eff5,6.340428352355957,0.04331541061401367,-4.3681230545043945,4.595503807067871,False
D4LensPINN,3,36,1,r270,H14b_eff6,6.340428352355957,0.04331541061401367,-4.3681230545043945,4.595503807067871,False
D4LensPINN,3,36,1,r270,H15_before_gap,6.340428352355957,0.04331541061401367,-4.3681230545043945,4.595503807067871,False
D4LensPINN,3,36,1,r270,H16_after_gap,6.340428352355957,0.04331541061401367,-4.3681230545043945,4.595503807067871,False
D4LensPINN,3,36,1,r270,H17_pre_linear,6.340428352355957,0.04331541061401367,-4.3681230545043945,4.595503807067871,False
D4LensPINN,3,36,1,flip_h,H00_preprocess,2.1087467670440674,-1.626481056213379,-0.25388669967651367,1.317920207977295,False
D4LensPINN,3,36,1,flip_h,H01_enc1,2.1087467670440674,-1.626481056213379,-0.25388669967651367,1.317920207977295,False
D4LensPINN,3,36,1,flip_h,H02_enc2,2.1938858032226562,-1.5564446449279785,-0.44228219985961914,1.4815537929534912,False
D4LensPINN,3,36,1,flip_h,H03_enc3,0.11454260349273682,0.10852575302124023,-0.03619575500488281,-0.005660057067871094,False
D4LensPINN,3,36,1,flip_h,H04_bot,0.10042183846235275,0.09484529495239258,-0.010603904724121094,-0.03124856948852539,False
D4LensPINN,3,36,1,flip_h,H08_kappa_out,2.1087467670440674,-1.626481056213379,-0.25388669967651367,1.317920207977295,False
D4LensPINN,3,36,1,flip_h,H09_poisson,0.6235955953598022,0.03562211990356445,-0.4151744842529297,0.4639317989349365,False
D4LensPINN,3,36,1,flip_h,H10_deflection,0.6235955953598022,0.03562211990356445,-0.4151744842529297,0.4639317989349365,False
D4LensPINN,3,36,1,flip_h,H11_inv_lens,8.295819282531738,2.0799739360809326,-5.956535339355469,5.386464595794678,False
D4LensPINN,3,36,1,flip_h,H12_HANDOFF,2.2042133808135986,1.0902276039123535,-1.589643955230713,1.069108009338379,False
D4LensPINN,3,36,1,flip_h,H12b_input_proj,2.2042133808135986,1.0902276039123535,-1.589643955230713,1.069108009338379,False
D4LensPINN,3,36,1,flip_h,H13_eff3,2.2042133808135986,1.0902276039123535,-1.589643955230713,1.069108009338379,False
D4LensPINN,3,36,1,flip_h,H13b_eff4,2.2042133808135986,1.0902276039123535,-1.589643955230713,1.069108009338379,False
D4LensPINN,3,36,1,flip_h,H14_eff5,2.2042133808135986,1.0902276039123535,-1.589643955230713,1.069108009338379,False
D4LensPINN,3,36,1,flip_h,H14b_eff6,2.2042133808135986,1.0902276039123535,-1.589643955230713,1.069108009338379,False
D4LensPINN,3,36,1,flip_h,H15_before_gap,2.2042133808135986,1.0902276039123535,-1.589643955230713,1.069108009338379,False
D4LensPINN,3,36,1,flip_h,H16_after_gap,2.2042133808135986,1.0902276039123535,-1.589643955230713,1.069108009338379,False
D4LensPINN,3,36,1,flip_h,H17_pre_linear,2.2042133808135986,1.0902276039123535,-1.589643955230713,1.069108009338379,False
D4LensPINN,3,36,1,flip_h_r90,H00_preprocess,4.023105144500732,-2.386692523956299,-1.4306859970092773,2.905548095703125,False
D4LensPINN,3,36,1,flip_h_r90,H01_enc1,4.023105144500732,-2.386692523956299,-1.4306859970092773,2.905548095703125,False
D4LensPINN,3,36,1,flip_h_r90,H02_enc2,4.330634117126465,-2.7160234451293945,-1.4171934127807617,3.060910224914551,False
D4LensPINN,3,36,1,flip_h_r90,H03_enc3,2.5612375736236572,-0.1426410675048828,-1.6829643249511719,1.9254150390625,False
D4LensPINN,3,36,1,flip_h_r90,H04_bot,1.8588734865188599,0.08724546432495117,-1.2657675743103027,1.3585400581359863,False
D4LensPINN,3,36,1,flip_h_r90,H08_kappa_out,4.023105144500732,-2.386692523956299,-1.4306859970092773,2.905548095703125,False
D4LensPINN,3,36,1,flip_h_r90,H09_poisson,0.556699275970459,-0.03605794906616211,-0.343048095703125,0.43695759773254395,False
D4LensPINN,3,36,1,flip_h_r90,H10_deflection,0.556699275970459,-0.03605794906616211,-0.343048095703125,0.43695759773254395,False
D4LensPINN,3,36,1,flip_h_r90,H11_inv_lens,44.168304443359375,-21.676231384277344,-22.296836853027344,31.366085052490234,False
D4LensPINN,3,36,1,flip_h_r90,H12_HANDOFF,1.7409796714782715,0.6459541320800781,-1.236588478088379,1.0414423942565918,False
D4LensPINN,3,36,1,flip_h_r90,H12b_input_proj,1.7409796714782715,0.6459541320800781,-1.236588478088379,1.0414423942565918,False
D4LensPINN,3,36,1,flip_h_r90,H13_eff3,1.7409796714782715,0.6459541320800781,-1.236588478088379,1.0414423942565918,False
D4LensPINN,3,36,1,flip_h_r90,H13b_eff4,1.7409796714782715,0.6459541320800781,-1.236588478088379,1.0414423942565918,False
D4LensPINN,3,36,1,flip_h_r90,H14_eff5,1.7409796714782715,0.6459541320800781,-1.236588478088379,1.0414423942565918,False
D4LensPINN,3,36,1,flip_h_r90,H14b_eff6,1.7409796714782715,0.6459541320800781,-1.236588478088379,1.0414423942565918,False
D4LensPINN,3,36,1,flip_h_r90,H15_before_gap,1.7409796714782715,0.6459541320800781,-1.236588478088379,1.0414423942565918,False
D4LensPINN,3,36,1,flip_h_r90,H16_after_gap,1.7409796714782715,0.6459541320800781,-1.236588478088379,1.0414423942565918,False
D4LensPINN,3,36,1,flip_h_r90,H17_pre_linear,1.7409796714782715,0.6459541320800781,-1.236588478088379,1.0414423942565918,False
D4LensPINN,3,36,1,flip_h_r180,H00_preprocess,2.588657855987549,0.13579702377319336,-1.798243522644043,1.8571560382843018,False
D4LensPINN,3,36,1,flip_h_r180,H01_enc1,2.588657855987549,0.13579702377319336,-1.798243522644043,1.8571560382843018,False
D4LensPINN,3,36,1,flip_h_r180,H02_enc2,2.496704339981079,0.027767658233642578,-1.6977219581604004,1.8304376602172852,False
D4LensPINN,3,36,1,flip_h_r180,H03_enc3,0.3127524256706238,0.29024553298950195,-0.07831287384033203,-0.08624792098999023,False
D4LensPINN,3,36,1,flip_h_r180,H04_bot,0.2053721398115158,0.18911457061767578,-0.04258537292480469,-0.06782245635986328,False
D4LensPINN,3,36,1,flip_h_r180,H08_kappa_out,2.588657855987549,0.13579702377319336,-1.798243522644043,1.8571560382843018,False
D4LensPINN,3,36,1,flip_h_r180,H09_poisson,0.2671203911304474,0.09872722625732422,0.13198280334472656,-0.2102065086364746,False
D4LensPINN,3,36,1,flip_h_r180,H10_deflection,0.2671203911304474,0.09872722625732422,0.13198280334472656,-0.2102065086364746,False
D4LensPINN,3,36,1,flip_h_r180,H11_inv_lens,25.971450805664062,-7.833029747009277,-15.864604949951172,19.012474060058594,False
D4LensPINN,3,36,1,flip_h_r180,H12_HANDOFF,5.285238265991211,-0.5198612213134766,-3.4515600204467773,3.9686548709869385,False
D4LensPINN,3,36,1,flip_h_r180,H12b_input_proj,5.285238265991211,-0.5198612213134766,-3.4515600204467773,3.9686548709869385,False
D4LensPINN,3,36,1,flip_h_r180,H13_eff3,5.285238265991211,-0.5198612213134766,-3.4515600204467773,3.9686548709869385,False
D4LensPINN,3,36,1,flip_h_r180,H13b_eff4,5.285238265991211,-0.5198612213134766,-3.4515600204467773,3.9686548709869385,False
D4LensPINN,3,36,1,flip_h_r180,H14_eff5,5.285238265991211,-0.5198612213134766,-3.4515600204467773,3.9686548709869385,False
D4LensPINN,3,36,1,flip_h_r180,H14b_eff6,5.285238265991211,-0.5198612213134766,-3.4515600204467773,3.9686548709869385,False
D4LensPINN,3,36,1,flip_h_r180,H15_before_gap,5.285238265991211,-0.5198612213134766,-3.4515600204467773,3.9686548709869385,False
D4LensPINN,3,36,1,flip_h_r180,H16_after_gap,5.285238265991211,-0.5198612213134766,-3.4515600204467773,3.9686548709869385,False
D4LensPINN,3,36,1,flip_h_r180,H17_pre_linear,5.285238265991211,-0.5198612213134766,-3.4515600204467773,3.9686548709869385,False
D4LensPINN,3,36,1,flip_h_r270,H00_preprocess,2.049888849258423,-0.5697746276855469,-1.1356897354125977,1.608604907989502,False
D4LensPINN,3,36,1,flip_h_r270,H01_enc1,2.049888849258423,-0.5697746276855469,-1.1356897354125977,1.608604907989502,False
D4LensPINN,3,36,1,flip_h_r270,H02_enc2,3.036289930343628,-0.4202141761779785,-1.8958077430725098,2.3341784477233887,False
D4LensPINN,3,36,1,flip_h_r270,H03_enc3,2.4850409030914307,-0.008960247039794922,-1.6832499504089355,1.8281185626983643,False
D4LensPINN,3,36,1,flip_h_r270,H04_bot,1.9863663911819458,0.14465951919555664,-1.3717536926269531,1.4293413162231445,False
D4LensPINN,3,36,1,flip_h_r270,H08_kappa_out,2.049888849258423,-0.5697746276855469,-1.1356897354125977,1.608604907989502,False
D4LensPINN,3,36,1,flip_h_r270,H09_poisson,0.5827754139900208,-0.009704113006591797,-0.38718509674072266,0.4354546070098877,False
D4LensPINN,3,36,1,flip_h_r270,H10_deflection,0.5827754139900208,-0.009704113006591797,-0.38718509674072266,0.4354546070098877,False
D4LensPINN,3,36,1,flip_h_r270,H11_inv_lens,22.275650024414062,-4.580731391906738,-14.412040710449219,16.355873107910156,False
D4LensPINN,3,36,1,flip_h_r270,H12_HANDOFF,8.434711456298828,0.09169864654541016,-5.84229850769043,6.083049774169922,False
D4LensPINN,3,36,1,flip_h_r270,H12b_input_proj,8.434711456298828,0.09169864654541016,-5.84229850769043,6.083049774169922,False
D4LensPINN,3,36,1,flip_h_r270,H13_eff3,8.434711456298828,0.09169864654541016,-5.84229850769043,6.083049774169922,False
D4LensPINN,3,36,1,flip_h_r270,H13b_eff4,8.434711456298828,0.09169864654541016,-5.84229850769043,6.083049774169922,False
D4LensPINN,3,36,1,flip_h_r270,H14_eff5,8.434711456298828,0.09169864654541016,-5.84229850769043,6.083049774169922,False
D4LensPINN,3,36,1,flip_h_r270,H14b_eff6,8.434711456298828,0.09169864654541016,-5.84229850769043,6.083049774169922,False
D4LensPINN,3,36,1,flip_h_r270,H15_before_gap,8.434711456298828,0.09169864654541016,-5.84229850769043,6.083049774169922,False
D4LensPINN,3,36,1,flip_h_r270,H16_after_gap,8.434711456298828,0.09169864654541016,-5.84229850769043,6.083049774169922,False
D4LensPINN,3,36,1,flip_h_r270,H17_pre_linear,8.434711456298828,0.09169864654541016,-5.84229850769043,6.083049774169922,False
D4LensPINN,4,49,0,e,H00_preprocess,0.0,0.0,0.0,0.0,False
D4LensPINN,4,49,0,e,H01_enc1,0.0,0.0,0.0,0.0,False
D4LensPINN,4,49,0,e,H02_enc2,0.0,0.0,0.0,0.0,False
D4LensPINN,4,49,0,e,H03_enc3,0.0,0.0,0.0,0.0,False
D4LensPINN,4,49,0,e,H04_bot,0.0,0.0,0.0,0.0,False
D4LensPINN,4,49,0,e,H08_kappa_out,0.0,0.0,0.0,0.0,False
D4LensPINN,4,49,0,e,H09_poisson,0.0,0.0,0.0,0.0,False
D4LensPINN,4,49,0,e,H10_deflection,0.0,0.0,0.0,0.0,False
D4LensPINN,4,49,0,e,H11_inv_lens,0.0,0.0,0.0,0.0,False
D4LensPINN,4,49,0,e,H12_HANDOFF,0.0,0.0,0.0,0.0,False
D4LensPINN,4,49,0,e,H12b_input_proj,0.0,0.0,0.0,0.0,False
D4LensPINN,4,49,0,e,H13_eff3,0.0,0.0,0.0,0.0,False
D4LensPINN,4,49,0,e,H13b_eff4,0.0,0.0,0.0,0.0,False
D4LensPINN,4,49,0,e,H14_eff5,0.0,0.0,0.0,0.0,False
D4LensPINN,4,49,0,e,H14b_eff6,0.0,0.0,0.0,0.0,False
D4LensPINN,4,49,0,e,H15_before_gap,0.0,0.0,0.0,0.0,False
D4LensPINN,4,49,0,e,H16_after_gap,0.0,0.0,0.0,0.0,False
D4LensPINN,4,49,0,e,H17_pre_linear,0.0,0.0,0.0,0.0,False
D4LensPINN,4,49,0,r90,H00_preprocess,6.5779032707214355,-5.972076416015625,1.5996195077896118,2.2459607124328613,False
D4LensPINN,4,49,0,r90,H01_enc1,6.5779032707214355,-5.972076416015625,1.5996195077896118,2.2459607124328613,False
D4LensPINN,4,49,0,r90,H02_enc2,3.821662664413452,-3.3167946338653564,0.8283416032791138,1.7081657648086548,False
D4LensPINN,4,49,0,r90,H03_enc3,10.546631813049316,-8.755802154541016,-0.45884421467781067,5.8614702224731445,False
D4LensPINN,4,49,0,r90,H04_bot,9.461732864379883,-8.062386512756348,0.14005887508392334,4.950019836425781,False
D4LensPINN,4,49,0,r90,H08_kappa_out,6.5779032707214355,-5.972076416015625,1.5996195077896118,2.2459607124328613,False
D4LensPINN,4,49,0,r90,H09_poisson,0.5128622055053711,-0.1773698329925537,-0.19268691539764404,0.44095277786254883,False
D4LensPINN,4,49,0,r90,H10_deflection,0.5128622055053711,-0.1773698329925537,-0.19268691539764404,0.44095277786254883,False
D4LensPINN,4,49,0,r90,H11_inv_lens,26.780263900756836,-17.825645446777344,-9.034843444824219,17.82695960998535,False
D4LensPINN,4,49,0,r90,H12_HANDOFF,6.475609302520752,-4.630959510803223,-0.9728378057479858,4.420556545257568,False
D4LensPINN,4,49,0,r90,H12b_input_proj,6.475609302520752,-4.630959510803223,-0.9728378057479858,4.420556545257568,False
D4LensPINN,4,49,0,r90,H13_eff3,6.475609302520752,-4.630959510803223,-0.9728378057479858,4.420556545257568,False
D4LensPINN,4,49,0,r90,H13b_eff4,6.475609302520752,-4.630959510803223,-0.9728378057479858,4.420556545257568,False
D4LensPINN,4,49,0,r90,H14_eff5,6.475609302520752,-4.630959510803223,-0.9728378057479858,4.420556545257568,False
D4LensPINN,4,49,0,r90,H14b_eff6,6.475609302520752,-4.630959510803223,-0.9728378057479858,4.420556545257568,False
D4LensPINN,4,49,0,r90,H15_before_gap,6.475609302520752,-4.630959510803223,-0.9728378057479858,4.420556545257568,False
D4LensPINN,4,49,0,r90,H16_after_gap,6.475609302520752,-4.630959510803223,-0.9728378057479858,4.420556545257568,False
D4LensPINN,4,49,0,r90,H17_pre_linear,6.475609302520752,-4.630959510803223,-0.9728378057479858,4.420556545257568,False
D4LensPINN,4,49,0,r180,H00_preprocess,6.2063398361206055,-4.368106365203857,-1.0518876314163208,4.281569004058838,False
D4LensPINN,4,49,0,r180,H01_enc1,6.2063398361206055,-4.368106365203857,-1.0518876314163208,4.281569004058838,False
D4LensPINN,4,49,0,r180,H02_enc2,4.632833957672119,-2.7562062740325928,-1.127687692642212,3.548915147781372,False
D4LensPINN,4,49,0,r180,H03_enc3,0.467786580324173,-0.28187108039855957,-0.009890209883451462,0.3731958866119385,False
D4LensPINN,4,49,0,r180,H04_bot,0.3951561152935028,-0.25157904624938965,0.01766090840101242,0.3042111396789551,False
D4LensPINN,4,49,0,r180,H08_kappa_out,6.2063398361206055,-4.368106365203857,-1.0518876314163208,4.281569004058838,False
D4LensPINN,4,49,0,r180,H09_poisson,0.44873863458633423,0.22521638870239258,-0.3668026030063629,0.12688493728637695,False
D4LensPINN,4,49,0,r180,H10_deflection,0.44873863458633423,0.22521638870239258,-0.3668026030063629,0.12688493728637695,False
D4LensPINN,4,49,0,r180,H11_inv_lens,22.73249626159668,-15.374602317810059,-7.5404767990112305,14.950894355773926,False
D4LensPINN,4,49,0,r180,H12_HANDOFF,2.9378607273101807,-2.342373847961426,0.4033401608467102,1.7267385721206665,False
D4LensPINN,4,49,0,r180,H12b_input_proj,2.9378607273101807,-2.342373847961426,0.4033401608467102,1.7267385721206665,False
D4LensPINN,4,49,0,r180,H13_eff3,2.9378607273101807,-2.342373847961426,0.4033401608467102,1.7267385721206665,False
D4LensPINN,4,49,0,r180,H13b_eff4,2.9378607273101807,-2.342373847961426,0.4033401608467102,1.7267385721206665,False
D4LensPINN,4,49,0,r180,H14_eff5,2.9378607273101807,-2.342373847961426,0.4033401608467102,1.7267385721206665,False
D4LensPINN,4,49,0,r180,H14b_eff6,2.9378607273101807,-2.342373847961426,0.4033401608467102,1.7267385721206665,False
D4LensPINN,4,49,0,r180,H15_before_gap,2.9378607273101807,-2.342373847961426,0.4033401608467102,1.7267385721206665,False
D4LensPINN,4,49,0,r180,H16_after_gap,2.9378607273101807,-2.342373847961426,0.4033401608467102,1.7267385721206665,False
D4LensPINN,4,49,0,r180,H17_pre_linear,2.9378607273101807,-2.342373847961426,0.4033401608467102,1.7267385721206665,False
D4LensPINN,4,49,0,r270,H00_preprocess,8.407632827758789,-7.147304534912109,0.03579304739832878,4.427533149719238,False
D4LensPINN,4,49,0,r270,H01_enc1,8.407632827758789,-7.147304534912109,0.03579304739832878,4.427533149719238,False
D4LensPINN,4,49,0,r270,H02_enc2,7.756232738494873,-6.529664039611816,-0.01457546278834343,4.185978889465332,False
D4LensPINN,4,49,0,r270,H03_enc3,9.24962329864502,-7.413315773010254,-0.6906678080558777,5.488284111022949,False
D4LensPINN,4,49,0,r270,H04_bot,8.235367774963379,-6.84967565536499,-0.03614101558923721,4.571861743927002,False
D4LensPINN,4,49,0,r270,H08_kappa_out,8.407632827758789,-7.147304534912109,0.03579304739832878,4.427533149719238,False
D4LensPINN,4,49,0,r270,H09_poisson,0.6131784915924072,-0.37633252143859863,-0.015522334724664688,0.4838602542877197,False
D4LensPINN,4,49,0,r270,H10_deflection,0.6131784915924072,-0.37633252143859863,-0.015522334724664688,0.4838602542877197,False
D4LensPINN,4,49,0,r270,H11_inv_lens,14.430354118347168,-9.590550422668457,-4.301142692565918,9.887194633483887,False
D4LensPINN,4,49,0,r270,H12_HANDOFF,8.22773551940918,-5.610923767089844,-1.9139792919158936,5.705247402191162,False
D4LensPINN,4,49,0,r270,H12b_input_proj,8.22773551940918,-5.610923767089844,-1.9139792919158936,5.705247402191162,False
D4LensPINN,4,49,0,r270,H13_eff3,8.22773551940918,-5.610923767089844,-1.9139792919158936,5.705247402191162,False
D4LensPINN,4,49,0,r270,H13b_eff4,8.22773551940918,-5.610923767089844,-1.9139792919158936,5.705247402191162,False
D4LensPINN,4,49,0,r270,H14_eff5,8.22773551940918,-5.610923767089844,-1.9139792919158936,5.705247402191162,False
D4LensPINN,4,49,0,r270,H14b_eff6,8.22773551940918,-5.610923767089844,-1.9139792919158936,5.705247402191162,False
D4LensPINN,4,49,0,r270,H15_before_gap,8.22773551940918,-5.610923767089844,-1.9139792919158936,5.705247402191162,False
D4LensPINN,4,49,0,r270,H16_after_gap,8.22773551940918,-5.610923767089844,-1.9139792919158936,5.705247402191162,False
D4LensPINN,4,49,0,r270,H17_pre_linear,8.22773551940918,-5.610923767089844,-1.9139792919158936,5.705247402191162,False
D4LensPINN,4,49,0,flip_h,H00_preprocess,0.9075226783752441,-0.6291506290435791,0.6351274251937866,-0.1561412811279297,False
D4LensPINN,4,49,0,flip_h,H01_enc1,0.9075226783752441,-0.6291506290435791,0.6351274251937866,-0.1561412811279297,False
D4LensPINN,4,49,0,flip_h,H02_enc2,3.4525749683380127,-2.7706093788146973,0.3051449954509735,2.03737211227417,False
D4LensPINN,4,49,0,flip_h,H03_enc3,1.6364995241165161,-1.2259228229522705,0.2856638729572296,1.0457724332809448,False
D4LensPINN,4,49,0,flip_h,H04_bot,1.3837602138519287,-1.0326478481292725,0.26060810685157776,0.8834670782089233,False
D4LensPINN,4,49,0,flip_h,H08_kappa_out,0.9075226783752441,-0.6291506290435791,0.6351274251937866,-0.1561412811279297,False
D4LensPINN,4,49,0,flip_h,H09_poisson,0.4947875738143921,0.26793599128723145,-0.4004274308681488,0.11261844635009766,False
D4LensPINN,4,49,0,flip_h,H10_deflection,0.4947875738143921,0.26793599128723145,-0.4004274308681488,0.11261844635009766,False
D4LensPINN,4,49,0,flip_h,H11_inv_lens,12.164851188659668,-8.178582191467285,-3.692737340927124,8.213288307189941,False
D4LensPINN,4,49,0,flip_h,H12_HANDOFF,2.0748581886291504,-1.3244738578796387,-0.05801188200712204,1.5960701704025269,False
D4LensPINN,4,49,0,flip_h,H12b_input_proj,2.0748581886291504,-1.3244738578796387,-0.05801188200712204,1.5960701704025269,False
D4LensPINN,4,49,0,flip_h,H13_eff3,2.0748581886291504,-1.3244738578796387,-0.05801188200712204,1.5960701704025269,False
D4LensPINN,4,49,0,flip_h,H13b_eff4,2.0748581886291504,-1.3244738578796387,-0.05801188200712204,1.5960701704025269,False
D4LensPINN,4,49,0,flip_h,H14_eff5,2.0748581886291504,-1.3244738578796387,-0.05801188200712204,1.5960701704025269,False
D4LensPINN,4,49,0,flip_h,H14b_eff6,2.0748581886291504,-1.3244738578796387,-0.05801188200712204,1.5960701704025269,False
D4LensPINN,4,49,0,flip_h,H15_before_gap,2.0748581886291504,-1.3244738578796387,-0.05801188200712204,1.5960701704025269,False
D4LensPINN,4,49,0,flip_h,H16_after_gap,2.0748581886291504,-1.3244738578796387,-0.05801188200712204,1.5960701704025269,False
D4LensPINN,4,49,0,flip_h,H17_pre_linear,2.0748581886291504,-1.3244738578796387,-0.05801188200712204,1.5960701704025269,False
D4LensPINN,4,49,0,flip_h_r90,H00_preprocess,5.8299150466918945,-5.185446739196777,1.1342318058013916,2.4109268188476562,False
D4LensPINN,4,49,0,flip_h_r90,H01_enc1,5.8299150466918945,-5.185446739196777,1.1342318058013916,2.4109268188476562,False
D4LensPINN,4,49,0,flip_h_r90,H02_enc2,3.9512038230895996,-3.3880298137664795,0.7297520637512207,1.8975579738616943,False
D4LensPINN,4,49,0,flip_h_r90,H03_enc3,7.836220741271973,-6.761088848114014,0.5553404092788696,3.922452211380005,False
D4LensPINN,4,49,0,flip_h_r90,H04_bot,7.245084285736084,-6.1592116355896,0.35307547450065613,3.7987756729125977,False
D4LensPINN,4,49,0,flip_h_r90,H08_kappa_out,5.8299150466918945,-5.185446739196777,1.1342318058013916,2.4109268188476562,False
D4LensPINN,4,49,0,flip_h_r90,H09_poisson,0.45975422859191895,-0.23779916763305664,-0.0690484344959259,0.3873729705810547,False
D4LensPINN,4,49,0,flip_h_r90,H10_deflection,0.45975422859191895,-0.23779916763305664,-0.0690484344959259,0.3873729705810547,False
D4LensPINN,4,49,0,flip_h_r90,H11_inv_lens,17.67388153076172,-11.835542678833008,-5.484454154968262,11.925048828125,False
D4LensPINN,4,49,0,flip_h_r90,H12_HANDOFF,7.344856262207031,-5.173449516296387,-1.3208280801773071,5.043584823608398,False
D4LensPINN,4,49,0,flip_h_r90,H12b_input_proj,7.344856262207031,-5.173449516296387,-1.3208280801773071,5.043584823608398,False
D4LensPINN,4,49,0,flip_h_r90,H13_eff3,7.344856262207031,-5.173449516296387,-1.3208280801773071,5.043584823608398,False
D4LensPINN,4,49,0,flip_h_r90,H13b_eff4,7.344856262207031,-5.173449516296387,-1.3208280801773071,5.043584823608398,False
D4LensPINN,4,49,0,flip_h_r90,H14_eff5,7.344856262207031,-5.173449516296387,-1.3208280801773071,5.043584823608398,False
D4LensPINN,4,49,0,flip_h_r90,H14b_eff6,7.344856262207031,-5.173449516296387,-1.3208280801773071,5.043584823608398,False
D4LensPINN,4,49,0,flip_h_r90,H15_before_gap,7.344856262207031,-5.173449516296387,-1.3208280801773071,5.043584823608398,False
D4LensPINN,4,49,0,flip_h_r90,H16_after_gap,7.344856262207031,-5.173449516296387,-1.3208280801773071,5.043584823608398,False
D4LensPINN,4,49,0,flip_h_r90,H17_pre_linear,7.344856262207031,-5.173449516296387,-1.3208280801773071,5.043584823608398,False
D4LensPINN,4,49,0,flip_h_r180,H00_preprocess,1.603462815284729,-1.3398380279541016,0.6758427619934082,0.5649459362030029,False
D4LensPINN,4,49,0,flip_h_r180,H01_enc1,1.603462815284729,-1.3398380279541016,0.6758427619934082,0.5649459362030029,False
D4LensPINN,4,49,0,flip_h_r180,H02_enc2,0.3022800087928772,-0.2386326789855957,0.1419171243906021,0.11952900886535645,False
D4LensPINN,4,49,0,flip_h_r180,H03_enc3,0.02755747176706791,0.020010709762573242,-0.004184290766716003,-0.018479108810424805,False
D4LensPINN,4,49,0,flip_h_r180,H04_bot,0.027240274474024773,-0.0004951953887939453,0.018678337335586548,-0.019821882247924805,False
D4LensPINN,4,49,0,flip_h_r180,H08_kappa_out,1.603462815284729,-1.3398380279541016,0.6758427619934082,0.5649459362030029,False
D4LensPINN,4,49,0,flip_h_r180,H09_poisson,0.46660393476486206,-0.3503086566925049,0.14876499772071838,0.26994824409484863,False
D4LensPINN,4,49,0,flip_h_r180,H10_deflection,0.46660393476486206,-0.3503086566925049,0.14876499772071838,0.26994824409484863,False
D4LensPINN,4,49,0,flip_h_r180,H11_inv_lens,25.259225845336914,-16.45128631591797,-8.526890754699707,17.16612434387207,False
D4LensPINN,4,49,0,flip_h_r180,H12_HANDOFF,0.8134556412696838,-0.5565435886383057,-0.00404633954167366,0.5932562351226807,False
D4LensPINN,4,49,0,flip_h_r180,H12b_input_proj,0.8134556412696838,-0.5565435886383057,-0.00404633954167366,0.5932562351226807,False
D4LensPINN,4,49,0,flip_h_r180,H13_eff3,0.8134556412696838,-0.5565435886383057,-0.00404633954167366,0.5932562351226807,False
D4LensPINN,4,49,0,flip_h_r180,H13b_eff4,0.8134556412696838,-0.5565435886383057,-0.00404633954167366,0.5932562351226807,False
D4LensPINN,4,49,0,flip_h_r180,H14_eff5,0.8134556412696838,-0.5565435886383057,-0.00404633954167366,0.5932562351226807,False
D4LensPINN,4,49,0,flip_h_r180,H14b_eff6,0.8134556412696838,-0.5565435886383057,-0.00404633954167366,0.5932562351226807,False
D4LensPINN,4,49,0,flip_h_r180,H15_before_gap,0.8134556412696838,-0.5565435886383057,-0.00404633954167366,0.5932562351226807,False
D4LensPINN,4,49,0,flip_h_r180,H16_after_gap,0.8134556412696838,-0.5565435886383057,-0.00404633954167366,0.5932562351226807,False
D4LensPINN,4,49,0,flip_h_r180,H17_pre_linear,0.8134556412696838,-0.5565435886383057,-0.00404633954167366,0.5932562351226807,False
D4LensPINN,4,49,0,flip_h_r270,H00_preprocess,5.893274784088135,-5.325808525085449,1.967268943786621,1.5799692869186401,False
D4LensPINN,4,49,0,flip_h_r270,H01_enc1,5.893274784088135,-5.325808525085449,1.967268943786621,1.5799692869186401,False
D4LensPINN,4,49,0,flip_h_r270,H02_enc2,3.8704099655151367,-3.0542571544647217,0.03868946060538292,2.3769917488098145,False
D4LensPINN,4,49,0,flip_h_r270,H03_enc3,8.953605651855469,-7.692461967468262,0.3253667652606964,4.570254802703857,False
D4LensPINN,4,49,0,flip_h_r270,H04_bot,7.86795711517334,-6.838926315307617,0.6389954090118408,3.8373847007751465,False
D4LensPINN,4,49,0,flip_h_r270,H08_kappa_out,5.893274784088135,-5.325808525085449,1.967268943786621,1.5799692869186401,False
D4LensPINN,4,49,0,flip_h_r270,H09_poisson,0.6279348134994507,-0.26059842109680176,-0.1865743100643158,0.5399820804595947,False
D4LensPINN,4,49,0,flip_h_r270,H10_deflection,0.6279348134994507,-0.26059842109680176,-0.1865743100643158,0.5399820804595947,False
D4LensPINN,4,49,0,flip_h_r270,H11_inv_lens,39.68648910522461,-26.566810607910156,-13.743473052978516,26.083309173583984,False
D4LensPINN,4,49,0,flip_h_r270,H12_HANDOFF,9.675987243652344,-6.54721736907959,-2.3883121013641357,6.712275505065918,False
D4LensPINN,4,49,0,flip_h_r270,H12b_input_proj,9.675987243652344,-6.54721736907959,-2.3883121013641357,6.712275505065918,False
D4LensPINN,4,49,0,flip_h_r270,H13_eff3,9.675987243652344,-6.54721736907959,-2.3883121013641357,6.712275505065918,False
D4LensPINN,4,49,0,flip_h_r270,H13b_eff4,9.675987243652344,-6.54721736907959,-2.3883121013641357,6.712275505065918,False
D4LensPINN,4,49,0,flip_h_r270,H14_eff5,9.675987243652344,-6.54721736907959,-2.3883121013641357,6.712275505065918,False
D4LensPINN,4,49,0,flip_h_r270,H14b_eff6,9.675987243652344,-6.54721736907959,-2.3883121013641357,6.712275505065918,False
D4LensPINN,4,49,0,flip_h_r270,H15_before_gap,9.675987243652344,-6.54721736907959,-2.3883121013641357,6.712275505065918,False
D4LensPINN,4,49,0,flip_h_r270,H16_after_gap,9.675987243652344,-6.54721736907959,-2.3883121013641357,6.712275505065918,False
D4LensPINN,4,49,0,flip_h_r270,H17_pre_linear,9.675987243652344,-6.54721736907959,-2.3883121013641357,6.712275505065918,False
D4LensPINN,5,62,0,e,H00_preprocess,0.0,0.0,0.0,0.0,False
D4LensPINN,5,62,0,e,H01_enc1,0.0,0.0,0.0,0.0,False
D4LensPINN,5,62,0,e,H02_enc2,0.0,0.0,0.0,0.0,False
D4LensPINN,5,62,0,e,H03_enc3,0.0,0.0,0.0,0.0,False
D4LensPINN,5,62,0,e,H04_bot,0.0,0.0,0.0,0.0,False
D4LensPINN,5,62,0,e,H08_kappa_out,0.0,0.0,0.0,0.0,False
D4LensPINN,5,62,0,e,H09_poisson,0.0,0.0,0.0,0.0,False
D4LensPINN,5,62,0,e,H10_deflection,0.0,0.0,0.0,0.0,False
D4LensPINN,5,62,0,e,H11_inv_lens,0.0,0.0,0.0,0.0,False
D4LensPINN,5,62,0,e,H12_HANDOFF,0.0,0.0,0.0,0.0,False
D4LensPINN,5,62,0,e,H12b_input_proj,0.0,0.0,0.0,0.0,False
D4LensPINN,5,62,0,e,H13_eff3,0.0,0.0,0.0,0.0,False
D4LensPINN,5,62,0,e,H13b_eff4,0.0,0.0,0.0,0.0,False
D4LensPINN,5,62,0,e,H14_eff5,0.0,0.0,0.0,0.0,False
D4LensPINN,5,62,0,e,H14b_eff6,0.0,0.0,0.0,0.0,False
D4LensPINN,5,62,0,e,H15_before_gap,0.0,0.0,0.0,0.0,False
D4LensPINN,5,62,0,e,H16_after_gap,0.0,0.0,0.0,0.0,False
D4LensPINN,5,62,0,e,H17_pre_linear,0.0,0.0,0.0,0.0,False
D4LensPINN,5,62,0,r90,H00_preprocess,4.4688334465026855,-3.496676445007324,0.12979114055633545,2.779726982116699,False
D4LensPINN,5,62,0,r90,H01_enc1,4.4688334465026855,-3.496676445007324,0.12979114055633545,2.779726982116699,False
D4LensPINN,5,62,0,r90,H02_enc2,3.2175416946411133,-2.271148920059204,-0.016201496124267578,2.2790777683258057,False
D4LensPINN,5,62,0,r90,H03_enc3,0.9863507151603699,-0.7474031448364258,0.27246910333633423,0.5831267833709717,False
D4LensPINN,5,62,0,r90,H04_bot,0.798072338104248,-0.5409038066864014,0.074817955493927,0.5820178985595703,False
D4LensPINN,5,62,0,r90,H08_kappa_out,4.4688334465026855,-3.496676445007324,0.12979114055633545,2.779726982116699,False
D4LensPINN,5,62,0,r90,H09_poisson,0.38419678807258606,-0.1185460090637207,0.30208539962768555,-0.20566582679748535,False
D4LensPINN,5,62,0,r90,H10_deflection,0.38419678807258606,-0.1185460090637207,0.30208539962768555,-0.20566582679748535,False
D4LensPINN,5,62,0,r90,H11_inv_lens,7.651435375213623,-5.027627468109131,-1.9493329524993896,5.428400039672852,False
D4LensPINN,5,62,0,r90,H12_HANDOFF,6.41938591003418,-5.022694110870361,-0.2833594083786011,3.987576484680176,False
D4LensPINN,5,62,0,r90,H12b_input_proj,6.41938591003418,-5.022694110870361,-0.2833594083786011,3.987576484680176,False
D4LensPINN,5,62,0,r90,H13_eff3,6.41938591003418,-5.022694110870361,-0.2833594083786011,3.987576484680176,False
D4LensPINN,5,62,0,r90,H13b_eff4,6.41938591003418,-5.022694110870361,-0.2833594083786011,3.987576484680176,False
D4LensPINN,5,62,0,r90,H14_eff5,6.41938591003418,-5.022694110870361,-0.2833594083786011,3.987576484680176,False
D4LensPINN,5,62,0,r90,H14b_eff6,6.41938591003418,-5.022694110870361,-0.2833594083786011,3.987576484680176,False
D4LensPINN,5,62,0,r90,H15_before_gap,6.41938591003418,-5.022694110870361,-0.2833594083786011,3.987576484680176,False
D4LensPINN,5,62,0,r90,H16_after_gap,6.41938591003418,-5.022694110870361,-0.2833594083786011,3.987576484680176,False
D4LensPINN,5,62,0,r90,H17_pre_linear,6.41938591003418,-5.022694110870361,-0.2833594083786011,3.987576484680176,False
D4LensPINN,5,62,0,r180,H00_preprocess,7.426117420196533,-6.469927787780762,0.7513169050216675,3.5668997764587402,False
D4LensPINN,5,62,0,r180,H01_enc1,7.426117420196533,-6.469927787780762,0.7513169050216675,3.5668997764587402,False
D4LensPINN,5,62,0,r180,H02_enc2,1.7991392612457275,-1.3514974117279053,0.4051072895526886,1.1163533926010132,False
D4LensPINN,5,62,0,r180,H03_enc3,0.3636634945869446,-0.155409574508667,0.2936444878578186,-0.14789152145385742,False
D4LensPINN,5,62,0,r180,H04_bot,0.23294569551944733,-0.07228517532348633,0.18478292226791382,-0.1220402717590332,False
D4LensPINN,5,62,0,r180,H08_kappa_out,7.426117420196533,-6.469927787780762,0.7513169050216675,3.5668997764587402,False
D4LensPINN,5,62,0,r180,H09_poisson,0.21427880227565765,0.0863656997680664,0.07748359441757202,-0.1801462173461914,False
D4LensPINN,5,62,0,r180,H10_deflection,0.21427880227565765,0.0863656997680664,0.07748359441757202,-0.1801462173461914,False
D4LensPINN,5,62,0,r180,H11_inv_lens,37.09430694580078,-26.112323760986328,-11.720077514648438,23.596057891845703,False
D4LensPINN,5,62,0,r180,H12_HANDOFF,1.5870885848999023,-1.0516457557678223,0.12966609001159668,1.1815574169158936,False
D4LensPINN,5,62,0,r180,H12b_input_proj,1.5870885848999023,-1.0516457557678223,0.12966609001159668,1.1815574169158936,False
D4LensPINN,5,62,0,r180,H13_eff3,1.5870885848999023,-1.0516457557678223,0.12966609001159668,1.1815574169158936,False
D4LensPINN,5,62,0,r180,H13b_eff4,1.5870885848999023,-1.0516457557678223,0.12966609001159668,1.1815574169158936,False
D4LensPINN,5,62,0,r180,H14_eff5,1.5870885848999023,-1.0516457557678223,0.12966609001159668,1.1815574169158936,False
D4LensPINN,5,62,0,r180,H14b_eff6,1.5870885848999023,-1.0516457557678223,0.12966609001159668,1.1815574169158936,False
D4LensPINN,5,62,0,r180,H15_before_gap,1.5870885848999023,-1.0516457557678223,0.12966609001159668,1.1815574169158936,False
D4LensPINN,5,62,0,r180,H16_after_gap,1.5870885848999023,-1.0516457557678223,0.12966609001159668,1.1815574169158936,False
D4LensPINN,5,62,0,r180,H17_pre_linear,1.5870885848999023,-1.0516457557678223,0.12966609001159668,1.1815574169158936,False
D4LensPINN,5,62,0,r270,H00_preprocess,3.431224822998047,-2.9586920738220215,1.128530502319336,1.3213112354278564,False
D4LensPINN,5,62,0,r270,H01_enc1,3.431224822998047,-2.9586920738220215,1.128530502319336,1.3213112354278564,False
D4LensPINN,5,62,0,r270,H02_enc2,2.624556064605713,-2.1961841583251953,1.0252387523651123,1.006953239440918,False
D4LensPINN,5,62,0,r270,H03_enc3,0.5823149085044861,-0.43213748931884766,0.19341200590133667,0.3390275239944458,False
D4LensPINN,5,62,0,r270,H04_bot,0.6919669508934021,-0.47173285484313965,0.0963996946811676,0.4969843626022339,False
D4LensPINN,5,62,0,r270,H08_kappa_out,3.431224822998047,-2.9586920738220215,1.128530502319336,1.3213112354278564,False
D4LensPINN,5,62,0,r270,H09_poisson,0.38810887932777405,-0.1233365535736084,0.30510959029197693,-0.20572972297668457,False
D4LensPINN,5,62,0,r270,H10_deflection,0.38810887932777405,-0.1233365535736084,0.30510959029197693,-0.20572972297668457,False
D4LensPINN,5,62,0,r270,H11_inv_lens,8.923715591430664,-6.775395393371582,-1.145707607269287,5.69333553314209,False
D4LensPINN,5,62,0,r270,H12_HANDOFF,4.896928787231445,-3.6070902347564697,-0.24971312284469604,3.3024919033050537,False
D4LensPINN,5,62,0,r270,H12b_input_proj,4.896928787231445,-3.6070902347564697,-0.24971312284469604,3.3024919033050537,False
D4LensPINN,5,62,0,r270,H13_eff3,4.896928787231445,-3.6070902347564697,-0.24971312284469604,3.3024919033050537,False
D4LensPINN,5,62,0,r270,H13b_eff4,4.896928787231445,-3.6070902347564697,-0.24971312284469604,3.3024919033050537,False
D4LensPINN,5,62,0,r270,H14_eff5,4.896928787231445,-3.6070902347564697,-0.24971312284469604,3.3024919033050537,False
D4LensPINN,5,62,0,r270,H14b_eff6,4.896928787231445,-3.6070902347564697,-0.24971312284469604,3.3024919033050537,False
D4LensPINN,5,62,0,r270,H15_before_gap,4.896928787231445,-3.6070902347564697,-0.24971312284469604,3.3024919033050537,False
D4LensPINN,5,62,0,r270,H16_after_gap,4.896928787231445,-3.6070902347564697,-0.24971312284469604,3.3024919033050537,False
D4LensPINN,5,62,0,r270,H17_pre_linear,4.896928787231445,-3.6070902347564697,-0.24971312284469604,3.3024919033050537,False
D4LensPINN,5,62,0,flip_h,H00_preprocess,0.5458911061286926,0.17334914207458496,-0.45500487089157104,0.24681520462036133,False
D4LensPINN,5,62,0,flip_h,H01_enc1,0.5458911061286926,0.17334914207458496,-0.45500487089157104,0.24681520462036133,False
D4LensPINN,5,62,0,flip_h,H02_enc2,0.5517638921737671,0.15978026390075684,-0.45553189516067505,0.2672159671783447,False
D4LensPINN,5,62,0,flip_h,H03_enc3,0.2920576333999634,-0.22388339042663574,0.17599862813949585,0.06479477882385254,False
D4LensPINN,5,62,0,flip_h,H04_bot,0.30106091499328613,-0.23421883583068848,0.17014169692993164,0.08264994621276855,False
D4LensPINN,5,62,0,flip_h,H08_kappa_out,0.5458911061286926,0.17334914207458496,-0.45500487089157104,0.24681520462036133,False
D4LensPINN,5,62,0,flip_h,H09_poisson,0.0754229724407196,0.04053783416748047,0.008766651153564453,-0.06299567222595215,False
D4LensPINN,5,62,0,flip_h,H10_deflection,0.0754229724407196,0.04053783416748047,0.008766651153564453,-0.06299567222595215,False
D4LensPINN,5,62,0,flip_h,H11_inv_lens,8.764839172363281,-6.338099002838135,-1.6743755340576172,5.817850112915039,False
D4LensPINN,5,62,0,flip_h,H12_HANDOFF,1.9684957265853882,-1.2102868556976318,-0.03901362419128418,1.551985502243042,False
D4LensPINN,5,62,0,flip_h,H12b_input_proj,1.9684957265853882,-1.2102868556976318,-0.03901362419128418,1.551985502243042,False
D4LensPINN,5,62,0,flip_h,H13_eff3,1.9684957265853882,-1.2102868556976318,-0.03901362419128418,1.551985502243042,False
D4LensPINN,5,62,0,flip_h,H13b_eff4,1.9684957265853882,-1.2102868556976318,-0.03901362419128418,1.551985502243042,False
D4LensPINN,5,62,0,flip_h,H14_eff5,1.9684957265853882,-1.2102868556976318,-0.03901362419128418,1.551985502243042,False
D4LensPINN,5,62,0,flip_h,H14b_eff6,1.9684957265853882,-1.2102868556976318,-0.03901362419128418,1.551985502243042,False
D4LensPINN,5,62,0,flip_h,H15_before_gap,1.9684957265853882,-1.2102868556976318,-0.03901362419128418,1.551985502243042,False
D4LensPINN,5,62,0,flip_h,H16_after_gap,1.9684957265853882,-1.2102868556976318,-0.03901362419128418,1.551985502243042,False
D4LensPINN,5,62,0,flip_h,H17_pre_linear,1.9684957265853882,-1.2102868556976318,-0.03901362419128418,1.551985502243042,False
D4LensPINN,5,62,0,flip_h_r90,H00_preprocess,3.718637228012085,-3.126032829284668,0.8157711029052734,1.8413851261138916,False
D4LensPINN,5,62,0,flip_h_r90,H01_enc1,3.718637228012085,-3.126032829284668,0.8157711029052734,1.8413851261138916,False
D4LensPINN,5,62,0,flip_h_r90,H02_enc2,2.547287940979004,-1.9268755912780762,0.35294488072395325,1.6282678842544556,False
D4LensPINN,5,62,0,flip_h_r90,H03_enc3,1.0728423595428467,-0.8099215030670166,0.3094363212585449,0.6318758726119995,False
D4LensPINN,5,62,0,flip_h_r90,H04_bot,0.8582232594490051,-0.629464864730835,0.2136783003807068,0.5428284406661987,False
D4LensPINN,5,62,0,flip_h_r90,H08_kappa_out,3.718637228012085,-3.126032829284668,0.8157711029052734,1.8413851261138916,False
D4LensPINN,5,62,0,flip_h_r90,H09_poisson,0.46387866139411926,-0.21459627151489258,0.37368863821029663,-0.1717226505279541,False
D4LensPINN,5,62,0,flip_h_r90,H10_deflection,0.46387866139411926,-0.21459627151489258,0.37368863821029663,-0.1717226505279541,False
D4LensPINN,5,62,0,flip_h_r90,H11_inv_lens,11.591865539550781,-7.80099630355835,-3.39213490486145,7.874593734741211,False
D4LensPINN,5,62,0,flip_h_r90,H12_HANDOFF,5.167947292327881,-3.945598840713501,-0.16995447874069214,3.3333230018615723,False
D4LensPINN,5,62,0,flip_h_r90,H12b_input_proj,5.167947292327881,-3.945598840713501,-0.16995447874069214,3.3333230018615723,False
D4LensPINN,5,62,0,flip_h_r90,H13_eff3,5.167947292327881,-3.945598840713501,-0.16995447874069214,3.3333230018615723,False
D4LensPINN,5,62,0,flip_h_r90,H13b_eff4,5.167947292327881,-3.945598840713501,-0.16995447874069214,3.3333230018615723,False
D4LensPINN,5,62,0,flip_h_r90,H14_eff5,5.167947292327881,-3.945598840713501,-0.16995447874069214,3.3333230018615723,False
D4LensPINN,5,62,0,flip_h_r90,H14b_eff6,5.167947292327881,-3.945598840713501,-0.16995447874069214,3.3333230018615723,False
D4LensPINN,5,62,0,flip_h_r90,H15_before_gap,5.167947292327881,-3.945598840713501,-0.16995447874069214,3.3333230018615723,False
D4LensPINN,5,62,0,flip_h_r90,H16_after_gap,5.167947292327881,-3.945598840713501,-0.16995447874069214,3.3333230018615723,False
D4LensPINN,5,62,0,flip_h_r90,H17_pre_linear,5.167947292327881,-3.945598840713501,-0.16995447874069214,3.3333230018615723,False
D4LensPINN,5,62,0,flip_h_r180,H00_preprocess,6.974711894989014,-6.090118408203125,0.8281601071357727,3.297152519226074,False
D4LensPINN,5,62,0,flip_h_r180,H01_enc1,6.974711894989014,-6.090118408203125,0.8281601071357727,3.297152519226074,False
D4LensPINN,5,62,0,flip_h_r180,H02_enc2,3.774102210998535,-3.228257179260254,0.8958499431610107,1.737715482711792,False
D4LensPINN,5,62,0,flip_h_r180,H03_enc3,0.3231690227985382,-0.2413177490234375,0.19034641981124878,0.09986090660095215,False
D4LensPINN,5,62,0,flip_h_r180,H04_bot,0.29715368151664734,-0.22677040100097656,0.1598048210144043,0.10647964477539062,False
D4LensPINN,5,62,0,flip_h_r180,H08_kappa_out,6.974711894989014,-6.090118408203125,0.8281601071357727,3.297152519226074,False
D4LensPINN,5,62,0,flip_h_r180,H09_poisson,0.23859569430351257,0.13595247268676758,0.03634488582611084,-0.19267559051513672,False
D4LensPINN,5,62,0,flip_h_r180,H10_deflection,0.23859569430351257,0.13595247268676758,0.03634488582611084,-0.19267559051513672,False
D4LensPINN,5,62,0,flip_h_r180,H11_inv_lens,32.198848724365234,-21.445758819580078,-10.992839813232422,21.35422134399414,False
D4LensPINN,5,62,0,flip_h_r180,H12_HANDOFF,1.652522325515747,-1.1597349643707275,0.2706905007362366,1.1456751823425293,False
D4LensPINN,5,62,0,flip_h_r180,H12b_input_proj,1.652522325515747,-1.1597349643707275,0.2706905007362366,1.1456751823425293,False
D4LensPINN,5,62,0,flip_h_r180,H13_eff3,1.652522325515747,-1.1597349643707275,0.2706905007362366,1.1456751823425293,False
D4LensPINN,5,62,0,flip_h_r180,H13b_eff4,1.652522325515747,-1.1597349643707275,0.2706905007362366,1.1456751823425293,False
D4LensPINN,5,62,0,flip_h_r180,H14_eff5,1.652522325515747,-1.1597349643707275,0.2706905007362366,1.1456751823425293,False
D4LensPINN,5,62,0,flip_h_r180,H14b_eff6,1.652522325515747,-1.1597349643707275,0.2706905007362366,1.1456751823425293,False
D4LensPINN,5,62,0,flip_h_r180,H15_before_gap,1.652522325515747,-1.1597349643707275,0.2706905007362366,1.1456751823425293,False
D4LensPINN,5,62,0,flip_h_r180,H16_after_gap,1.652522325515747,-1.1597349643707275,0.2706905007362366,1.1456751823425293,False
D4LensPINN,5,62,0,flip_h_r180,H17_pre_linear,1.652522325515747,-1.1597349643707275,0.2706905007362366,1.1456751823425293,False
D4LensPINN,5,62,0,flip_h_r270,H00_preprocess,2.8477470874786377,-2.4097423553466797,1.364391803741455,0.6642589569091797,False
D4LensPINN,5,62,0,flip_h_r270,H01_enc1,2.8477470874786377,-2.4097423553466797,1.364391803741455,0.6642589569091797,False
D4LensPINN,5,62,0,flip_h_r270,H02_enc2,2.025318145751953,-1.658551573753357,0.8176005482673645,0.826225996017456,False
D4LensPINN,5,62,0,flip_h_r270,H03_enc3,0.6230159997940063,-0.4678835868835449,0.321851909160614,0.25621330738067627,False
D4LensPINN,5,62,0,flip_h_r270,H04_bot,0.7382908463478088,-0.5260708332061768,0.17864453792572021,0.48621904850006104,False
D4LensPINN,5,62,0,flip_h_r270,H08_kappa_out,2.8477470874786377,-2.4097423553466797,1.364391803741455,0.6642589569091797,False
D4LensPINN,5,62,0,flip_h_r270,H09_poisson,0.38656505942344666,-0.1707305908203125,0.30964457988739014,-0.15621733665466309,False
D4LensPINN,5,62,0,flip_h_r270,H10_deflection,0.38656505942344666,-0.1707305908203125,0.30964457988739014,-0.15621733665466309,False
D4LensPINN,5,62,0,flip_h_r270,H11_inv_lens,10.206417083740234,-7.782474040985107,-1.50917649269104,6.428564071655273,False
D4LensPINN,5,62,0,flip_h_r270,H12_HANDOFF,3.8858189582824707,-2.6499009132385254,-0.2741411328315735,2.828862190246582,False
D4LensPINN,5,62,0,flip_h_r270,H12b_input_proj,3.8858189582824707,-2.6499009132385254,-0.2741411328315735,2.828862190246582,False
D4LensPINN,5,62,0,flip_h_r270,H13_eff3,3.8858189582824707,-2.6499009132385254,-0.2741411328315735,2.828862190246582,False
D4LensPINN,5,62,0,flip_h_r270,H13b_eff4,3.8858189582824707,-2.6499009132385254,-0.2741411328315735,2.828862190246582,False
D4LensPINN,5,62,0,flip_h_r270,H14_eff5,3.8858189582824707,-2.6499009132385254,-0.2741411328315735,2.828862190246582,False
D4LensPINN,5,62,0,flip_h_r270,H14b_eff6,3.8858189582824707,-2.6499009132385254,-0.2741411328315735,2.828862190246582,False
D4LensPINN,5,62,0,flip_h_r270,H15_before_gap,3.8858189582824707,-2.6499009132385254,-0.2741411328315735,2.828862190246582,False
D4LensPINN,5,62,0,flip_h_r270,H16_after_gap,3.8858189582824707,-2.6499009132385254,-0.2741411328315735,2.828862190246582,False
D4LensPINN,5,62,0,flip_h_r270,H17_pre_linear,3.8858189582824707,-2.6499009132385254,-0.2741411328315735,2.828862190246582,False
D4LensPINN,6,80,2,e,H00_preprocess,0.0,0.0,0.0,0.0,False
D4LensPINN,6,80,2,e,H01_enc1,0.0,0.0,0.0,0.0,False
D4LensPINN,6,80,2,e,H02_enc2,0.0,0.0,0.0,0.0,False
D4LensPINN,6,80,2,e,H03_enc3,0.0,0.0,0.0,0.0,False
D4LensPINN,6,80,2,e,H04_bot,0.0,0.0,0.0,0.0,False
D4LensPINN,6,80,2,e,H08_kappa_out,0.0,0.0,0.0,0.0,False
D4LensPINN,6,80,2,e,H09_poisson,0.0,0.0,0.0,0.0,False
D4LensPINN,6,80,2,e,H10_deflection,0.0,0.0,0.0,0.0,False
D4LensPINN,6,80,2,e,H11_inv_lens,0.0,0.0,0.0,0.0,False
D4LensPINN,6,80,2,e,H12_HANDOFF,0.0,0.0,0.0,0.0,False
D4LensPINN,6,80,2,e,H12b_input_proj,0.0,0.0,0.0,0.0,False
D4LensPINN,6,80,2,e,H13_eff3,0.0,0.0,0.0,0.0,False
D4LensPINN,6,80,2,e,H13b_eff4,0.0,0.0,0.0,0.0,False
D4LensPINN,6,80,2,e,H14_eff5,0.0,0.0,0.0,0.0,False
D4LensPINN,6,80,2,e,H14b_eff6,0.0,0.0,0.0,0.0,False
D4LensPINN,6,80,2,e,H15_before_gap,0.0,0.0,0.0,0.0,False
D4LensPINN,6,80,2,e,H16_after_gap,0.0,0.0,0.0,0.0,False
D4LensPINN,6,80,2,e,H17_pre_linear,0.0,0.0,0.0,0.0,False
D4LensPINN,6,80,2,r90,H00_preprocess,5.507025241851807,2.101149082183838,3.0455901622772217,-4.078833103179932,False
D4LensPINN,6,80,2,r90,H01_enc1,5.507025241851807,2.101149082183838,3.0455901622772217,-4.078833103179932,False
D4LensPINN,6,80,2,r90,H02_enc2,5.78379487991333,2.153731346130371,3.227064371109009,-4.289496898651123,False
D4LensPINN,6,80,2,r90,H03_enc3,0.725094199180603,0.1063528060913086,0.46729159355163574,-0.5441408157348633,False
D4LensPINN,6,80,2,r90,H04_bot,0.7697145938873291,-0.025760650634765625,0.539894700050354,-0.5480060577392578,False
D4LensPINN,6,80,2,r90,H08_kappa_out,5.507025241851807,2.101149082183838,3.0455901622772217,-4.078833103179932,False
D4LensPINN,6,80,2,r90,H09_poisson,0.2524699866771698,0.09713077545166016,0.13714194297790527,-0.18841123580932617,False
D4LensPINN,6,80,2,r90,H10_deflection,0.2524699866771698,0.09713077545166016,0.13714194297790527,-0.18841123580932617,False
D4LensPINN,6,80,2,r90,H11_inv_lens,5.62083101272583,5.363530158996582,-1.1190966367721558,-1.2545557022094727,False
D4LensPINN,6,80,2,r90,H12_HANDOFF,2.4203851222991943,0.9275922775268555,1.3804841041564941,-1.758436918258667,False
D4LensPINN,6,80,2,r90,H12b_input_proj,2.4203851222991943,0.9275922775268555,1.3804841041564941,-1.758436918258667,False
D4LensPINN,6,80,2,r90,H13_eff3,2.4203851222991943,0.9275922775268555,1.3804841041564941,-1.758436918258667,False
D4LensPINN,6,80,2,r90,H13b_eff4,2.4203851222991943,0.9275922775268555,1.3804841041564941,-1.758436918258667,False
D4LensPINN,6,80,2,r90,H14_eff5,2.4203851222991943,0.9275922775268555,1.3804841041564941,-1.758436918258667,False
D4LensPINN,6,80,2,r90,H14b_eff6,2.4203851222991943,0.9275922775268555,1.3804841041564941,-1.758436918258667,False
D4LensPINN,6,80,2,r90,H15_before_gap,2.4203851222991943,0.9275922775268555,1.3804841041564941,-1.758436918258667,False
D4LensPINN,6,80,2,r90,H16_after_gap,2.4203851222991943,0.9275922775268555,1.3804841041564941,-1.758436918258667,False
D4LensPINN,6,80,2,r90,H17_pre_linear,2.4203851222991943,0.9275922775268555,1.3804841041564941,-1.758436918258667,False
D4LensPINN,6,80,2,r180,H00_preprocess,1.878305196762085,-1.1559233665466309,1.294102430343628,-0.7191457748413086,False
D4LensPINN,6,80,2,r180,H01_enc1,1.878305196762085,-1.1559233665466309,1.294102430343628,-0.7191457748413086,False
D4LensPINN,6,80,2,r180,H02_enc2,1.4939044713974,0.10280752182006836,1.0324616432189941,-1.0748043060302734,False
D4LensPINN,6,80,2,r180,H03_enc3,1.7220243215560913,0.16382408142089844,1.1950838565826416,-1.2289443016052246,False
D4LensPINN,6,80,2,r180,H04_bot,0.8931424617767334,-0.1538372039794922,0.6754354238510132,-0.5637593269348145,False
D4LensPINN,6,80,2,r180,H08_kappa_out,1.878305196762085,-1.1559233665466309,1.294102430343628,-0.7191457748413086,False
D4LensPINN,6,80,2,r180,H09_poisson,0.666252076625824,-0.22641372680664062,-0.3940321207046509,0.48720359802246094,False
D4LensPINN,6,80,2,r180,H10_deflection,0.666252076625824,-0.22641372680664062,-0.3940321207046509,0.48720359802246094,False
D4LensPINN,6,80,2,r180,H11_inv_lens,5.351122856140137,-0.32265186309814453,-3.960559368133545,3.5839061737060547,False
D4LensPINN,6,80,2,r180,H12_HANDOFF,2.2524521350860596,-0.3493990898132324,1.6903667449951172,-1.4471077919006348,False
D4LensPINN,6,80,2,r180,H12b_input_proj,2.2524521350860596,-0.3493990898132324,1.6903667449951172,-1.4471077919006348,False
D4LensPINN,6,80,2,r180,H13_eff3,2.2524521350860596,-0.3493990898132324,1.6903667449951172,-1.4471077919006348,False
D4LensPINN,6,80,2,r180,H13b_eff4,2.2524521350860596,-0.3493990898132324,1.6903667449951172,-1.4471077919006348,False
D4LensPINN,6,80,2,r180,H14_eff5,2.2524521350860596,-0.3493990898132324,1.6903667449951172,-1.4471077919006348,False
D4LensPINN,6,80,2,r180,H14b_eff6,2.2524521350860596,-0.3493990898132324,1.6903667449951172,-1.4471077919006348,False
D4LensPINN,6,80,2,r180,H15_before_gap,2.2524521350860596,-0.3493990898132324,1.6903667449951172,-1.4471077919006348,False
D4LensPINN,6,80,2,r180,H16_after_gap,2.2524521350860596,-0.3493990898132324,1.6903667449951172,-1.4471077919006348,False
D4LensPINN,6,80,2,r180,H17_pre_linear,2.2524521350860596,-0.3493990898132324,1.6903667449951172,-1.4471077919006348,False
D4LensPINN,6,80,2,r270,H00_preprocess,2.4217889308929443,1.0149078369140625,1.2794795036315918,-1.788282871246338,False
D4LensPINN,6,80,2,r270,H01_enc1,2.4217889308929443,1.0149078369140625,1.2794795036315918,-1.788282871246338,False
D4LensPINN,6,80,2,r270,H02_enc2,1.9496870040893555,1.6893177032470703,0.13924777507781982,-0.9633769989013672,False
D4LensPINN,6,80,2,r270,H03_enc3,0.7666767239570618,0.15741348266601562,0.4788261651992798,-0.5777020454406738,False
D4LensPINN,6,80,2,r270,H04_bot,0.24335405230522156,0.05831432342529297,0.1343313455581665,-0.19435977935791016,False
D4LensPINN,6,80,2,r270,H08_kappa_out,2.4217889308929443,1.0149078369140625,1.2794795036315918,-1.788282871246338,False
D4LensPINN,6,80,2,r270,H09_poisson,0.5386351943016052,0.21337223052978516,0.29929685592651367,-0.39372777938842773,False
D4LensPINN,6,80,2,r270,H10_deflection,0.5386351943016052,0.21337223052978516,0.29929685592651367,-0.39372777938842773,False
D4LensPINN,6,80,2,r270,H11_inv_lens,7.1249165534973145,-2.011112689971924,-4.553899765014648,5.097240447998047,False
D4LensPINN,6,80,2,r270,H12_HANDOFF,3.8282508850097656,2.5342483520507812,1.3924214839935303,-2.5088348388671875,False
D4LensPINN,6,80,2,r270,H12b_input_proj,3.8282508850097656,2.5342483520507812,1.3924214839935303,-2.5088348388671875,False
D4LensPINN,6,80,2,r270,H13_eff3,3.8282508850097656,2.5342483520507812,1.3924214839935303,-2.5088348388671875,False
D4LensPINN,6,80,2,r270,H13b_eff4,3.8282508850097656,2.5342483520507812,1.3924214839935303,-2.5088348388671875,False
D4LensPINN,6,80,2,r270,H14_eff5,3.8282508850097656,2.5342483520507812,1.3924214839935303,-2.5088348388671875,False
D4LensPINN,6,80,2,r270,H14b_eff6,3.8282508850097656,2.5342483520507812,1.3924214839935303,-2.5088348388671875,False
D4LensPINN,6,80,2,r270,H15_before_gap,3.8282508850097656,2.5342483520507812,1.3924214839935303,-2.5088348388671875,False
D4LensPINN,6,80,2,r270,H16_after_gap,3.8282508850097656,2.5342483520507812,1.3924214839935303,-2.5088348388671875,False
D4LensPINN,6,80,2,r270,H17_pre_linear,3.8282508850097656,2.5342483520507812,1.3924214839935303,-2.5088348388671875,False
D4LensPINN,6,80,2,flip_h,H00_preprocess,8.290925025939941,1.111556053161621,5.603610515594482,-6.008612632751465,False
D4LensPINN,6,80,2,flip_h,H01_enc1,8.290925025939941,1.111556053161621,5.603610515594482,-6.008612632751465,False
D4LensPINN,6,80,2,flip_h,H02_enc2,6.942439556121826,1.2216277122497559,4.602231502532959,-5.052183151245117,False
D4LensPINN,6,80,2,flip_h,H03_enc3,0.5838908553123474,-0.47957658767700195,-0.08818614482879639,0.3211822509765625,False
D4LensPINN,6,80,2,flip_h,H04_bot,0.7562691569328308,-0.5881023406982422,-0.16830933094024658,0.44469165802001953,False
D4LensPINN,6,80,2,flip_h,H08_kappa_out,8.290925025939941,1.111556053161621,5.603610515594482,-6.008612632751465,False
D4LensPINN,6,80,2,flip_h,H09_poisson,0.563842236995697,0.23638439178466797,0.31174635887145996,-0.4060230255126953,False
D4LensPINN,6,80,2,flip_h,H10_deflection,0.563842236995697,0.23638439178466797,0.31174635887145996,-0.4060230255126953,False
D4LensPINN,6,80,2,flip_h,H11_inv_lens,4.8609113693237305,4.6117706298828125,-1.1762946844100952,-0.9881105422973633,False
D4LensPINN,6,80,2,flip_h,H12_HANDOFF,1.5770231485366821,-0.06420516967773438,1.12982976436615,-1.09834623336792,False
D4LensPINN,6,80,2,flip_h,H12b_input_proj,1.5770231485366821,-0.06420516967773438,1.12982976436615,-1.09834623336792,False
D4LensPINN,6,80,2,flip_h,H13_eff3,1.5770231485366821,-0.06420516967773438,1.12982976436615,-1.09834623336792,False
D4LensPINN,6,80,2,flip_h,H13b_eff4,1.5770231485366821,-0.06420516967773438,1.12982976436615,-1.09834623336792,False
D4LensPINN,6,80,2,flip_h,H14_eff5,1.5770231485366821,-0.06420516967773438,1.12982976436615,-1.09834623336792,False
D4LensPINN,6,80,2,flip_h,H14b_eff6,1.5770231485366821,-0.06420516967773438,1.12982976436615,-1.09834623336792,False
D4LensPINN,6,80,2,flip_h,H15_before_gap,1.5770231485366821,-0.06420516967773438,1.12982976436615,-1.09834623336792,False
D4LensPINN,6,80,2,flip_h,H16_after_gap,1.5770231485366821,-0.06420516967773438,1.12982976436615,-1.09834623336792,False
D4LensPINN,6,80,2,flip_h,H17_pre_linear,1.5770231485366821,-0.06420516967773438,1.12982976436615,-1.09834623336792,False
D4LensPINN,6,80,2,flip_h_r90,H00_preprocess,1.7416852712631226,-0.36603593826293945,-1.153912901878357,1.2521862983703613,False
D4LensPINN,6,80,2,flip_h_r90,H01_enc1,1.7416852712631226,-0.36603593826293945,-1.153912901878357,1.2521862983703613,False
D4LensPINN,6,80,2,flip_h_r90,H02_enc2,1.482397198677063,0.04720306396484375,-1.1021281480789185,0.9902458190917969,False
D4LensPINN,6,80,2,flip_h_r90,H03_enc3,1.5975522994995117,0.7326703071594238,0.815557599067688,-1.1619954109191895,False
D4LensPINN,6,80,2,flip_h_r90,H04_bot,0.9346959590911865,0.5788846015930176,0.3610488176345825,-0.6388998031616211,False
D4LensPINN,6,80,2,flip_h_r90,H08_kappa_out,1.7416852712631226,-0.36603593826293945,-1.153912901878357,1.2521862983703613,False
D4LensPINN,6,80,2,flip_h_r90,H09_poisson,0.24041281640529633,0.068511962890625,0.1471165418624878,-0.17737293243408203,False
D4LensPINN,6,80,2,flip_h_r90,H10_deflection,0.24041281640529633,0.068511962890625,0.1471165418624878,-0.17737293243408203,False
D4LensPINN,6,80,2,flip_h_r90,H11_inv_lens,3.5129520893096924,3.2648353576660156,-1.2748507261276245,-0.23756790161132812,False
D4LensPINN,6,80,2,flip_h_r90,H12_HANDOFF,0.9669502973556519,0.726344108581543,-0.5929661989212036,0.2362375259399414,False
D4LensPINN,6,80,2,flip_h_r90,H12b_input_proj,0.9669502973556519,0.726344108581543,-0.5929661989212036,0.2362375259399414,False
D4LensPINN,6,80,2,flip_h_r90,H13_eff3,0.9669502973556519,0.726344108581543,-0.5929661989212036,0.2362375259399414,False
D4LensPINN,6,80,2,flip_h_r90,H13b_eff4,0.9669502973556519,0.726344108581543,-0.5929661989212036,0.2362375259399414,False
D4LensPINN,6,80,2,flip_h_r90,H14_eff5,0.9669502973556519,0.726344108581543,-0.5929661989212036,0.2362375259399414,False
D4LensPINN,6,80,2,flip_h_r90,H14b_eff6,0.9669502973556519,0.726344108581543,-0.5929661989212036,0.2362375259399414,False
D4LensPINN,6,80,2,flip_h_r90,H15_before_gap,0.9669502973556519,0.726344108581543,-0.5929661989212036,0.2362375259399414,False
D4LensPINN,6,80,2,flip_h_r90,H16_after_gap,0.9669502973556519,0.726344108581543,-0.5929661989212036,0.2362375259399414,False
D4LensPINN,6,80,2,flip_h_r90,H17_pre_linear,0.9669502973556519,0.726344108581543,-0.5929661989212036,0.2362375259399414,False
D4LensPINN,6,80,2,flip_h_r180,H00_preprocess,5.474775314331055,0.6474885940551758,3.7246599197387695,-3.9599032402038574,False
D4LensPINN,6,80,2,flip_h_r180,H01_enc1,5.474775314331055,0.6474885940551758,3.7246599197387695,-3.9599032402038574,False
D4LensPINN,6,80,2,flip_h_r180,H02_enc2,5.212898254394531,1.5350761413574219,3.1555025577545166,-3.854951858520508,False
D4LensPINN,6,80,2,flip_h_r180,H03_enc3,0.270699679851532,-0.15508270263671875,0.18932247161865234,-0.115692138671875,False
D4LensPINN,6,80,2,flip_h_r180,H04_bot,0.3805684447288513,-0.3025341033935547,-0.07278549671173096,0.21910667419433594,False
D4LensPINN,6,80,2,flip_h_r180,H08_kappa_out,5.474775314331055,0.6474885940551758,3.7246599197387695,-3.9599032402038574,False
D4LensPINN,6,80,2,flip_h_r180,H09_poisson,0.19197143614292145,0.17627906799316406,-0.00951242446899414,-0.07542037963867188,False
D4LensPINN,6,80,2,flip_h_r180,H10_deflection,0.19197143614292145,0.17627906799316406,-0.00951242446899414,-0.07542037963867188,False
D4LensPINN,6,80,2,flip_h_r180,H11_inv_lens,27.092453002929688,-15.903144836425781,-12.088079452514648,18.302165985107422,False
D4LensPINN,6,80,2,flip_h_r180,H12_HANDOFF,2.0645437240600586,0.6294479370117188,1.3046317100524902,-1.471078634262085,False
D4LensPINN,6,80,2,flip_h_r180,H12b_input_proj,2.0645437240600586,0.6294479370117188,1.3046317100524902,-1.471078634262085,False
D4LensPINN,6,80,2,flip_h_r180,H13_eff3,2.0645437240600586,0.6294479370117188,1.3046317100524902,-1.471078634262085,False
D4LensPINN,6,80,2,flip_h_r180,H13b_eff4,2.0645437240600586,0.6294479370117188,1.3046317100524902,-1.471078634262085,False
D4LensPINN,6,80,2,flip_h_r180,H14_eff5,2.0645437240600586,0.6294479370117188,1.3046317100524902,-1.471078634262085,False
D4LensPINN,6,80,2,flip_h_r180,H14b_eff6,2.0645437240600586,0.6294479370117188,1.3046317100524902,-1.471078634262085,False
D4LensPINN,6,80,2,flip_h_r180,H15_before_gap,2.0645437240600586,0.6294479370117188,1.3046317100524902,-1.471078634262085,False
D4LensPINN,6,80,2,flip_h_r180,H16_after_gap,2.0645437240600586,0.6294479370117188,1.3046317100524902,-1.471078634262085,False
D4LensPINN,6,80,2,flip_h_r180,H17_pre_linear,2.0645437240600586,0.6294479370117188,1.3046317100524902,-1.471078634262085,False
D4LensPINN,6,80,2,flip_h_r270,H00_preprocess,4.043578147888184,2.0229616165161133,2.0084104537963867,-2.867828130722046,False
D4LensPINN,6,80,2,flip_h_r270,H01_enc1,4.043578147888184,2.0229616165161133,2.0084104537963867,-2.867828130722046,False
D4LensPINN,6,80,2,flip_h_r270,H02_enc2,3.893986225128174,1.9204959869384766,1.9614918231964111,-2.7617697715759277,False
D4LensPINN,6,80,2,flip_h_r270,H03_enc3,0.25351908802986145,0.04514884948730469,-0.20420539379119873,0.1432957649230957,False
D4LensPINN,6,80,2,flip_h_r270,H04_bot,0.23770099878311157,0.07329416275024414,-0.19240844249725342,0.11878013610839844,False
D4LensPINN,6,80,2,flip_h_r270,H08_kappa_out,4.043578147888184,2.0229616165161133,2.0084104537963867,-2.867828130722046,False
D4LensPINN,6,80,2,flip_h_r270,H09_poisson,0.10966487973928452,-0.033686161041259766,-0.07630336284637451,0.07119989395141602,False
D4LensPINN,6,80,2,flip_h_r270,H10_deflection,0.10966487973928452,-0.033686161041259766,-0.07630336284637451,0.07119989395141602,False
D4LensPINN,6,80,2,flip_h_r270,H11_inv_lens,4.662600994110107,4.208044052124023,0.28436994552612305,-1.9877996444702148,False
D4LensPINN,6,80,2,flip_h_r270,H12_HANDOFF,3.888939380645752,3.064023494720459,0.911142885684967,-2.214820384979248,False
D4LensPINN,6,80,2,flip_h_r270,H12b_input_proj,3.888939380645752,3.064023494720459,0.911142885684967,-2.214820384979248,False
D4LensPINN,6,80,2,flip_h_r270,H13_eff3,3.888939380645752,3.064023494720459,0.911142885684967,-2.214820384979248,False
D4LensPINN,6,80,2,flip_h_r270,H13b_eff4,3.888939380645752,3.064023494720459,0.911142885684967,-2.214820384979248,False
D4LensPINN,6,80,2,flip_h_r270,H14_eff5,3.888939380645752,3.064023494720459,0.911142885684967,-2.214820384979248,False
D4LensPINN,6,80,2,flip_h_r270,H14b_eff6,3.888939380645752,3.064023494720459,0.911142885684967,-2.214820384979248,False
D4LensPINN,6,80,2,flip_h_r270,H15_before_gap,3.888939380645752,3.064023494720459,0.911142885684967,-2.214820384979248,False
D4LensPINN,6,80,2,flip_h_r270,H16_after_gap,3.888939380645752,3.064023494720459,0.911142885684967,-2.214820384979248,False
D4LensPINN,6,80,2,flip_h_r270,H17_pre_linear,3.888939380645752,3.064023494720459,0.911142885684967,-2.214820384979248,False
D4LensPINN,7,112,2,e,H00_preprocess,0.0,0.0,0.0,0.0,False
D4LensPINN,7,112,2,e,H01_enc1,0.0,0.0,0.0,0.0,False
D4LensPINN,7,112,2,e,H02_enc2,0.0,0.0,0.0,0.0,False
D4LensPINN,7,112,2,e,H03_enc3,0.0,0.0,0.0,0.0,False
D4LensPINN,7,112,2,e,H04_bot,0.0,0.0,0.0,0.0,False
D4LensPINN,7,112,2,e,H08_kappa_out,0.0,0.0,0.0,0.0,False
D4LensPINN,7,112,2,e,H09_poisson,0.0,0.0,0.0,0.0,False
D4LensPINN,7,112,2,e,H10_deflection,0.0,0.0,0.0,0.0,False
D4LensPINN,7,112,2,e,H11_inv_lens,0.0,0.0,0.0,0.0,False
D4LensPINN,7,112,2,e,H12_HANDOFF,0.0,0.0,0.0,0.0,False
D4LensPINN,7,112,2,e,H12b_input_proj,0.0,0.0,0.0,0.0,False
D4LensPINN,7,112,2,e,H13_eff3,0.0,0.0,0.0,0.0,False
D4LensPINN,7,112,2,e,H13b_eff4,0.0,0.0,0.0,0.0,False
D4LensPINN,7,112,2,e,H14_eff5,0.0,0.0,0.0,0.0,False
D4LensPINN,7,112,2,e,H14b_eff6,0.0,0.0,0.0,0.0,False
D4LensPINN,7,112,2,e,H15_before_gap,0.0,0.0,0.0,0.0,False
D4LensPINN,7,112,2,e,H16_after_gap,0.0,0.0,0.0,0.0,False
D4LensPINN,7,112,2,e,H17_pre_linear,0.0,0.0,0.0,0.0,False
D4LensPINN,7,112,2,r90,H00_preprocess,5.912960529327393,5.506465911865234,-1.2975056171417236,-1.720003366470337,False
D4LensPINN,7,112,2,r90,H01_enc1,5.912960529327393,5.506465911865234,-1.2975056171417236,-1.720003366470337,False
D4LensPINN,7,112,2,r90,H02_enc2,6.0274152755737305,5.59367561340332,-1.2459897994995117,-1.867629051208496,False
D4LensPINN,7,112,2,r90,H03_enc3,1.6025316715240479,-0.5278491973876953,-0.93121337890625,1.1926125288009644,False
D4LensPINN,7,112,2,r90,H04_bot,1.2811371088027954,-0.24876165390014648,-0.8208712935447693,0.9516303539276123,False
D4LensPINN,7,112,2,r90,H08_kappa_out,5.912960529327393,5.506465911865234,-1.2975056171417236,-1.720003366470337,False
D4LensPINN,7,112,2,r90,H09_poisson,0.9129045605659485,-0.2357616424560547,-0.5737578868865967,0.6697858572006226,False
D4LensPINN,7,112,2,r90,H10_deflection,0.9129045605659485,-0.2357616424560547,-0.5737578868865967,0.6697858572006226,False
D4LensPINN,7,112,2,r90,H11_inv_lens,45.15321731567383,-26.15677261352539,-20.031776428222656,30.87659454345703,False
D4LensPINN,7,112,2,r90,H12_HANDOFF,4.5058746337890625,4.004996299743652,-2.0470645427703857,0.26913726329803467,False
D4LensPINN,7,112,2,r90,H12b_input_proj,4.5058746337890625,4.004996299743652,-2.0470645427703857,0.26913726329803467,False
D4LensPINN,7,112,2,r90,H13_eff3,4.5058746337890625,4.004996299743652,-2.0470645427703857,0.26913726329803467,False
D4LensPINN,7,112,2,r90,H13b_eff4,4.5058746337890625,4.004996299743652,-2.0470645427703857,0.26913726329803467,False
D4LensPINN,7,112,2,r90,H14_eff5,4.5058746337890625,4.004996299743652,-2.0470645427703857,0.26913726329803467,False
D4LensPINN,7,112,2,r90,H14b_eff6,4.5058746337890625,4.004996299743652,-2.0470645427703857,0.26913726329803467,False
D4LensPINN,7,112,2,r90,H15_before_gap,4.5058746337890625,4.004996299743652,-2.0470645427703857,0.26913726329803467,False
D4LensPINN,7,112,2,r90,H16_after_gap,4.5058746337890625,4.004996299743652,-2.0470645427703857,0.26913726329803467,False
D4LensPINN,7,112,2,r90,H17_pre_linear,4.5058746337890625,4.004996299743652,-2.0470645427703857,0.26913726329803467,False
D4LensPINN,7,112,2,r180,H00_preprocess,6.177229404449463,5.589601516723633,-0.7289876341819763,-2.5264792442321777,False
D4LensPINN,7,112,2,r180,H01_enc1,6.177229404449463,5.589601516723633,-0.7289876341819763,-2.5264792442321777,False
D4LensPINN,7,112,2,r180,H02_enc2,5.927318096160889,5.3606791496276855,-0.6271457076072693,-2.450082302093506,False
D4LensPINN,7,112,2,r180,H03_enc3,0.6337621212005615,0.44414687156677246,0.1956641674041748,-0.40755799412727356,False
D4LensPINN,7,112,2,r180,H04_bot,0.47100046277046204,0.33604907989501953,0.1387958526611328,-0.2994130253791809,False
D4LensPINN,7,112,2,r180,H08_kappa_out,6.177229404449463,5.589601516723633,-0.7289876341819763,-2.5264792442321777,False
D4LensPINN,7,112,2,r180,H09_poisson,0.11466094106435776,0.007007122039794922,-0.08712196350097656,0.07421451807022095,False
D4LensPINN,7,112,2,r180,H10_deflection,0.11466094106435776,0.007007122039794922,-0.08712196350097656,0.07421451807022095,False
D4LensPINN,7,112,2,r180,H11_inv_lens,0.7443022131919861,0.10807180404663086,-0.5088127255439758,0.5323681831359863,False
D4LensPINN,7,112,2,r180,H12_HANDOFF,2.6027188301086426,1.177596092224121,-1.9801132678985596,1.2110179662704468,False
D4LensPINN,7,112,2,r180,H12b_input_proj,2.6027188301086426,1.177596092224121,-1.9801132678985596,1.2110179662704468,False
D4LensPINN,7,112,2,r180,H13_eff3,2.6027188301086426,1.177596092224121,-1.9801132678985596,1.2110179662704468,False
D4LensPINN,7,112,2,r180,H13b_eff4,2.6027188301086426,1.177596092224121,-1.9801132678985596,1.2110179662704468,False
D4LensPINN,7,112,2,r180,H14_eff5,2.6027188301086426,1.177596092224121,-1.9801132678985596,1.2110179662704468,False
D4LensPINN,7,112,2,r180,H14b_eff6,2.6027188301086426,1.177596092224121,-1.9801132678985596,1.2110179662704468,False
D4LensPINN,7,112,2,r180,H15_before_gap,2.6027188301086426,1.177596092224121,-1.9801132678985596,1.2110179662704468,False
D4LensPINN,7,112,2,r180,H16_after_gap,2.6027188301086426,1.177596092224121,-1.9801132678985596,1.2110179662704468,False
D4LensPINN,7,112,2,r180,H17_pre_linear,2.6027188301086426,1.177596092224121,-1.9801132678985596,1.2110179662704468,False
D4LensPINN,7,112,2,r270,H00_preprocess,6.3940043449401855,5.86330509185791,-1.006399154663086,-2.3435237407684326,False
D4LensPINN,7,112,2,r270,H01_enc1,6.3940043449401855,5.86330509185791,-1.006399154663086,-2.3435237407684326,False
D4LensPINN,7,112,2,r270,H02_enc2,5.628353595733643,5.217713832855225,-0.8763611316680908,-1.9198479652404785,False
D4LensPINN,7,112,2,r270,H03_enc3,1.1748067140579224,-0.27254390716552734,-0.7339157462120056,0.8759329319000244,False
D4LensPINN,7,112,2,r270,H04_bot,1.0498257875442505,-0.12301111221313477,-0.6998376846313477,0.7728064060211182,False
D4LensPINN,7,112,2,r270,H08_kappa_out,6.3940043449401855,5.86330509185791,-1.006399154663086,-2.3435237407684326,False
D4LensPINN,7,112,2,r270,H09_poisson,0.5165978074073792,-0.1053459644317627,-0.33769142627716064,0.3764837384223938,False
D4LensPINN,7,112,2,r270,H10_deflection,0.5165978074073792,-0.1053459644317627,-0.33769142627716064,0.3764837384223938,False
D4LensPINN,7,112,2,r270,H11_inv_lens,48.67789077758789,-28.530851364135742,-21.461580276489258,33.08969497680664,False
D4LensPINN,7,112,2,r270,H12_HANDOFF,2.3294410705566406,1.3992457389831543,-1.57504141330719,0.9938067197799683,False
D4LensPINN,7,112,2,r270,H12b_input_proj,2.3294410705566406,1.3992457389831543,-1.57504141330719,0.9938067197799683,False
D4LensPINN,7,112,2,r270,H13_eff3,2.3294410705566406,1.3992457389831543,-1.57504141330719,0.9938067197799683,False
D4LensPINN,7,112,2,r270,H13b_eff4,2.3294410705566406,1.3992457389831543,-1.57504141330719,0.9938067197799683,False
D4LensPINN,7,112,2,r270,H14_eff5,2.3294410705566406,1.3992457389831543,-1.57504141330719,0.9938067197799683,False
D4LensPINN,7,112,2,r270,H14b_eff6,2.3294410705566406,1.3992457389831543,-1.57504141330719,0.9938067197799683,False
D4LensPINN,7,112,2,r270,H15_before_gap,2.3294410705566406,1.3992457389831543,-1.57504141330719,0.9938067197799683,False
D4LensPINN,7,112,2,r270,H16_after_gap,2.3294410705566406,1.3992457389831543,-1.57504141330719,0.9938067197799683,False
D4LensPINN,7,112,2,r270,H17_pre_linear,2.3294410705566406,1.3992457389831543,-1.57504141330719,0.9938067197799683,False
D4LensPINN,7,112,2,flip_h,H00_preprocess,7.900550365447998,7.14145040512085,-1.509257197380066,-3.0233302116394043,False
D4LensPINN,7,112,2,flip_h,H01_enc1,7.900550365447998,7.14145040512085,-1.509257197380066,-3.0233302116394043,False
D4LensPINN,7,112,2,flip_h,H02_enc2,7.834608554840088,7.095231056213379,-1.527358889579773,-2.9505867958068848,False
D4LensPINN,7,112,2,flip_h,H03_enc3,0.45697879791259766,0.4259376525878906,-0.06379139423370361,-0.15276581048965454,False
D4LensPINN,7,112,2,flip_h,H04_bot,0.32412439584732056,0.30314111709594727,-0.053439974784851074,-0.10151973366737366,False
D4LensPINN,7,112,2,flip_h,H08_kappa_out,7.900550365447998,7.14145040512085,-1.509257197380066,-3.0233302116394043,False
D4LensPINN,7,112,2,flip_h,H09_poisson,0.15842030942440033,-0.1330409049987793,-0.026394248008728027,0.08185631036758423,False
D4LensPINN,7,112,2,flip_h,H10_deflection,0.15842030942440033,-0.1330409049987793,-0.026394248008728027,0.08185631036758423,False
D4LensPINN,7,112,2,flip_h,H11_inv_lens,3.89552640914917,3.56563401222229,-1.568556785583496,0.0317574143409729,False
D4LensPINN,7,112,2,flip_h,H12_HANDOFF,3.7418482303619385,-0.04578423500061035,-2.742976665496826,2.5446829795837402,False
D4LensPINN,7,112,2,flip_h,H12b_input_proj,3.7418482303619385,-0.04578423500061035,-2.742976665496826,2.5446829795837402,False
D4LensPINN,7,112,2,flip_h,H13_eff3,3.7418482303619385,-0.04578423500061035,-2.742976665496826,2.5446829795837402,False
D4LensPINN,7,112,2,flip_h,H13b_eff4,3.7418482303619385,-0.04578423500061035,-2.742976665496826,2.5446829795837402,False
D4LensPINN,7,112,2,flip_h,H14_eff5,3.7418482303619385,-0.04578423500061035,-2.742976665496826,2.5446829795837402,False
D4LensPINN,7,112,2,flip_h,H14b_eff6,3.7418482303619385,-0.04578423500061035,-2.742976665496826,2.5446829795837402,False
D4LensPINN,7,112,2,flip_h,H15_before_gap,3.7418482303619385,-0.04578423500061035,-2.742976665496826,2.5446829795837402,False
D4LensPINN,7,112,2,flip_h,H16_after_gap,3.7418482303619385,-0.04578423500061035,-2.742976665496826,2.5446829795837402,False
D4LensPINN,7,112,2,flip_h,H17_pre_linear,3.7418482303619385,-0.04578423500061035,-2.742976665496826,2.5446829795837402,False
D4LensPINN,7,112,2,flip_h_r90,H00_preprocess,6.929561614990234,6.313804626464844,-1.0122209787368774,-2.6702256202697754,False
D4LensPINN,7,112,2,flip_h_r90,H01_enc1,6.929561614990234,6.313804626464844,-1.0122209787368774,-2.6702256202697754,False
D4LensPINN,7,112,2,flip_h_r90,H02_enc2,6.707956314086914,6.08949089050293,-0.8103264570236206,-2.694096088409424,False
D4LensPINN,7,112,2,flip_h_r90,H03_enc3,1.4347176551818848,-0.287778377532959,-0.9251192808151245,1.0581836700439453,False
D4LensPINN,7,112,2,flip_h_r90,H04_bot,1.2140743732452393,-0.10579442977905273,-0.8256957530975342,0.8837480545043945,False
D4LensPINN,7,112,2,flip_h_r90,H08_kappa_out,6.929561614990234,6.313804626464844,-1.0122209787368774,-2.6702256202697754,False
D4LensPINN,7,112,2,flip_h_r90,H09_poisson,0.6169577240943909,-0.05372428894042969,-0.423622190952301,0.4453030228614807,False
D4LensPINN,7,112,2,flip_h_r90,H10_deflection,0.6169577240943909,-0.05372428894042969,-0.423622190952301,0.4453030228614807,False
D4LensPINN,7,112,2,flip_h_r90,H11_inv_lens,47.5519905090332,-27.42414093017578,-21.40165138244629,32.420326232910156,False
D4LensPINN,7,112,2,flip_h_r90,H12_HANDOFF,3.2851686477661133,2.6588850021362305,-1.8045337200164795,0.6828775405883789,False
D4LensPINN,7,112,2,flip_h_r90,H12b_input_proj,3.2851686477661133,2.6588850021362305,-1.8045337200164795,0.6828775405883789,False
D4LensPINN,7,112,2,flip_h_r90,H13_eff3,3.2851686477661133,2.6588850021362305,-1.8045337200164795,0.6828775405883789,False
D4LensPINN,7,112,2,flip_h_r90,H13b_eff4,3.2851686477661133,2.6588850021362305,-1.8045337200164795,0.6828775405883789,False
D4LensPINN,7,112,2,flip_h_r90,H14_eff5,3.2851686477661133,2.6588850021362305,-1.8045337200164795,0.6828775405883789,False
D4LensPINN,7,112,2,flip_h_r90,H14b_eff6,3.2851686477661133,2.6588850021362305,-1.8045337200164795,0.6828775405883789,False
D4LensPINN,7,112,2,flip_h_r90,H15_before_gap,3.2851686477661133,2.6588850021362305,-1.8045337200164795,0.6828775405883789,False
D4LensPINN,7,112,2,flip_h_r90,H16_after_gap,3.2851686477661133,2.6588850021362305,-1.8045337200164795,0.6828775405883789,False
D4LensPINN,7,112,2,flip_h_r90,H17_pre_linear,3.2851686477661133,2.6588850021362305,-1.8045337200164795,0.6828775405883789,False
D4LensPINN,7,112,2,flip_h_r180,H00_preprocess,8.671674728393555,7.779898166656494,-2.114982843399048,-3.1934261322021484,False
D4LensPINN,7,112,2,flip_h_r180,H01_enc1,8.671674728393555,7.779898166656494,-2.114982843399048,-3.1934261322021484,False
D4LensPINN,7,112,2,flip_h_r180,H02_enc2,8.578046798706055,7.7034382820129395,-2.0535643100738525,-3.1658806800842285,False
D4LensPINN,7,112,2,flip_h_r180,H03_enc3,0.36721691489219666,0.25246763229370117,0.11918926239013672,-0.23854199051856995,False
D4LensPINN,7,112,2,flip_h_r180,H04_bot,0.23671172559261322,0.15335416793823242,0.08688223361968994,-0.1580076515674591,False
D4LensPINN,7,112,2,flip_h_r180,H08_kappa_out,8.671674728393555,7.779898166656494,-2.114982843399048,-3.1934261322021484,False
D4LensPINN,7,112,2,flip_h_r180,H09_poisson,0.31786882877349854,-0.03969860076904297,-0.21696627140045166,0.22888916730880737,False
D4LensPINN,7,112,2,flip_h_r180,H10_deflection,0.31786882877349854,-0.03969860076904297,-0.21696627140045166,0.22888916730880737,False
D4LensPINN,7,112,2,flip_h_r180,H11_inv_lens,3.5013182163238525,3.1104912757873535,-1.5847060680389404,0.26977628469467163,False
D4LensPINN,7,112,2,flip_h_r180,H12_HANDOFF,5.01346492767334,4.620325088500977,-1.8857715129852295,-0.48092952370643616,False
D4LensPINN,7,112,2,flip_h_r180,H12b_input_proj,5.01346492767334,4.620325088500977,-1.8857715129852295,-0.48092952370643616,False
D4LensPINN,7,112,2,flip_h_r180,H13_eff3,5.01346492767334,4.620325088500977,-1.8857715129852295,-0.48092952370643616,False
D4LensPINN,7,112,2,flip_h_r180,H13b_eff4,5.01346492767334,4.620325088500977,-1.8857715129852295,-0.48092952370643616,False
D4LensPINN,7,112,2,flip_h_r180,H14_eff5,5.01346492767334,4.620325088500977,-1.8857715129852295,-0.48092952370643616,False
D4LensPINN,7,112,2,flip_h_r180,H14b_eff6,5.01346492767334,4.620325088500977,-1.8857715129852295,-0.48092952370643616,False
D4LensPINN,7,112,2,flip_h_r180,H15_before_gap,5.01346492767334,4.620325088500977,-1.8857715129852295,-0.48092952370643616,False
D4LensPINN,7,112,2,flip_h_r180,H16_after_gap,5.01346492767334,4.620325088500977,-1.8857715129852295,-0.48092952370643616,False
D4LensPINN,7,112,2,flip_h_r180,H17_pre_linear,5.01346492767334,4.620325088500977,-1.8857715129852295,-0.48092952370643616,False
D4LensPINN,7,112,2,flip_h_r270,H00_preprocess,5.985536098480225,5.62087345123291,-1.3331410884857178,-1.5668954849243164,False
D4LensPINN,7,112,2,flip_h_r270,H01_enc1,5.985536098480225,5.62087345123291,-1.3331410884857178,-1.5668954849243164,False
D4LensPINN,7,112,2,flip_h_r270,H02_enc2,6.534389972686768,6.050814628601074,-1.239560842514038,-2.1329288482666016,False
D4LensPINN,7,112,2,flip_h_r270,H03_enc3,1.5664517879486084,-0.44014692306518555,-0.9484293460845947,1.1664149761199951,False
D4LensPINN,7,112,2,flip_h_r270,H04_bot,1.3418515920639038,-0.32955312728881836,-0.8322320580482483,0.9996751546859741,False
D4LensPINN,7,112,2,flip_h_r270,H08_kappa_out,5.985536098480225,5.62087345123291,-1.3331410884857178,-1.5668954849243164,False
D4LensPINN,7,112,2,flip_h_r270,H09_poisson,0.7688357830047607,-0.24165081977844238,-0.462799608707428,0.5643844604492188,False
D4LensPINN,7,112,2,flip_h_r270,H10_deflection,0.7688357830047607,-0.24165081977844238,-0.462799608707428,0.5643844604492188,False
D4LensPINN,7,112,2,flip_h_r270,H11_inv_lens,45.0385856628418,-25.594465255737305,-20.486215591430664,30.88223648071289,False
D4LensPINN,7,112,2,flip_h_r270,H12_HANDOFF,3.076749086380005,1.6821317672729492,-2.147500991821289,1.4230449199676514,False
D4LensPINN,7,112,2,flip_h_r270,H12b_input_proj,3.076749086380005,1.6821317672729492,-2.147500991821289,1.4230449199676514,False
D4LensPINN,7,112,2,flip_h_r270,H13_eff3,3.076749086380005,1.6821317672729492,-2.147500991821289,1.4230449199676514,False
D4LensPINN,7,112,2,flip_h_r270,H13b_eff4,3.076749086380005,1.6821317672729492,-2.147500991821289,1.4230449199676514,False
D4LensPINN,7,112,2,flip_h_r270,H14_eff5,3.076749086380005,1.6821317672729492,-2.147500991821289,1.4230449199676514,False
D4LensPINN,7,112,2,flip_h_r270,H14b_eff6,3.076749086380005,1.6821317672729492,-2.147500991821289,1.4230449199676514,False
D4LensPINN,7,112,2,flip_h_r270,H15_before_gap,3.076749086380005,1.6821317672729492,-2.147500991821289,1.4230449199676514,False
D4LensPINN,7,112,2,flip_h_r270,H16_after_gap,3.076749086380005,1.6821317672729492,-2.147500991821289,1.4230449199676514,False
D4LensPINN,7,112,2,flip_h_r270,H17_pre_linear,3.076749086380005,1.6821317672729492,-2.147500991821289,1.4230449199676514,False
D4LensPINN,8,114,1,e,H00_preprocess,0.0,0.0,0.0,0.0,False
D4LensPINN,8,114,1,e,H01_enc1,0.0,0.0,0.0,0.0,False
D4LensPINN,8,114,1,e,H02_enc2,0.0,0.0,0.0,0.0,False
D4LensPINN,8,114,1,e,H03_enc3,0.0,0.0,0.0,0.0,False
D4LensPINN,8,114,1,e,H04_bot,0.0,0.0,0.0,0.0,False
D4LensPINN,8,114,1,e,H08_kappa_out,0.0,0.0,0.0,0.0,False
D4LensPINN,8,114,1,e,H09_poisson,0.0,0.0,0.0,0.0,False
D4LensPINN,8,114,1,e,H10_deflection,0.0,0.0,0.0,0.0,False
D4LensPINN,8,114,1,e,H11_inv_lens,0.0,0.0,0.0,0.0,False
D4LensPINN,8,114,1,e,H12_HANDOFF,0.0,0.0,0.0,0.0,False
D4LensPINN,8,114,1,e,H12b_input_proj,0.0,0.0,0.0,0.0,False
D4LensPINN,8,114,1,e,H13_eff3,0.0,0.0,0.0,0.0,False
D4LensPINN,8,114,1,e,H13b_eff4,0.0,0.0,0.0,0.0,False
D4LensPINN,8,114,1,e,H14_eff5,0.0,0.0,0.0,0.0,False
D4LensPINN,8,114,1,e,H14b_eff6,0.0,0.0,0.0,0.0,False
D4LensPINN,8,114,1,e,H15_before_gap,0.0,0.0,0.0,0.0,False
D4LensPINN,8,114,1,e,H16_after_gap,0.0,0.0,0.0,0.0,False
D4LensPINN,8,114,1,e,H17_pre_linear,0.0,0.0,0.0,0.0,False
D4LensPINN,8,114,1,r90,H00_preprocess,7.376950740814209,-0.6203422546386719,-5.113361835479736,5.280919075012207,False
D4LensPINN,8,114,1,r90,H01_enc1,7.376950740814209,-0.6203422546386719,-5.113361835479736,5.280919075012207,False
D4LensPINN,8,114,1,r90,H02_enc2,7.67918062210083,-0.35368871688842773,-5.415377140045166,5.433084964752197,False
D4LensPINN,8,114,1,r90,H03_enc3,0.8193432688713074,-0.1037750244140625,-0.5458407402038574,0.6021727323532104,False
D4LensPINN,8,114,1,r90,H04_bot,0.3460845649242401,0.12973880767822266,-0.25768136978149414,0.1911613941192627,False
D4LensPINN,8,114,1,r90,H08_kappa_out,7.376950740814209,-0.6203422546386719,-5.113361835479736,5.280919075012207,False
D4LensPINN,8,114,1,r90,H09_poisson,0.29374808073043823,-0.2781562805175781,0.07426214218139648,0.05832791328430176,False
D4LensPINN,8,114,1,r90,H10_deflection,0.29374808073043823,-0.2781562805175781,0.07426214218139648,0.05832791328430176,False
D4LensPINN,8,114,1,r90,H11_inv_lens,10.62290096282959,4.812402248382568,-7.663057804107666,5.564562797546387,False
D4LensPINN,8,114,1,r90,H12_HANDOFF,6.4028472900390625,1.0458436012268066,-4.735774993896484,4.180323123931885,False
D4LensPINN,8,114,1,r90,H12b_input_proj,6.4028472900390625,1.0458436012268066,-4.735774993896484,4.180323123931885,False
D4LensPINN,8,114,1,r90,H13_eff3,6.4028472900390625,1.0458436012268066,-4.735774993896484,4.180323123931885,False
D4LensPINN,8,114,1,r90,H13b_eff4,6.4028472900390625,1.0458436012268066,-4.735774993896484,4.180323123931885,False
D4LensPINN,8,114,1,r90,H14_eff5,6.4028472900390625,1.0458436012268066,-4.735774993896484,4.180323123931885,False
D4LensPINN,8,114,1,r90,H14b_eff6,6.4028472900390625,1.0458436012268066,-4.735774993896484,4.180323123931885,False
D4LensPINN,8,114,1,r90,H15_before_gap,6.4028472900390625,1.0458436012268066,-4.735774993896484,4.180323123931885,False
D4LensPINN,8,114,1,r90,H16_after_gap,6.4028472900390625,1.0458436012268066,-4.735774993896484,4.180323123931885,False
D4LensPINN,8,114,1,r90,H17_pre_linear,6.4028472900390625,1.0458436012268066,-4.735774993896484,4.180323123931885,False
D4LensPINN,8,114,1,r180,H00_preprocess,2.3470089435577393,-1.7090330123901367,1.4580883979797363,-0.6794381141662598,False
D4LensPINN,8,114,1,r180,H01_enc1,2.3470089435577393,-1.7090330123901367,1.4580883979797363,-0.6794381141662598,False
D4LensPINN,8,114,1,r180,H02_enc2,2.0586748123168945,-1.7278461456298828,1.0839629173278809,-0.27877140045166016,False
D4LensPINN,8,114,1,r180,H03_enc3,0.24951709806919098,0.22406339645385742,-0.10962772369384766,0.006011486053466797,False
D4LensPINN,8,114,1,r180,H04_bot,0.3831333518028259,0.1688079833984375,-0.27317094802856445,0.20898008346557617,False
D4LensPINN,8,114,1,r180,H08_kappa_out,2.3470089435577393,-1.7090330123901367,1.4580883979797363,-0.6794381141662598,False
D4LensPINN,8,114,1,r180,H09_poisson,0.3752281665802002,0.1704120635986328,0.18355131149291992,-0.2794008255004883,False
D4LensPINN,8,114,1,r180,H10_deflection,0.3752281665802002,0.1704120635986328,0.18355131149291992,-0.2794008255004883,False
D4LensPINN,8,114,1,r180,H11_inv_lens,24.12625503540039,-7.23521614074707,-15.175064086914062,17.304487228393555,False
D4LensPINN,8,114,1,r180,H12_HANDOFF,1.7616496086120605,0.7374916076660156,0.8478264808654785,-1.3567261695861816,False
D4LensPINN,8,114,1,r180,H12b_input_proj,1.7616496086120605,0.7374916076660156,0.8478264808654785,-1.3567261695861816,False
D4LensPINN,8,114,1,r180,H13_eff3,1.7616496086120605,0.7374916076660156,0.8478264808654785,-1.3567261695861816,False
D4LensPINN,8,114,1,r180,H13b_eff4,1.7616496086120605,0.7374916076660156,0.8478264808654785,-1.3567261695861816,False
D4LensPINN,8,114,1,r180,H14_eff5,1.7616496086120605,0.7374916076660156,0.8478264808654785,-1.3567261695861816,False
D4LensPINN,8,114,1,r180,H14b_eff6,1.7616496086120605,0.7374916076660156,0.8478264808654785,-1.3567261695861816,False
D4LensPINN,8,114,1,r180,H15_before_gap,1.7616496086120605,0.7374916076660156,0.8478264808654785,-1.3567261695861816,False
D4LensPINN,8,114,1,r180,H16_after_gap,1.7616496086120605,0.7374916076660156,0.8478264808654785,-1.3567261695861816,False
D4LensPINN,8,114,1,r180,H17_pre_linear,1.7616496086120605,0.7374916076660156,0.8478264808654785,-1.3567261695861816,False
D4LensPINN,8,114,1,r270,H00_preprocess,3.6877589225769043,0.1252140998840332,-2.6506972312927246,2.5607988834381104,False
D4LensPINN,8,114,1,r270,H01_enc1,3.6877589225769043,0.1252140998840332,-2.6506972312927246,2.5607988834381104,False
D4LensPINN,8,114,1,r270,H02_enc2,5.866443634033203,-0.5682950019836426,-3.9998559951782227,4.253628253936768,False
D4LensPINN,8,114,1,r270,H03_enc3,0.5795383453369141,0.19863271713256836,-0.43442630767822266,0.3281517028808594,False
D4LensPINN,8,114,1,r270,H04_bot,0.4924792945384979,0.3353605270385742,-0.327578067779541,0.15087008476257324,False
D4LensPINN,8,114,1,r270,H08_kappa_out,3.6877589225769043,0.1252140998840332,-2.6506972312927246,2.5607988834381104,False
D4LensPINN,8,114,1,r270,H09_poisson,0.1813354641199112,-0.08351564407348633,0.13185644149780273,-0.09231233596801758,False
D4LensPINN,8,114,1,r270,H10_deflection,0.1813354641199112,-0.08351564407348633,0.13185644149780273,-0.09231233596801758,False
D4LensPINN,8,114,1,r270,H11_inv_lens,11.533478736877441,4.75583553314209,-8.502676010131836,6.173140525817871,False
D4LensPINN,8,114,1,r270,H12_HANDOFF,6.5890350341796875,1.8936915397644043,-4.932544708251953,3.936917304992676,False
D4LensPINN,8,114,1,r270,H12b_input_proj,6.5890350341796875,1.8936915397644043,-4.932544708251953,3.936917304992676,False
D4LensPINN,8,114,1,r270,H13_eff3,6.5890350341796875,1.8936915397644043,-4.932544708251953,3.936917304992676,False
D4LensPINN,8,114,1,r270,H13b_eff4,6.5890350341796875,1.8936915397644043,-4.932544708251953,3.936917304992676,False
D4LensPINN,8,114,1,r270,H14_eff5,6.5890350341796875,1.8936915397644043,-4.932544708251953,3.936917304992676,False
D4LensPINN,8,114,1,r270,H14b_eff6,6.5890350341796875,1.8936915397644043,-4.932544708251953,3.936917304992676,False
D4LensPINN,8,114,1,r270,H15_before_gap,6.5890350341796875,1.8936915397644043,-4.932544708251953,3.936917304992676,False
D4LensPINN,8,114,1,r270,H16_after_gap,6.5890350341796875,1.8936915397644043,-4.932544708251953,3.936917304992676,False
D4LensPINN,8,114,1,r270,H17_pre_linear,6.5890350341796875,1.8936915397644043,-4.932544708251953,3.936917304992676,False
D4LensPINN,8,114,1,flip_h,H00_preprocess,3.0274949073791504,2.3845763206481934,-1.7696003913879395,0.5899447202682495,False
D4LensPINN,8,114,1,flip_h,H01_enc1,3.0274949073791504,2.3845763206481934,-1.7696003913879395,0.5899447202682495,False
D4LensPINN,8,114,1,flip_h,H02_enc2,5.047675609588623,1.5233101844787598,-3.736387252807617,3.0328149795532227,False
D4LensPINN,8,114,1,flip_h,H03_enc3,0.14332939684391022,0.12130117416381836,-0.07628583908081055,0.0031321048736572266,False
D4LensPINN,8,114,1,flip_h,H04_bot,0.10864616930484772,0.09923982620239258,-0.03540658950805664,-0.026491880416870117,False
D4LensPINN,8,114,1,flip_h,H08_kappa_out,3.0274949073791504,2.3845763206481934,-1.7696003913879395,0.5899447202682495,False
D4LensPINN,8,114,1,flip_h,H09_poisson,0.6184167265892029,-0.42696523666381836,-0.18306779861450195,0.40819859504699707,False
D4LensPINN,8,114,1,flip_h,H10_deflection,0.6184167265892029,-0.42696523666381836,-0.18306779861450195,0.40819859504699707,False
D4LensPINN,8,114,1,flip_h,H11_inv_lens,8.243210792541504,4.713491439819336,-5.739873886108398,3.5759429931640625,False
D4LensPINN,8,114,1,flip_h,H12_HANDOFF,1.4141559600830078,0.11435794830322266,0.8896660804748535,-1.0932765007019043,False
D4LensPINN,8,114,1,flip_h,H12b_input_proj,1.4141559600830078,0.11435794830322266,0.8896660804748535,-1.0932765007019043,False
D4LensPINN,8,114,1,flip_h,H13_eff3,1.4141559600830078,0.11435794830322266,0.8896660804748535,-1.0932765007019043,False
D4LensPINN,8,114,1,flip_h,H13b_eff4,1.4141559600830078,0.11435794830322266,0.8896660804748535,-1.0932765007019043,False
D4LensPINN,8,114,1,flip_h,H14_eff5,1.4141559600830078,0.11435794830322266,0.8896660804748535,-1.0932765007019043,False
D4LensPINN,8,114,1,flip_h,H14b_eff6,1.4141559600830078,0.11435794830322266,0.8896660804748535,-1.0932765007019043,False
D4LensPINN,8,114,1,flip_h,H15_before_gap,1.4141559600830078,0.11435794830322266,0.8896660804748535,-1.0932765007019043,False
D4LensPINN,8,114,1,flip_h,H16_after_gap,1.4141559600830078,0.11435794830322266,0.8896660804748535,-1.0932765007019043,False
D4LensPINN,8,114,1,flip_h,H17_pre_linear,1.4141559600830078,0.11435794830322266,0.8896660804748535,-1.0932765007019043,False
D4LensPINN,8,114,1,flip_h_r90,H00_preprocess,5.664340496063232,-2.231289863586426,-3.1125078201293945,4.173535346984863,False
D4LensPINN,8,114,1,flip_h_r90,H01_enc1,5.664340496063232,-2.231289863586426,-3.1125078201293945,4.173535346984863,False
D4LensPINN,8,114,1,flip_h_r90,H02_enc2,8.859566688537598,-2.9026803970336914,-5.199184417724609,6.560094833374023,False
D4LensPINN,8,114,1,flip_h_r90,H03_enc3,0.6710253953933716,-0.018760204315185547,-0.46767282485961914,0.4808380603790283,False
D4LensPINN,8,114,1,flip_h_r90,H04_bot,0.3466831147670746,0.1425471305847168,-0.25525712966918945,0.18631505966186523,False
D4LensPINN,8,114,1,flip_h_r90,H08_kappa_out,5.664340496063232,-2.231289863586426,-3.1125078201293945,4.173535346984863,False
D4LensPINN,8,114,1,flip_h_r90,H09_poisson,0.2389054000377655,0.02019500732421875,0.15834569931030273,-0.1777486801147461,False
D4LensPINN,8,114,1,flip_h_r90,H10_deflection,0.2389054000377655,0.02019500732421875,0.15834569931030273,-0.1777486801147461,False
D4LensPINN,8,114,1,flip_h_r90,H11_inv_lens,12.263294219970703,1.909480094909668,-9.002486228942871,8.105400085449219,False
D4LensPINN,8,114,1,flip_h_r90,H12_HANDOFF,5.2144455909729,1.7726035118103027,-3.869361400604248,3.0127005577087402,False
D4LensPINN,8,114,1,flip_h_r90,H12b_input_proj,5.2144455909729,1.7726035118103027,-3.869361400604248,3.0127005577087402,False
D4LensPINN,8,114,1,flip_h_r90,H13_eff3,5.2144455909729,1.7726035118103027,-3.869361400604248,3.0127005577087402,False
D4LensPINN,8,114,1,flip_h_r90,H13b_eff4,5.2144455909729,1.7726035118103027,-3.869361400604248,3.0127005577087402,False
D4LensPINN,8,114,1,flip_h_r90,H14_eff5,5.2144455909729,1.7726035118103027,-3.869361400604248,3.0127005577087402,False
D4LensPINN,8,114,1,flip_h_r90,H14b_eff6,5.2144455909729,1.7726035118103027,-3.869361400604248,3.0127005577087402,False
D4LensPINN,8,114,1,flip_h_r90,H15_before_gap,5.2144455909729,1.7726035118103027,-3.869361400604248,3.0127005577087402,False
D4LensPINN,8,114,1,flip_h_r90,H16_after_gap,5.2144455909729,1.7726035118103027,-3.869361400604248,3.0127005577087402,False
D4LensPINN,8,114,1,flip_h_r90,H17_pre_linear,5.2144455909729,1.7726035118103027,-3.869361400604248,3.0127005577087402,False
D4LensPINN,8,114,1,flip_h_r180,H00_preprocess,0.9165434241294861,-0.5679068565368652,-0.3717689514160156,0.6158908605575562,False
D4LensPINN,8,114,1,flip_h_r180,H01_enc1,0.9165434241294861,-0.5679068565368652,-0.3717689514160156,0.6158908605575562,False
D4LensPINN,8,114,1,flip_h_r180,H02_enc2,1.7928245067596436,-0.8373942375183105,-0.9088883399963379,1.2988120317459106,False
D4LensPINN,8,114,1,flip_h_r180,H03_enc3,0.2150612622499466,0.01657247543334961,-0.14948606491088867,0.15372252464294434,False
D4LensPINN,8,114,1,flip_h_r180,H04_bot,0.30189570784568787,0.056873321533203125,-0.2179880142211914,0.20096683502197266,False
D4LensPINN,8,114,1,flip_h_r180,H08_kappa_out,0.9165434241294861,-0.5679068565368652,-0.3717689514160156,0.6158908605575562,False
D4LensPINN,8,114,1,flip_h_r180,H09_poisson,0.25838789343833923,0.15327835083007812,0.0955047607421875,-0.18479418754577637,False
D4LensPINN,8,114,1,flip_h_r180,H10_deflection,0.25838789343833923,0.15327835083007812,0.0955047607421875,-0.18479418754577637,False
D4LensPINN,8,114,1,flip_h_r180,H11_inv_lens,32.95410919189453,-13.462577819824219,-18.963171005249023,23.3480281829834,False
D4LensPINN,8,114,1,flip_h_r180,H12_HANDOFF,1.9487817287445068,1.5894083976745605,0.12848424911499023,-1.1202781200408936,False
D4LensPINN,8,114,1,flip_h_r180,H12b_input_proj,1.9487817287445068,1.5894083976745605,0.12848424911499023,-1.1202781200408936,False
D4LensPINN,8,114,1,flip_h_r180,H13_eff3,1.9487817287445068,1.5894083976745605,0.12848424911499023,-1.1202781200408936,False
D4LensPINN,8,114,1,flip_h_r180,H13b_eff4,1.9487817287445068,1.5894083976745605,0.12848424911499023,-1.1202781200408936,False
D4LensPINN,8,114,1,flip_h_r180,H14_eff5,1.9487817287445068,1.5894083976745605,0.12848424911499023,-1.1202781200408936,False
D4LensPINN,8,114,1,flip_h_r180,H14b_eff6,1.9487817287445068,1.5894083976745605,0.12848424911499023,-1.1202781200408936,False
D4LensPINN,8,114,1,flip_h_r180,H15_before_gap,1.9487817287445068,1.5894083976745605,0.12848424911499023,-1.1202781200408936,False
D4LensPINN,8,114,1,flip_h_r180,H16_after_gap,1.9487817287445068,1.5894083976745605,0.12848424911499023,-1.1202781200408936,False
D4LensPINN,8,114,1,flip_h_r180,H17_pre_linear,1.9487817287445068,1.5894083976745605,0.12848424911499023,-1.1202781200408936,False
D4LensPINN,8,114,1,flip_h_r270,H00_preprocess,6.433400630950928,-0.2097153663635254,-4.521205425262451,4.572020053863525,False
D4LensPINN,8,114,1,flip_h_r270,H01_enc1,6.433400630950928,-0.2097153663635254,-4.521205425262451,4.572020053863525,False
D4LensPINN,8,114,1,flip_h_r270,H02_enc2,6.459213733673096,-0.22833585739135742,-4.541191101074219,4.587688446044922,False
D4LensPINN,8,114,1,flip_h_r270,H03_enc3,0.39790165424346924,0.07413339614868164,-0.2960081100463867,0.25536084175109863,False
D4LensPINN,8,114,1,flip_h_r270,H04_bot,0.36073750257492065,0.22745656967163086,-0.24961042404174805,0.126845121383667,False
D4LensPINN,8,114,1,flip_h_r270,H08_kappa_out,6.433400630950928,-0.2097153663635254,-4.521205425262451,4.572020053863525,False
D4LensPINN,8,114,1,flip_h_r270,H09_poisson,0.20565149188041687,-0.03214120864868164,-0.13409948348999023,0.15256738662719727,False
D4LensPINN,8,114,1,flip_h_r270,H10_deflection,0.20565149188041687,-0.03214120864868164,-0.13409948348999023,0.15256738662719727,False
D4LensPINN,8,114,1,flip_h_r270,H11_inv_lens,11.296854972839355,4.363072395324707,-8.349711418151855,6.23416805267334,False
D4LensPINN,8,114,1,flip_h_r270,H12_HANDOFF,8.252391815185547,1.842430591583252,-6.141173362731934,5.1955180168151855,False
D4LensPINN,8,114,1,flip_h_r270,H12b_input_proj,8.252391815185547,1.842430591583252,-6.141173362731934,5.1955180168151855,False
D4LensPINN,8,114,1,flip_h_r270,H13_eff3,8.252391815185547,1.842430591583252,-6.141173362731934,5.1955180168151855,False
D4LensPINN,8,114,1,flip_h_r270,H13b_eff4,8.252391815185547,1.842430591583252,-6.141173362731934,5.1955180168151855,False
D4LensPINN,8,114,1,flip_h_r270,H14_eff5,8.252391815185547,1.842430591583252,-6.141173362731934,5.1955180168151855,False
D4LensPINN,8,114,1,flip_h_r270,H14b_eff6,8.252391815185547,1.842430591583252,-6.141173362731934,5.1955180168151855,False
D4LensPINN,8,114,1,flip_h_r270,H15_before_gap,8.252391815185547,1.842430591583252,-6.141173362731934,5.1955180168151855,False
D4LensPINN,8,114,1,flip_h_r270,H16_after_gap,8.252391815185547,1.842430591583252,-6.141173362731934,5.1955180168151855,False
D4LensPINN,8,114,1,flip_h_r270,H17_pre_linear,8.252391815185547,1.842430591583252,-6.141173362731934,5.1955180168151855,False
D4LensPINN,9,141,0,e,H00_preprocess,0.0,0.0,0.0,0.0,False
D4LensPINN,9,141,0,e,H01_enc1,0.0,0.0,0.0,0.0,False
D4LensPINN,9,141,0,e,H02_enc2,0.0,0.0,0.0,0.0,False
D4LensPINN,9,141,0,e,H03_enc3,0.0,0.0,0.0,0.0,False
D4LensPINN,9,141,0,e,H04_bot,0.0,0.0,0.0,0.0,False
D4LensPINN,9,141,0,e,H08_kappa_out,0.0,0.0,0.0,0.0,False
D4LensPINN,9,141,0,e,H09_poisson,0.0,0.0,0.0,0.0,False
D4LensPINN,9,141,0,e,H10_deflection,0.0,0.0,0.0,0.0,False
D4LensPINN,9,141,0,e,H11_inv_lens,0.0,0.0,0.0,0.0,False
D4LensPINN,9,141,0,e,H12_HANDOFF,0.0,0.0,0.0,0.0,False
D4LensPINN,9,141,0,e,H12b_input_proj,0.0,0.0,0.0,0.0,False
D4LensPINN,9,141,0,e,H13_eff3,0.0,0.0,0.0,0.0,False
D4LensPINN,9,141,0,e,H13b_eff4,0.0,0.0,0.0,0.0,False
D4LensPINN,9,141,0,e,H14_eff5,0.0,0.0,0.0,0.0,False
D4LensPINN,9,141,0,e,H14b_eff6,0.0,0.0,0.0,0.0,False
D4LensPINN,9,141,0,e,H15_before_gap,0.0,0.0,0.0,0.0,False
D4LensPINN,9,141,0,e,H16_after_gap,0.0,0.0,0.0,0.0,False
D4LensPINN,9,141,0,e,H17_pre_linear,0.0,0.0,0.0,0.0,False
D4LensPINN,9,141,0,r90,H00_preprocess,0.4616517126560211,0.3023068904876709,-0.0200158953666687,-0.34832775592803955,False
D4LensPINN,9,141,0,r90,H01_enc1,0.4616517126560211,0.3023068904876709,-0.0200158953666687,-0.34832775592803955,False
D4LensPINN,9,141,0,r90,H02_enc2,0.5185341835021973,0.3696780204772949,-0.09475266933441162,-0.3510524034500122,False
D4LensPINN,9,141,0,r90,H03_enc3,0.6490702033042908,-0.4494619369506836,0.11409956216812134,0.45415568351745605,False
D4LensPINN,9,141,0,r90,H04_bot,0.28120747208595276,-0.16628026962280273,0.010749459266662598,0.22652363777160645,False
D4LensPINN,9,141,0,r90,H08_kappa_out,0.4616517126560211,0.3023068904876709,-0.0200158953666687,-0.34832775592803955,False
D4LensPINN,9,141,0,r90,H09_poisson,0.08142638951539993,0.06203317642211914,-0.02802485227584839,-0.0446850061416626,False
D4LensPINN,9,141,0,r90,H10_deflection,0.08142638951539993,0.06203317642211914,-0.02802485227584839,-0.0446850061416626,False
D4LensPINN,9,141,0,r90,H11_inv_lens,35.673946380615234,-24.343191146850586,-11.738446235656738,23.286226272583008,False
D4LensPINN,9,141,0,r90,H12_HANDOFF,4.494228839874268,-3.5674309730529785,0.1222788393497467,2.73067307472229,False
D4LensPINN,9,141,0,r90,H12b_input_proj,4.494228839874268,-3.5674309730529785,0.1222788393497467,2.73067307472229,False
D4LensPINN,9,141,0,r90,H13_eff3,4.494228839874268,-3.5674309730529785,0.1222788393497467,2.73067307472229,False
D4LensPINN,9,141,0,r90,H13b_eff4,4.494228839874268,-3.5674309730529785,0.1222788393497467,2.73067307472229,False
D4LensPINN,9,141,0,r90,H14_eff5,4.494228839874268,-3.5674309730529785,0.1222788393497467,2.73067307472229,False
D4LensPINN,9,141,0,r90,H14b_eff6,4.494228839874268,-3.5674309730529785,0.1222788393497467,2.73067307472229,False
D4LensPINN,9,141,0,r90,H15_before_gap,4.494228839874268,-3.5674309730529785,0.1222788393497467,2.73067307472229,False
D4LensPINN,9,141,0,r90,H16_after_gap,4.494228839874268,-3.5674309730529785,0.1222788393497467,2.73067307472229,False
D4LensPINN,9,141,0,r90,H17_pre_linear,4.494228839874268,-3.5674309730529785,0.1222788393497467,2.73067307472229,False
D4LensPINN,9,141,0,r180,H00_preprocess,0.38657909631729126,0.25022411346435547,-0.03203052282333374,-0.29292547702789307,False
D4LensPINN,9,141,0,r180,H01_enc1,0.38657909631729126,0.25022411346435547,-0.03203052282333374,-0.29292547702789307,False
D4LensPINN,9,141,0,r180,H02_enc2,0.1621495634317398,-0.10387372970581055,0.12111088633537292,-0.02889430522918701,False
D4LensPINN,9,141,0,r180,H03_enc3,0.17158180475234985,0.13275384902954102,-0.07861208915710449,-0.07507908344268799,False
D4LensPINN,9,141,0,r180,H04_bot,0.14611591398715973,0.11241936683654785,-0.0659227967262268,-0.06607520580291748,False
D4LensPINN,9,141,0,r180,H08_kappa_out,0.38657909631729126,0.25022411346435547,-0.03203052282333374,-0.29292547702789307,False
D4LensPINN,9,141,0,r180,H09_poisson,0.041227489709854126,-0.024284839630126953,-0.0010709762573242188,0.03329873085021973,False
D4LensPINN,9,141,0,r180,H10_deflection,0.041227489709854126,-0.024284839630126953,-0.0010709762573242188,0.03329873085021973,False
D4LensPINN,9,141,0,r180,H11_inv_lens,14.404914855957031,-10.157812118530273,-3.6228151321411133,9.549640655517578,False
D4LensPINN,9,141,0,r180,H12_HANDOFF,0.9596969485282898,-0.5261244773864746,0.737963080406189,-0.31562912464141846,False
D4LensPINN,9,141,0,r180,H12b_input_proj,0.9596969485282898,-0.5261244773864746,0.737963080406189,-0.31562912464141846,False
D4LensPINN,9,141,0,r180,H13_eff3,0.9596969485282898,-0.5261244773864746,0.737963080406189,-0.31562912464141846,False
D4LensPINN,9,141,0,r180,H13b_eff4,0.9596969485282898,-0.5261244773864746,0.737963080406189,-0.31562912464141846,False
D4LensPINN,9,141,0,r180,H14_eff5,0.9596969485282898,-0.5261244773864746,0.737963080406189,-0.31562912464141846,False
D4LensPINN,9,141,0,r180,H14b_eff6,0.9596969485282898,-0.5261244773864746,0.737963080406189,-0.31562912464141846,False
D4LensPINN,9,141,0,r180,H15_before_gap,0.9596969485282898,-0.5261244773864746,0.737963080406189,-0.31562912464141846,False
D4LensPINN,9,141,0,r180,H16_after_gap,0.9596969485282898,-0.5261244773864746,0.737963080406189,-0.31562912464141846,False
D4LensPINN,9,141,0,r180,H17_pre_linear,0.9596969485282898,-0.5261244773864746,0.737963080406189,-0.31562912464141846,False
D4LensPINN,9,141,0,r270,H00_preprocess,0.08005766570568085,0.05925130844116211,-0.04421794414520264,-0.03071296215057373,False
D4LensPINN,9,141,0,r270,H01_enc1,0.08005766570568085,0.05925130844116211,-0.04421794414520264,-0.03071296215057373,False
D4LensPINN,9,141,0,r270,H02_enc2,0.3191249966621399,-0.21436643600463867,0.02143317461013794,0.23543238639831543,False
D4LensPINN,9,141,0,r270,H03_enc3,0.4419974386692047,-0.28299784660339355,0.03478199243545532,0.3377338647842407,False
D4LensPINN,9,141,0,r270,H04_bot,0.35922643542289734,-0.22532367706298828,0.022375762462615967,0.2788766622543335,False
D4LensPINN,9,141,0,r270,H08_kappa_out,0.08005766570568085,0.05925130844116211,-0.04421794414520264,-0.03071296215057373,False
D4LensPINN,9,141,0,r270,H09_poisson,0.06145057827234268,0.04452657699584961,-0.04031282663345337,-0.012978196144104004,False
D4LensPINN,9,141,0,r270,H10_deflection,0.06145057827234268,0.04452657699584961,-0.04031282663345337,-0.012978196144104004,False
D4LensPINN,9,141,0,r270,H11_inv_lens,23.824867248535156,-15.9658203125,-7.6028971672058105,15.96599006652832,False
D4LensPINN,9,141,0,r270,H12_HANDOFF,1.9806560277938843,-1.3300445079803467,0.07185792922973633,1.4658842086791992,False
D4LensPINN,9,141,0,r270,H12b_input_proj,1.9806560277938843,-1.3300445079803467,0.07185792922973633,1.4658842086791992,False
D4LensPINN,9,141,0,r270,H13_eff3,1.9806560277938843,-1.3300445079803467,0.07185792922973633,1.4658842086791992,False
D4LensPINN,9,141,0,r270,H13b_eff4,1.9806560277938843,-1.3300445079803467,0.07185792922973633,1.4658842086791992,False
D4LensPINN,9,141,0,r270,H14_eff5,1.9806560277938843,-1.3300445079803467,0.07185792922973633,1.4658842086791992,False
D4LensPINN,9,141,0,r270,H14b_eff6,1.9806560277938843,-1.3300445079803467,0.07185792922973633,1.4658842086791992,False
D4LensPINN,9,141,0,r270,H15_before_gap,1.9806560277938843,-1.3300445079803467,0.07185792922973633,1.4658842086791992,False
D4LensPINN,9,141,0,r270,H16_after_gap,1.9806560277938843,-1.3300445079803467,0.07185792922973633,1.4658842086791992,False
D4LensPINN,9,141,0,r270,H17_pre_linear,1.9806560277938843,-1.3300445079803467,0.07185792922973633,1.4658842086791992,False
D4LensPINN,9,141,0,flip_h,H00_preprocess,0.34466689825057983,0.2508974075317383,-0.2210734486579895,-0.08350026607513428,False
D4LensPINN,9,141,0,flip_h,H01_enc1,0.34466689825057983,0.2508974075317383,-0.2210734486579895,-0.08350026607513428,False
D4LensPINN,9,141,0,flip_h,H02_enc2,0.29269182682037354,0.18636083602905273,-0.2256450653076172,0.0047370195388793945,False
D4LensPINN,9,141,0,flip_h,H03_enc3,0.04678206890821457,0.006978034973144531,-0.023583590984344482,0.039795517921447754,False
D4LensPINN,9,141,0,flip_h,H04_bot,0.022097626700997353,0.017240047454833984,-0.01297837495803833,0.004758954048156738,False
D4LensPINN,9,141,0,flip_h,H08_kappa_out,0.34466689825057983,0.2508974075317383,-0.2210734486579895,-0.08350026607513428,False
D4LensPINN,9,141,0,flip_h,H09_poisson,0.06171523407101631,0.01566767692565918,-0.04900282621383667,0.0340883731842041,False
D4LensPINN,9,141,0,flip_h,H10_deflection,0.06171523407101631,0.01566767692565918,-0.04900282621383667,0.0340883731842041,False
D4LensPINN,9,141,0,flip_h,H11_inv_lens,10.074057579040527,-6.8104658126831055,-2.452609062194824,7.006347179412842,False
D4LensPINN,9,141,0,flip_h,H12_HANDOFF,1.2885271310806274,-0.8779511451721191,0.12924352288246155,0.9342377185821533,False
D4LensPINN,9,141,0,flip_h,H12b_input_proj,1.2885271310806274,-0.8779511451721191,0.12924352288246155,0.9342377185821533,False
D4LensPINN,9,141,0,flip_h,H13_eff3,1.2885271310806274,-0.8779511451721191,0.12924352288246155,0.9342377185821533,False
D4LensPINN,9,141,0,flip_h,H13b_eff4,1.2885271310806274,-0.8779511451721191,0.12924352288246155,0.9342377185821533,False
D4LensPINN,9,141,0,flip_h,H14_eff5,1.2885271310806274,-0.8779511451721191,0.12924352288246155,0.9342377185821533,False
D4LensPINN,9,141,0,flip_h,H14b_eff6,1.2885271310806274,-0.8779511451721191,0.12924352288246155,0.9342377185821533,False
D4LensPINN,9,141,0,flip_h,H15_before_gap,1.2885271310806274,-0.8779511451721191,0.12924352288246155,0.9342377185821533,False
D4LensPINN,9,141,0,flip_h,H16_after_gap,1.2885271310806274,-0.8779511451721191,0.12924352288246155,0.9342377185821533,False
D4LensPINN,9,141,0,flip_h,H17_pre_linear,1.2885271310806274,-0.8779511451721191,0.12924352288246155,0.9342377185821533,False
D4LensPINN,9,141,0,flip_h_r90,H00_preprocess,0.1868041306734085,0.11707258224487305,0.0006124377250671387,-0.14556586742401123,False
D4LensPINN,9,141,0,flip_h_r90,H01_enc1,0.1868041306734085,0.11707258224487305,0.0006124377250671387,-0.14556586742401123,False
D4LensPINN,9,141,0,flip_h_r90,H02_enc2,0.35894522070884705,0.2483539581298828,-0.04155486822128296,-0.2558029890060425,False
D4LensPINN,9,141,0,flip_h_r90,H03_enc3,0.5712792277336121,-0.37128305435180664,0.051140010356903076,0.4311537742614746,False
D4LensPINN,9,141,0,flip_h_r90,H04_bot,0.4293137490749359,-0.26433563232421875,0.015628516674041748,0.33792412281036377,False
D4LensPINN,9,141,0,flip_h_r90,H08_kappa_out,0.1868041306734085,0.11707258224487305,0.0006124377250671387,-0.14556586742401123,False
D4LensPINN,9,141,0,flip_h_r90,H09_poisson,0.12586930394172668,0.09391927719116211,-0.07288545370101929,-0.04135167598724365,False
D4LensPINN,9,141,0,flip_h_r90,H10_deflection,0.12586930394172668,0.09391927719116211,-0.07288545370101929,-0.04135167598724365,False
D4LensPINN,9,141,0,flip_h_r90,H11_inv_lens,16.767932891845703,-11.299437522888184,-5.0098876953125,11.330811500549316,False
D4LensPINN,9,141,0,flip_h_r90,H12_HANDOFF,2.9073305130004883,-2.2962465286254883,0.36793115735054016,1.7448352575302124,False
D4LensPINN,9,141,0,flip_h_r90,H12b_input_proj,2.9073305130004883,-2.2962465286254883,0.36793115735054016,1.7448352575302124,False
D4LensPINN,9,141,0,flip_h_r90,H13_eff3,2.9073305130004883,-2.2962465286254883,0.36793115735054016,1.7448352575302124,False
D4LensPINN,9,141,0,flip_h_r90,H13b_eff4,2.9073305130004883,-2.2962465286254883,0.36793115735054016,1.7448352575302124,False
D4LensPINN,9,141,0,flip_h_r90,H14_eff5,2.9073305130004883,-2.2962465286254883,0.36793115735054016,1.7448352575302124,False
D4LensPINN,9,141,0,flip_h_r90,H14b_eff6,2.9073305130004883,-2.2962465286254883,0.36793115735054016,1.7448352575302124,False
D4LensPINN,9,141,0,flip_h_r90,H15_before_gap,2.9073305130004883,-2.2962465286254883,0.36793115735054016,1.7448352575302124,False
D4LensPINN,9,141,0,flip_h_r90,H16_after_gap,2.9073305130004883,-2.2962465286254883,0.36793115735054016,1.7448352575302124,False
D4LensPINN,9,141,0,flip_h_r90,H17_pre_linear,2.9073305130004883,-2.2962465286254883,0.36793115735054016,1.7448352575302124,False
D4LensPINN,9,141,0,flip_h_r180,H00_preprocess,0.40686845779418945,-0.25884246826171875,-0.014231622219085693,0.3135920763015747,False
D4LensPINN,9,141,0,flip_h_r180,H01_enc1,0.40686845779418945,-0.25884246826171875,-0.014231622219085693,0.3135920763015747,False
D4LensPINN,9,141,0,flip_h_r180,H02_enc2,0.47860658168792725,-0.3201751708984375,0.019302725791931152,0.3552175760269165,False
D4LensPINN,9,141,0,flip_h_r180,H03_enc3,0.02798604406416416,-0.014872074127197266,0.022619545459747314,-0.007099032402038574,False
D4LensPINN,9,141,0,flip_h_r180,H04_bot,0.01646481454372406,-0.00967550277709961,0.012904465198516846,-0.003309011459350586,False
D4LensPINN,9,141,0,flip_h_r180,H08_kappa_out,0.40686845779418945,-0.25884246826171875,-0.014231622219085693,0.3135920763015747,False
D4LensPINN,9,141,0,flip_h_r180,H09_poisson,0.0045060585252940655,0.0029447078704833984,-3.4868717193603516e-05,-0.0034105777740478516,False
D4LensPINN,9,141,0,flip_h_r180,H10_deflection,0.0045060585252940655,0.0029447078704833984,-3.4868717193603516e-05,-0.0034105777740478516,False
D4LensPINN,9,141,0,flip_h_r180,H11_inv_lens,9.105822563171387,-7.464706897735596,-0.48304176330566406,5.192380905151367,False
D4LensPINN,9,141,0,flip_h_r180,H12_HANDOFF,2.222526788711548,-1.754902720451355,0.47526082396507263,1.2783071994781494,False
D4LensPINN,9,141,0,flip_h_r180,H12b_input_proj,2.222526788711548,-1.754902720451355,0.47526082396507263,1.2783071994781494,False
D4LensPINN,9,141,0,flip_h_r180,H13_eff3,2.222526788711548,-1.754902720451355,0.47526082396507263,1.2783071994781494,False
D4LensPINN,9,141,0,flip_h_r180,H13b_eff4,2.222526788711548,-1.754902720451355,0.47526082396507263,1.2783071994781494,False
D4LensPINN,9,141,0,flip_h_r180,H14_eff5,2.222526788711548,-1.754902720451355,0.47526082396507263,1.2783071994781494,False
D4LensPINN,9,141,0,flip_h_r180,H14b_eff6,2.222526788711548,-1.754902720451355,0.47526082396507263,1.2783071994781494,False
D4LensPINN,9,141,0,flip_h_r180,H15_before_gap,2.222526788711548,-1.754902720451355,0.47526082396507263,1.2783071994781494,False
D4LensPINN,9,141,0,flip_h_r180,H16_after_gap,2.222526788711548,-1.754902720451355,0.47526082396507263,1.2783071994781494,False
D4LensPINN,9,141,0,flip_h_r180,H17_pre_linear,2.222526788711548,-1.754902720451355,0.47526082396507263,1.2783071994781494,False
D4LensPINN,9,141,0,flip_h_r270,H00_preprocess,0.1578417420387268,0.047440528869628906,-0.1303381323814392,0.07533514499664307,False
D4LensPINN,9,141,0,flip_h_r270,H01_enc1,0.1578417420387268,0.047440528869628906,-0.1303381323814392,0.07533514499664307,False
D4LensPINN,9,141,0,flip_h_r270,H02_enc2,0.34575197100639343,-0.20914411544799805,-0.017331957817077637,0.2747776508331299,False
D4LensPINN,9,141,0,flip_h_r270,H03_enc3,0.8607356548309326,-0.5687031745910645,0.06814640760421753,0.6424940824508667,False
D4LensPINN,9,141,0,flip_h_r270,H04_bot,0.39234116673469543,-0.2245328426361084,-0.01333540678024292,0.3214634656906128,False
D4LensPINN,9,141,0,flip_h_r270,H08_kappa_out,0.1578417420387268,0.047440528869628906,-0.1303381323814392,0.07533514499664307,False
D4LensPINN,9,141,0,flip_h_r270,H09_poisson,0.10327580571174622,0.07774472236633301,-0.03558516502380371,-0.05792534351348877,False
D4LensPINN,9,141,0,flip_h_r270,H10_deflection,0.10327580571174622,0.07774472236633301,-0.03558516502380371,-0.05792534351348877,False
D4LensPINN,9,141,0,flip_h_r270,H11_inv_lens,44.0967903137207,-30.21758270263672,-14.817000389099121,28.493526458740234,False
D4LensPINN,9,141,0,flip_h_r270,H12_HANDOFF,7.133139133453369,-5.8043389320373535,-0.2790989279747009,4.136837482452393,False
D4LensPINN,9,141,0,flip_h_r270,H12b_input_proj,7.133139133453369,-5.8043389320373535,-0.2790989279747009,4.136837482452393,False
D4LensPINN,9,141,0,flip_h_r270,H13_eff3,7.133139133453369,-5.8043389320373535,-0.2790989279747009,4.136837482452393,False
D4LensPINN,9,141,0,flip_h_r270,H13b_eff4,7.133139133453369,-5.8043389320373535,-0.2790989279747009,4.136837482452393,False
D4LensPINN,9,141,0,flip_h_r270,H14_eff5,7.133139133453369,-5.8043389320373535,-0.2790989279747009,4.136837482452393,False
D4LensPINN,9,141,0,flip_h_r270,H14b_eff6,7.133139133453369,-5.8043389320373535,-0.2790989279747009,4.136837482452393,False
D4LensPINN,9,141,0,flip_h_r270,H15_before_gap,7.133139133453369,-5.8043389320373535,-0.2790989279747009,4.136837482452393,False
D4LensPINN,9,141,0,flip_h_r270,H16_after_gap,7.133139133453369,-5.8043389320373535,-0.2790989279747009,4.136837482452393,False
D4LensPINN,9,141,0,flip_h_r270,H17_pre_linear,7.133139133453369,-5.8043389320373535,-0.2790989279747009,4.136837482452393,False
D4LensPINN,10,155,0,e,H00_preprocess,0.0,0.0,0.0,0.0,False
D4LensPINN,10,155,0,e,H01_enc1,0.0,0.0,0.0,0.0,False
D4LensPINN,10,155,0,e,H02_enc2,0.0,0.0,0.0,0.0,False
D4LensPINN,10,155,0,e,H03_enc3,0.0,0.0,0.0,0.0,False
D4LensPINN,10,155,0,e,H04_bot,0.0,0.0,0.0,0.0,False
D4LensPINN,10,155,0,e,H08_kappa_out,0.0,0.0,0.0,0.0,False
D4LensPINN,10,155,0,e,H09_poisson,0.0,0.0,0.0,0.0,False
D4LensPINN,10,155,0,e,H10_deflection,0.0,0.0,0.0,0.0,False
D4LensPINN,10,155,0,e,H11_inv_lens,0.0,0.0,0.0,0.0,False
D4LensPINN,10,155,0,e,H12_HANDOFF,0.0,0.0,0.0,0.0,False
D4LensPINN,10,155,0,e,H12b_input_proj,0.0,0.0,0.0,0.0,False
D4LensPINN,10,155,0,e,H13_eff3,0.0,0.0,0.0,0.0,False
D4LensPINN,10,155,0,e,H13b_eff4,0.0,0.0,0.0,0.0,False
D4LensPINN,10,155,0,e,H14_eff5,0.0,0.0,0.0,0.0,False
D4LensPINN,10,155,0,e,H14b_eff6,0.0,0.0,0.0,0.0,False
D4LensPINN,10,155,0,e,H15_before_gap,0.0,0.0,0.0,0.0,False
D4LensPINN,10,155,0,e,H16_after_gap,0.0,0.0,0.0,0.0,False
D4LensPINN,10,155,0,e,H17_pre_linear,0.0,0.0,0.0,0.0,False
D4LensPINN,10,155,0,r90,H00_preprocess,0.9895864725112915,0.43871593475341797,0.252390593290329,-0.8503580093383789,False
D4LensPINN,10,155,0,r90,H01_enc1,0.9895864725112915,0.43871593475341797,0.252390593290329,-0.8503580093383789,False
D4LensPINN,10,155,0,r90,H02_enc2,1.0240577459335327,-0.0010581016540527344,0.6337882280349731,-0.8043665885925293,False
D4LensPINN,10,155,0,r90,H03_enc3,0.46920955181121826,-0.35394835472106934,0.13742470741271973,0.27566754817962646,False
D4LensPINN,10,155,0,r90,H04_bot,0.3048892319202423,-0.23067927360534668,0.0837247371673584,0.18092727661132812,False
D4LensPINN,10,155,0,r90,H08_kappa_out,0.9895864725112915,0.43871593475341797,0.252390593290329,-0.8503580093383789,False
D4LensPINN,10,155,0,r90,H09_poisson,0.19140180945396423,0.060848236083984375,0.0819043517112732,-0.16193771362304688,False
D4LensPINN,10,155,0,r90,H10_deflection,0.19140180945396423,0.060848236083984375,0.0819043517112732,-0.16193771362304688,False
D4LensPINN,10,155,0,r90,H11_inv_lens,10.34798812866211,-7.203680515289307,-2.5661537647247314,6.971564292907715,False
D4LensPINN,10,155,0,r90,H12_HANDOFF,2.2349042892456055,-1.6699119806289673,0.2954728305339813,1.4556398391723633,False
D4LensPINN,10,155,0,r90,H12b_input_proj,2.2349042892456055,-1.6699119806289673,0.2954728305339813,1.4556398391723633,False
D4LensPINN,10,155,0,r90,H13_eff3,2.2349042892456055,-1.6699119806289673,0.2954728305339813,1.4556398391723633,False
D4LensPINN,10,155,0,r90,H13b_eff4,2.2349042892456055,-1.6699119806289673,0.2954728305339813,1.4556398391723633,False
D4LensPINN,10,155,0,r90,H14_eff5,2.2349042892456055,-1.6699119806289673,0.2954728305339813,1.4556398391723633,False
D4LensPINN,10,155,0,r90,H14b_eff6,2.2349042892456055,-1.6699119806289673,0.2954728305339813,1.4556398391723633,False
D4LensPINN,10,155,0,r90,H15_before_gap,2.2349042892456055,-1.6699119806289673,0.2954728305339813,1.4556398391723633,False
D4LensPINN,10,155,0,r90,H16_after_gap,2.2349042892456055,-1.6699119806289673,0.2954728305339813,1.4556398391723633,False
D4LensPINN,10,155,0,r90,H17_pre_linear,2.2349042892456055,-1.6699119806289673,0.2954728305339813,1.4556398391723633,False
D4LensPINN,10,155,0,r180,H00_preprocess,0.3631187081336975,-0.0583493709564209,-0.2242884635925293,0.2795447111129761,False
D4LensPINN,10,155,0,r180,H01_enc1,0.3631187081336975,-0.0583493709564209,-0.2242884635925293,0.2795447111129761,False
D4LensPINN,10,155,0,r180,H02_enc2,1.0779777765274048,-0.4289896488189697,-0.4028022885322571,0.9031912088394165,False
D4LensPINN,10,155,0,r180,H03_enc3,0.26767000555992126,-0.010478496551513672,-0.1760130524635315,0.20138728618621826,False
D4LensPINN,10,155,0,r180,H04_bot,0.28970906138420105,0.0023674964904785156,-0.20557713508605957,0.2041170597076416,False
D4LensPINN,10,155,0,r180,H08_kappa_out,0.3631187081336975,-0.0583493709564209,-0.2242884635925293,0.2795447111129761,False
D4LensPINN,10,155,0,r180,H09_poisson,0.14029520750045776,-0.09198808670043945,0.02373027801513672,0.10323667526245117,False
D4LensPINN,10,155,0,r180,H10_deflection,0.14029520750045776,-0.09198808670043945,0.02373027801513672,0.10323667526245117,False
D4LensPINN,10,155,0,r180,H11_inv_lens,33.929805755615234,-22.5509033203125,-11.909436225891113,22.379764556884766,False
D4LensPINN,10,155,0,r180,H12_HANDOFF,0.33178073167800903,-0.25765061378479004,0.04596143960952759,0.2039170265197754,False
D4LensPINN,10,155,0,r180,H12b_input_proj,0.33178073167800903,-0.25765061378479004,0.04596143960952759,0.2039170265197754,False
D4LensPINN,10,155,0,r180,H13_eff3,0.33178073167800903,-0.25765061378479004,0.04596143960952759,0.2039170265197754,False
D4LensPINN,10,155,0,r180,H13b_eff4,0.33178073167800903,-0.25765061378479004,0.04596143960952759,0.2039170265197754,False
D4LensPINN,10,155,0,r180,H14_eff5,0.33178073167800903,-0.25765061378479004,0.04596143960952759,0.2039170265197754,False
D4LensPINN,10,155,0,r180,H14b_eff6,0.33178073167800903,-0.25765061378479004,0.04596143960952759,0.2039170265197754,False
D4LensPINN,10,155,0,r180,H15_before_gap,0.33178073167800903,-0.25765061378479004,0.04596143960952759,0.2039170265197754,False
D4LensPINN,10,155,0,r180,H16_after_gap,0.33178073167800903,-0.25765061378479004,0.04596143960952759,0.2039170265197754,False
D4LensPINN,10,155,0,r180,H17_pre_linear,0.33178073167800903,-0.25765061378479004,0.04596143960952759,0.2039170265197754,False
D4LensPINN,10,155,0,r270,H00_preprocess,0.5398973822593689,-0.4313368797302246,0.3218953609466553,-0.04267382621765137,False
D4LensPINN,10,155,0,r270,H01_enc1,0.5398973822593689,-0.4313368797302246,0.3218953609466553,-0.04267382621765137,False
D4LensPINN,10,155,0,r270,H02_enc2,0.17954431474208832,-0.001491546630859375,-0.14349180459976196,0.10790753364562988,False
D4LensPINN,10,155,0,r270,H03_enc3,0.2700839042663574,0.19149208068847656,-0.07928842306137085,-0.17317461967468262,False
D4LensPINN,10,155,0,r270,H04_bot,0.27868369221687317,0.19782638549804688,-0.08754980564117432,-0.17568254470825195,False
D4LensPINN,10,155,0,r270,H08_kappa_out,0.5398973822593689,-0.4313368797302246,0.3218953609466553,-0.04267382621765137,False
D4LensPINN,10,155,0,r270,H09_poisson,0.1955195814371109,-0.12636685371398926,0.14915353059768677,0.003542661666870117,False
D4LensPINN,10,155,0,r270,H10_deflection,0.1955195814371109,-0.12636685371398926,0.14915353059768677,0.003542661666870117,False
D4LensPINN,10,155,0,r270,H11_inv_lens,11.046759605407715,-7.882610321044922,-2.3077142238616943,7.387138366699219,False
D4LensPINN,10,155,0,r270,H12_HANDOFF,4.481230735778809,-3.9018311500549316,0.7878333926200867,2.0582666397094727,False
D4LensPINN,10,155,0,r270,H12b_input_proj,4.481230735778809,-3.9018311500549316,0.7878333926200867,2.0582666397094727,False
D4LensPINN,10,155,0,r270,H13_eff3,4.481230735778809,-3.9018311500549316,0.7878333926200867,2.0582666397094727,False
D4LensPINN,10,155,0,r270,H13b_eff4,4.481230735778809,-3.9018311500549316,0.7878333926200867,2.0582666397094727,False
D4LensPINN,10,155,0,r270,H14_eff5,4.481230735778809,-3.9018311500549316,0.7878333926200867,2.0582666397094727,False
D4LensPINN,10,155,0,r270,H14b_eff6,4.481230735778809,-3.9018311500549316,0.7878333926200867,2.0582666397094727,False
D4LensPINN,10,155,0,r270,H15_before_gap,4.481230735778809,-3.9018311500549316,0.7878333926200867,2.0582666397094727,False
D4LensPINN,10,155,0,r270,H16_after_gap,4.481230735778809,-3.9018311500549316,0.7878333926200867,2.0582666397094727,False
D4LensPINN,10,155,0,r270,H17_pre_linear,4.481230735778809,-3.9018311500549316,0.7878333926200867,2.0582666397094727,False
D4LensPINN,10,155,0,flip_h,H00_preprocess,0.896340012550354,0.6294102668762207,-0.20659011602401733,-0.6038117408752441,False
D4LensPINN,10,155,0,flip_h,H01_enc1,0.896340012550354,0.6294102668762207,-0.20659011602401733,-0.6038117408752441,False
D4LensPINN,10,155,0,flip_h,H02_enc2,0.7617170810699463,0.5457205772399902,-0.22220784425735474,-0.4827272891998291,False
D4LensPINN,10,155,0,flip_h,H03_enc3,0.48311495780944824,-0.334552526473999,0.05593675374984741,0.34401416778564453,False
D4LensPINN,10,155,0,flip_h,H04_bot,0.27070340514183044,-0.18782806396484375,0.03296506404876709,0.19213080406188965,False
D4LensPINN,10,155,0,flip_h,H08_kappa_out,0.896340012550354,0.6294102668762207,-0.20659011602401733,-0.6038117408752441,False
D4LensPINN,10,155,0,flip_h,H09_poisson,0.21611545979976654,-0.07885599136352539,-0.07557934522628784,0.18648159503936768,False
D4LensPINN,10,155,0,flip_h,H10_deflection,0.21611545979976654,-0.07885599136352539,-0.07557934522628784,0.18648159503936768,False
D4LensPINN,10,155,0,flip_h,H11_inv_lens,10.346753120422363,-7.381811141967773,-2.0110538005828857,6.9656171798706055,False
D4LensPINN,10,155,0,flip_h,H12_HANDOFF,0.021055443212389946,-0.018666982650756836,0.002433180809020996,-0.009431600570678711,False
D4LensPINN,10,155,0,flip_h,H12b_input_proj,0.021055443212389946,-0.018666982650756836,0.002433180809020996,-0.009431600570678711,False
D4LensPINN,10,155,0,flip_h,H13_eff3,0.021055443212389946,-0.018666982650756836,0.002433180809020996,-0.009431600570678711,False
D4LensPINN,10,155,0,flip_h,H13b_eff4,0.021055443212389946,-0.018666982650756836,0.002433180809020996,-0.009431600570678711,False
D4LensPINN,10,155,0,flip_h,H14_eff5,0.021055443212389946,-0.018666982650756836,0.002433180809020996,-0.009431600570678711,False
D4LensPINN,10,155,0,flip_h,H14b_eff6,0.021055443212389946,-0.018666982650756836,0.002433180809020996,-0.009431600570678711,False
D4LensPINN,10,155,0,flip_h,H15_before_gap,0.021055443212389946,-0.018666982650756836,0.002433180809020996,-0.009431600570678711,False
D4LensPINN,10,155,0,flip_h,H16_after_gap,0.021055443212389946,-0.018666982650756836,0.002433180809020996,-0.009431600570678711,False
D4LensPINN,10,155,0,flip_h,H17_pre_linear,0.021055443212389946,-0.018666982650756836,0.002433180809020996,-0.009431600570678711,False
D4LensPINN,10,155,0,flip_h_r90,H00_preprocess,0.633604109287262,0.34564852714538574,0.0663498044013977,-0.5268576145172119,False
D4LensPINN,10,155,0,flip_h_r90,H01_enc1,0.633604109287262,0.34564852714538574,0.0663498044013977,-0.5268576145172119,False
D4LensPINN,10,155,0,flip_h_r90,H02_enc2,0.7987873554229736,0.541691780090332,-0.1359289288520813,-0.5710995197296143,False
D4LensPINN,10,155,0,flip_h_r90,H03_enc3,0.13869315385818481,-0.09904289245605469,0.010073244571685791,0.0965651273727417,False
D4LensPINN,10,155,0,flip_h_r90,H04_bot,0.2752757966518402,-0.19129443168640137,0.026076197624206543,0.1962224245071411,False
D4LensPINN,10,155,0,flip_h_r90,H08_kappa_out,0.633604109287262,0.34564852714538574,0.0663498044013977,-0.5268576145172119,False
D4LensPINN,10,155,0,flip_h_r90,H09_poisson,0.14212583005428314,-0.09487104415893555,0.10562247037887573,0.006567478179931641,False
D4LensPINN,10,155,0,flip_h_r90,H10_deflection,0.14212583005428314,-0.09487104415893555,0.10562247037887573,0.006567478179931641,False
D4LensPINN,10,155,0,flip_h_r90,H11_inv_lens,6.583149433135986,-4.374519348144531,-1.4093985557556152,4.713282585144043,False
D4LensPINN,10,155,0,flip_h_r90,H12_HANDOFF,4.24105978012085,-3.5570363998413086,0.6387368440628052,2.2194809913635254,False
D4LensPINN,10,155,0,flip_h_r90,H12b_input_proj,4.24105978012085,-3.5570363998413086,0.6387368440628052,2.2194809913635254,False
D4LensPINN,10,155,0,flip_h_r90,H13_eff3,4.24105978012085,-3.5570363998413086,0.6387368440628052,2.2194809913635254,False
D4LensPINN,10,155,0,flip_h_r90,H13b_eff4,4.24105978012085,-3.5570363998413086,0.6387368440628052,2.2194809913635254,False
D4LensPINN,10,155,0,flip_h_r90,H14_eff5,4.24105978012085,-3.5570363998413086,0.6387368440628052,2.2194809913635254,False
D4LensPINN,10,155,0,flip_h_r90,H14b_eff6,4.24105978012085,-3.5570363998413086,0.6387368440628052,2.2194809913635254,False
D4LensPINN,10,155,0,flip_h_r90,H15_before_gap,4.24105978012085,-3.5570363998413086,0.6387368440628052,2.2194809913635254,False
D4LensPINN,10,155,0,flip_h_r90,H16_after_gap,4.24105978012085,-3.5570363998413086,0.6387368440628052,2.2194809913635254,False
D4LensPINN,10,155,0,flip_h_r90,H17_pre_linear,4.24105978012085,-3.5570363998413086,0.6387368440628052,2.2194809913635254,False
D4LensPINN,10,155,0,flip_h_r180,H00_preprocess,1.958937406539917,-1.7125694751739502,0.7208478450775146,0.6204191446304321,False
D4LensPINN,10,155,0,flip_h_r180,H01_enc1,1.958937406539917,-1.7125694751739502,0.7208478450775146,0.6204191446304321,False
D4LensPINN,10,155,0,flip_h_r180,H02_enc2,2.7149546146392822,-2.3071541786193848,0.4222371578216553,1.3673820495605469,False
D4LensPINN,10,155,0,flip_h_r180,H03_enc3,0.7773393392562866,-0.5115842819213867,0.034288644790649414,0.5842621326446533,False
D4LensPINN,10,155,0,flip_h_r180,H04_bot,0.7671313881874084,-0.47479772567749023,-0.022931039333343506,0.6021062135696411,False
D4LensPINN,10,155,0,flip_h_r180,H08_kappa_out,1.958937406539917,-1.7125694751739502,0.7208478450775146,0.6204191446304321,False
D4LensPINN,10,155,0,flip_h_r180,H09_poisson,0.10638555884361267,-0.03986072540283203,0.09061098098754883,-0.038969993591308594,False
D4LensPINN,10,155,0,flip_h_r180,H10_deflection,0.10638555884361267,-0.03986072540283203,0.09061098098754883,-0.038969993591308594,False
D4LensPINN,10,155,0,flip_h_r180,H11_inv_lens,26.998493194580078,-17.966524124145508,-9.287765502929688,17.884632110595703,False
D4LensPINN,10,155,0,flip_h_r180,H12_HANDOFF,0.6348238587379456,-0.5082354545593262,0.36540138721466064,0.1057349443435669,False
D4LensPINN,10,155,0,flip_h_r180,H12b_input_proj,0.6348238587379456,-0.5082354545593262,0.36540138721466064,0.1057349443435669,False
D4LensPINN,10,155,0,flip_h_r180,H13_eff3,0.6348238587379456,-0.5082354545593262,0.36540138721466064,0.1057349443435669,False
D4LensPINN,10,155,0,flip_h_r180,H13b_eff4,0.6348238587379456,-0.5082354545593262,0.36540138721466064,0.1057349443435669,False
D4LensPINN,10,155,0,flip_h_r180,H14_eff5,0.6348238587379456,-0.5082354545593262,0.36540138721466064,0.1057349443435669,False
D4LensPINN,10,155,0,flip_h_r180,H14b_eff6,0.6348238587379456,-0.5082354545593262,0.36540138721466064,0.1057349443435669,False
D4LensPINN,10,155,0,flip_h_r180,H15_before_gap,0.6348238587379456,-0.5082354545593262,0.36540138721466064,0.1057349443435669,False
D4LensPINN,10,155,0,flip_h_r180,H16_after_gap,0.6348238587379456,-0.5082354545593262,0.36540138721466064,0.1057349443435669,False
D4LensPINN,10,155,0,flip_h_r180,H17_pre_linear,0.6348238587379456,-0.5082354545593262,0.36540138721466064,0.1057349443435669,False
D4LensPINN,10,155,0,flip_h_r270,H00_preprocess,3.91865611076355,-2.8737316131591797,-0.4777551293373108,2.62093186378479,False
D4LensPINN,10,155,0,flip_h_r270,H01_enc1,3.91865611076355,-2.8737316131591797,-0.4777551293373108,2.62093186378479,False
D4LensPINN,10,155,0,flip_h_r270,H02_enc2,0.8428754210472107,0.30773162841796875,-0.7109289765357971,0.3321448564529419,False
D4LensPINN,10,155,0,flip_h_r270,H03_enc3,0.7068182229995728,0.5170159339904785,-0.2172609567642212,-0.43021416664123535,False
D4LensPINN,10,155,0,flip_h_r270,H04_bot,0.8133420348167419,0.5853590965270996,-0.22030067443847656,-0.5199496746063232,False
D4LensPINN,10,155,0,flip_h_r270,H08_kappa_out,3.91865611076355,-2.8737316131591797,-0.4777551293373108,2.62093186378479,False
D4LensPINN,10,155,0,flip_h_r270,H09_poisson,0.2152262181043625,-0.15112924575805664,0.14754939079284668,0.04136967658996582,False
D4LensPINN,10,155,0,flip_h_r270,H10_deflection,0.2152262181043625,-0.15112924575805664,0.14754939079284668,0.04136967658996582,False
D4LensPINN,10,155,0,flip_h_r270,H11_inv_lens,22.066675186157227,-15.847497940063477,-6.246273040771484,14.027795791625977,False
D4LensPINN,10,155,0,flip_h_r270,H12_HANDOFF,3.972907543182373,-3.012383460998535,-0.007253468036651611,2.5902676582336426,False
D4LensPINN,10,155,0,flip_h_r270,H12b_input_proj,3.972907543182373,-3.012383460998535,-0.007253468036651611,2.5902676582336426,False
D4LensPINN,10,155,0,flip_h_r270,H13_eff3,3.972907543182373,-3.012383460998535,-0.007253468036651611,2.5902676582336426,False
D4LensPINN,10,155,0,flip_h_r270,H13b_eff4,3.972907543182373,-3.012383460998535,-0.007253468036651611,2.5902676582336426,False
D4LensPINN,10,155,0,flip_h_r270,H14_eff5,3.972907543182373,-3.012383460998535,-0.007253468036651611,2.5902676582336426,False
D4LensPINN,10,155,0,flip_h_r270,H14b_eff6,3.972907543182373,-3.012383460998535,-0.007253468036651611,2.5902676582336426,False
D4LensPINN,10,155,0,flip_h_r270,H15_before_gap,3.972907543182373,-3.012383460998535,-0.007253468036651611,2.5902676582336426,False
D4LensPINN,10,155,0,flip_h_r270,H16_after_gap,3.972907543182373,-3.012383460998535,-0.007253468036651611,2.5902676582336426,False
D4LensPINN,10,155,0,flip_h_r270,H17_pre_linear,3.972907543182373,-3.012383460998535,-0.007253468036651611,2.5902676582336426,False
